lon,lat
22.89771,40.565943
22.900087045454544,40.565943
22.902464090909092,40.565943
22.904841136363636,40.565943
22.90721818181818,40.565943
22.909595227272728,40.565943
22.911972272727272,40.565943
22.914349318181817,40.565943
22.916726363636364,40.565943
22.91910340909091,40.565943
22.921480454545453,40.565943
22.9238575,40.565943
22.926234545454545,40.565943
22.92861159090909,40.565943
22.930988636363637,40.565943
22.93336568181818,40.565943
22.935742727272725,40.565943
22.938119772727273,40.565943
22.940496818181817,40.565943
22.94287386363636,40.565943
22.94525090909091,40.565943
22.947627954545453,40.565943
22.950004999999997,40.565943
22.952382045454545,40.565943
22.95475909090909,40.565943
22.957136136363637,40.565943
22.95951318181818,40.565943
22.961890227272725,40.565943
22.964267272727273,40.565943
22.966644318181817,40.565943
22.96902136363636,40.565943
22.97139840909091,40.565943
22.973775454545454,40.565943
22.976152499999998,40.565943
22.978529545454546,40.565943
22.98090659090909,40.565943
22.983283636363634,40.565943
22.98566068181818,40.565943
22.988037727272726,40.565943
22.99041477272727,40.565943
22.992791818181818,40.565943
22.995168863636362,40.565943
22.997545909090906,40.565943
22.999922954545454,40.565943
23.002299999999998,40.565943
22.89771,40.568173068181814
22.900087045454544,40.568173068181814
22.902464090909092,40.568173068181814
22.904841136363636,40.568173068181814
22.90721818181818,40.568173068181814
22.909595227272728,40.568173068181814
22.911972272727272,40.568173068181814
22.914349318181817,40.568173068181814
22.916726363636364,40.568173068181814
22.91910340909091,40.568173068181814
22.921480454545453,40.568173068181814
22.9238575,40.568173068181814
22.926234545454545,40.568173068181814
22.92861159090909,40.568173068181814
22.930988636363637,40.568173068181814
22.93336568181818,40.568173068181814
22.935742727272725,40.568173068181814
22.938119772727273,40.568173068181814
22.940496818181817,40.568173068181814
22.94287386363636,40.568173068181814
22.94525090909091,40.568173068181814
22.947627954545453,40.568173068181814
22.950004999999997,40.568173068181814
22.952382045454545,40.568173068181814
22.95475909090909,40.568173068181814
22.957136136363637,40.568173068181814
22.95951318181818,40.568173068181814
22.961890227272725,40.568173068181814
22.964267272727273,40.568173068181814
22.966644318181817,40.568173068181814
22.96902136363636,40.568173068181814
22.97139840909091,40.568173068181814
22.973775454545454,40.568173068181814
22.976152499999998,40.568173068181814
22.978529545454546,40.568173068181814
22.98090659090909,40.568173068181814
22.983283636363634,40.568173068181814
22.98566068181818,40.568173068181814
22.988037727272726,40.568173068181814
22.99041477272727,40.568173068181814
22.992791818181818,40.568173068181814
22.995168863636362,40.568173068181814
22.997545909090906,40.568173068181814
22.999922954545454,40.568173068181814
23.002299999999998,40.568173068181814
22.89771,40.57040313636363
22.900087045454544,40.57040313636363
22.902464090909092,40.57040313636363
22.904841136363636,40.57040313636363
22.90721818181818,40.57040313636363
22.909595227272728,40.57040313636363
22.911972272727272,40.57040313636363
22.914349318181817,40.57040313636363
22.916726363636364,40.57040313636363
22.91910340909091,40.57040313636363
22.921480454545453,40.57040313636363
22.9238575,40.57040313636363
22.926234545454545,40.57040313636363
22.92861159090909,40.57040313636363
22.930988636363637,40.57040313636363
22.93336568181818,40.57040313636363
22.935742727272725,40.57040313636363
22.938119772727273,40.57040313636363
22.940496818181817,40.57040313636363
22.94287386363636,40.57040313636363
22.94525090909091,40.57040313636363
22.947627954545453,40.57040313636363
22.950004999999997,40.57040313636363
22.952382045454545,40.57040313636363
22.95475909090909,40.57040313636363
22.957136136363637,40.57040313636363
22.95951318181818,40.57040313636363
22.961890227272725,40.57040313636363
22.964267272727273,40.57040313636363
22.966644318181817,40.57040313636363
22.96902136363636,40.57040313636363
22.97139840909091,40.57040313636363
22.973775454545454,40.57040313636363
22.976152499999998,40.57040313636363
22.978529545454546,40.57040313636363
22.98090659090909,40.57040313636363
22.983283636363634,40.57040313636363
22.98566068181818,40.57040313636363
22.988037727272726,40.57040313636363
22.99041477272727,40.57040313636363
22.992791818181818,40.57040313636363
22.995168863636362,40.57040313636363
22.997545909090906,40.57040313636363
22.999922954545454,40.57040313636363
23.002299999999998,40.57040313636363
22.89771,40.572633204545454
22.900087045454544,40.572633204545454
22.902464090909092,40.572633204545454
22.904841136363636,40.572633204545454
22.90721818181818,40.572633204545454
22.909595227272728,40.572633204545454
22.911972272727272,40.572633204545454
22.914349318181817,40.572633204545454
22.916726363636364,40.572633204545454
22.91910340909091,40.572633204545454
22.921480454545453,40.572633204545454
22.9238575,40.572633204545454
22.926234545454545,40.572633204545454
22.92861159090909,40.572633204545454
22.930988636363637,40.572633204545454
22.93336568181818,40.572633204545454
22.935742727272725,40.572633204545454
22.938119772727273,40.572633204545454
22.940496818181817,40.572633204545454
22.94287386363636,40.572633204545454
22.94525090909091,40.572633204545454
22.947627954545453,40.572633204545454
22.950004999999997,40.572633204545454
22.952382045454545,40.572633204545454
22.95475909090909,40.572633204545454
22.957136136363637,40.572633204545454
22.95951318181818,40.572633204545454
22.961890227272725,40.572633204545454
22.964267272727273,40.572633204545454
22.966644318181817,40.572633204545454
22.96902136363636,40.572633204545454
22.97139840909091,40.572633204545454
22.973775454545454,40.572633204545454
22.976152499999998,40.572633204545454
22.978529545454546,40.572633204545454
22.98090659090909,40.572633204545454
22.983283636363634,40.572633204545454
22.98566068181818,40.572633204545454
22.988037727272726,40.572633204545454
22.99041477272727,40.572633204545454
22.992791818181818,40.572633204545454
22.995168863636362,40.572633204545454
22.997545909090906,40.572633204545454
22.999922954545454,40.572633204545454
23.002299999999998,40.572633204545454
22.89771,40.57486327272727
22.900087045454544,40.57486327272727
22.902464090909092,40.57486327272727
22.904841136363636,40.57486327272727
22.90721818181818,40.57486327272727
22.909595227272728,40.57486327272727
22.911972272727272,40.57486327272727
22.914349318181817,40.57486327272727
22.916726363636364,40.57486327272727
22.91910340909091,40.57486327272727
22.921480454545453,40.57486327272727
22.9238575,40.57486327272727
22.926234545454545,40.57486327272727
22.92861159090909,40.57486327272727
22.930988636363637,40.57486327272727
22.93336568181818,40.57486327272727
22.935742727272725,40.57486327272727
22.938119772727273,40.57486327272727
22.940496818181817,40.57486327272727
22.94287386363636,40.57486327272727
22.94525090909091,40.57486327272727
22.947627954545453,40.57486327272727
22.950004999999997,40.57486327272727
22.952382045454545,40.57486327272727
22.95475909090909,40.57486327272727
22.957136136363637,40.57486327272727
22.95951318181818,40.57486327272727
22.961890227272725,40.57486327272727
22.964267272727273,40.57486327272727
22.966644318181817,40.57486327272727
22.96902136363636,40.57486327272727
22.97139840909091,40.57486327272727
22.973775454545454,40.57486327272727
22.976152499999998,40.57486327272727
22.978529545454546,40.57486327272727
22.98090659090909,40.57486327272727
22.983283636363634,40.57486327272727
22.98566068181818,40.57486327272727
22.988037727272726,40.57486327272727
22.99041477272727,40.57486327272727
22.992791818181818,40.57486327272727
22.995168863636362,40.57486327272727
22.997545909090906,40.57486327272727
22.999922954545454,40.57486327272727
23.002299999999998,40.57486327272727
22.89771,40.57709334090909
22.900087045454544,40.57709334090909
22.902464090909092,40.57709334090909
22.904841136363636,40.57709334090909
22.90721818181818,40.57709334090909
22.909595227272728,40.57709334090909
22.911972272727272,40.57709334090909
22.914349318181817,40.57709334090909
22.916726363636364,40.57709334090909
22.91910340909091,40.57709334090909
22.921480454545453,40.57709334090909
22.9238575,40.57709334090909
22.926234545454545,40.57709334090909
22.92861159090909,40.57709334090909
22.930988636363637,40.57709334090909
22.93336568181818,40.57709334090909
22.935742727272725,40.57709334090909
22.938119772727273,40.57709334090909
22.940496818181817,40.57709334090909
22.94287386363636,40.57709334090909
22.94525090909091,40.57709334090909
22.947627954545453,40.57709334090909
22.950004999999997,40.57709334090909
22.952382045454545,40.57709334090909
22.95475909090909,40.57709334090909
22.957136136363637,40.57709334090909
22.95951318181818,40.57709334090909
22.961890227272725,40.57709334090909
22.964267272727273,40.57709334090909
22.966644318181817,40.57709334090909
22.96902136363636,40.57709334090909
22.97139840909091,40.57709334090909
22.973775454545454,40.57709334090909
22.976152499999998,40.57709334090909
22.978529545454546,40.57709334090909
22.98090659090909,40.57709334090909
22.983283636363634,40.57709334090909
22.98566068181818,40.57709334090909
22.988037727272726,40.57709334090909
22.99041477272727,40.57709334090909
22.992791818181818,40.57709334090909
22.995168863636362,40.57709334090909
22.997545909090906,40.57709334090909
22.999922954545454,40.57709334090909
23.002299999999998,40.57709334090909
22.89771,40.579323409090904
22.900087045454544,40.579323409090904
22.902464090909092,40.579323409090904
22.904841136363636,40.579323409090904
22.90721818181818,40.579323409090904
22.909595227272728,40.579323409090904
22.911972272727272,40.579323409090904
22.914349318181817,40.579323409090904
22.916726363636364,40.579323409090904
22.91910340909091,40.579323409090904
22.921480454545453,40.579323409090904
22.9238575,40.579323409090904
22.926234545454545,40.579323409090904
22.92861159090909,40.579323409090904
22.930988636363637,40.579323409090904
22.93336568181818,40.579323409090904
22.935742727272725,40.579323409090904
22.938119772727273,40.579323409090904
22.940496818181817,40.579323409090904
22.94287386363636,40.579323409090904
22.94525090909091,40.579323409090904
22.947627954545453,40.579323409090904
22.950004999999997,40.579323409090904
22.952382045454545,40.579323409090904
22.95475909090909,40.579323409090904
22.957136136363637,40.579323409090904
22.95951318181818,40.579323409090904
22.961890227272725,40.579323409090904
22.964267272727273,40.579323409090904
22.966644318181817,40.579323409090904
22.96902136363636,40.579323409090904
22.97139840909091,40.579323409090904
22.973775454545454,40.579323409090904
22.976152499999998,40.579323409090904
22.978529545454546,40.579323409090904
22.98090659090909,40.579323409090904
22.983283636363634,40.579323409090904
22.98566068181818,40.579323409090904
22.988037727272726,40.579323409090904
22.99041477272727,40.579323409090904
22.992791818181818,40.579323409090904
22.995168863636362,40.579323409090904
22.997545909090906,40.579323409090904
22.999922954545454,40.579323409090904
23.002299999999998,40.579323409090904
22.89771,40.58155347727273
22.900087045454544,40.58155347727273
22.902464090909092,40.58155347727273
22.904841136363636,40.58155347727273
22.90721818181818,40.58155347727273
22.909595227272728,40.58155347727273
22.911972272727272,40.58155347727273
22.914349318181817,40.58155347727273
22.916726363636364,40.58155347727273
22.91910340909091,40.58155347727273
22.921480454545453,40.58155347727273
22.9238575,40.58155347727273
22.926234545454545,40.58155347727273
22.92861159090909,40.58155347727273
22.930988636363637,40.58155347727273
22.93336568181818,40.58155347727273
22.935742727272725,40.58155347727273
22.938119772727273,40.58155347727273
22.940496818181817,40.58155347727273
22.94287386363636,40.58155347727273
22.94525090909091,40.58155347727273
22.947627954545453,40.58155347727273
22.950004999999997,40.58155347727273
22.952382045454545,40.58155347727273
22.95475909090909,40.58155347727273
22.957136136363637,40.58155347727273
22.95951318181818,40.58155347727273
22.961890227272725,40.58155347727273
22.964267272727273,40.58155347727273
22.966644318181817,40.58155347727273
22.96902136363636,40.58155347727273
22.97139840909091,40.58155347727273
22.973775454545454,40.58155347727273
22.976152499999998,40.58155347727273
22.978529545454546,40.58155347727273
22.98090659090909,40.58155347727273
22.983283636363634,40.58155347727273
22.98566068181818,40.58155347727273
22.988037727272726,40.58155347727273
22.99041477272727,40.58155347727273
22.992791818181818,40.58155347727273
22.995168863636362,40.58155347727273
22.997545909090906,40.58155347727273
22.999922954545454,40.58155347727273
23.002299999999998,40.58155347727273
22.89771,40.583783545454544
22.900087045454544,40.583783545454544
22.902464090909092,40.583783545454544
22.904841136363636,40.583783545454544
22.90721818181818,40.583783545454544
22.909595227272728,40.583783545454544
22.911972272727272,40.583783545454544
22.914349318181817,40.583783545454544
22.916726363636364,40.583783545454544
22.91910340909091,40.583783545454544
22.921480454545453,40.583783545454544
22.9238575,40.583783545454544
22.926234545454545,40.583783545454544
22.92861159090909,40.583783545454544
22.930988636363637,40.583783545454544
22.93336568181818,40.583783545454544
22.935742727272725,40.583783545454544
22.938119772727273,40.583783545454544
22.940496818181817,40.583783545454544
22.94287386363636,40.583783545454544
22.94525090909091,40.583783545454544
22.947627954545453,40.583783545454544
22.950004999999997,40.583783545454544
22.952382045454545,40.583783545454544
22.95475909090909,40.583783545454544
22.957136136363637,40.583783545454544
22.95951318181818,40.583783545454544
22.961890227272725,40.583783545454544
22.964267272727273,40.583783545454544
22.966644318181817,40.583783545454544
22.96902136363636,40.583783545454544
22.97139840909091,40.583783545454544
22.973775454545454,40.583783545454544
22.976152499999998,40.583783545454544
22.978529545454546,40.583783545454544
22.98090659090909,40.583783545454544
22.983283636363634,40.583783545454544
22.98566068181818,40.583783545454544
22.988037727272726,40.583783545454544
22.99041477272727,40.583783545454544
22.992791818181818,40.583783545454544
22.995168863636362,40.583783545454544
22.997545909090906,40.583783545454544
22.999922954545454,40.583783545454544
23.002299999999998,40.583783545454544
22.89771,40.58601361363636
22.900087045454544,40.58601361363636
22.902464090909092,40.58601361363636
22.904841136363636,40.58601361363636
22.90721818181818,40.58601361363636
22.909595227272728,40.58601361363636
22.911972272727272,40.58601361363636
22.914349318181817,40.58601361363636
22.916726363636364,40.58601361363636
22.91910340909091,40.58601361363636
22.921480454545453,40.58601361363636
22.9238575,40.58601361363636
22.926234545454545,40.58601361363636
22.92861159090909,40.58601361363636
22.930988636363637,40.58601361363636
22.93336568181818,40.58601361363636
22.935742727272725,40.58601361363636
22.938119772727273,40.58601361363636
22.940496818181817,40.58601361363636
22.94287386363636,40.58601361363636
22.94525090909091,40.58601361363636
22.947627954545453,40.58601361363636
22.950004999999997,40.58601361363636
22.952382045454545,40.58601361363636
22.95475909090909,40.58601361363636
22.957136136363637,40.58601361363636
22.95951318181818,40.58601361363636
22.961890227272725,40.58601361363636
22.964267272727273,40.58601361363636
22.966644318181817,40.58601361363636
22.96902136363636,40.58601361363636
22.97139840909091,40.58601361363636
22.973775454545454,40.58601361363636
22.976152499999998,40.58601361363636
22.978529545454546,40.58601361363636
22.98090659090909,40.58601361363636
22.983283636363634,40.58601361363636
22.98566068181818,40.58601361363636
22.988037727272726,40.58601361363636
22.99041477272727,40.58601361363636
22.992791818181818,40.58601361363636
22.995168863636362,40.58601361363636
22.997545909090906,40.58601361363636
22.999922954545454,40.58601361363636
23.002299999999998,40.58601361363636
22.89771,40.58824368181818
22.900087045454544,40.58824368181818
22.902464090909092,40.58824368181818
22.904841136363636,40.58824368181818
22.90721818181818,40.58824368181818
22.909595227272728,40.58824368181818
22.911972272727272,40.58824368181818
22.914349318181817,40.58824368181818
22.916726363636364,40.58824368181818
22.91910340909091,40.58824368181818
22.921480454545453,40.58824368181818
22.9238575,40.58824368181818
22.926234545454545,40.58824368181818
22.92861159090909,40.58824368181818
22.930988636363637,40.58824368181818
22.93336568181818,40.58824368181818
22.935742727272725,40.58824368181818
22.938119772727273,40.58824368181818
22.940496818181817,40.58824368181818
22.94287386363636,40.58824368181818
22.94525090909091,40.58824368181818
22.947627954545453,40.58824368181818
22.950004999999997,40.58824368181818
22.952382045454545,40.58824368181818
22.95475909090909,40.58824368181818
22.957136136363637,40.58824368181818
22.95951318181818,40.58824368181818
22.961890227272725,40.58824368181818
22.964267272727273,40.58824368181818
22.966644318181817,40.58824368181818
22.96902136363636,40.58824368181818
22.97139840909091,40.58824368181818
22.973775454545454,40.58824368181818
22.976152499999998,40.58824368181818
22.978529545454546,40.58824368181818
22.98090659090909,40.58824368181818
22.983283636363634,40.58824368181818
22.98566068181818,40.58824368181818
22.988037727272726,40.58824368181818
22.99041477272727,40.58824368181818
22.992791818181818,40.58824368181818
22.995168863636362,40.58824368181818
22.997545909090906,40.58824368181818
22.999922954545454,40.58824368181818
23.002299999999998,40.58824368181818
22.89771,40.59047375
22.900087045454544,40.59047375
22.902464090909092,40.59047375
22.904841136363636,40.59047375
22.90721818181818,40.59047375
22.909595227272728,40.59047375
22.911972272727272,40.59047375
22.914349318181817,40.59047375
22.916726363636364,40.59047375
22.91910340909091,40.59047375
22.921480454545453,40.59047375
22.9238575,40.59047375
22.926234545454545,40.59047375
22.92861159090909,40.59047375
22.930988636363637,40.59047375
22.93336568181818,40.59047375
22.935742727272725,40.59047375
22.938119772727273,40.59047375
22.940496818181817,40.59047375
22.94287386363636,40.59047375
22.94525090909091,40.59047375
22.947627954545453,40.59047375
22.950004999999997,40.59047375
22.952382045454545,40.59047375
22.95475909090909,40.59047375
22.957136136363637,40.59047375
22.95951318181818,40.59047375
22.961890227272725,40.59047375
22.964267272727273,40.59047375
22.966644318181817,40.59047375
22.96902136363636,40.59047375
22.97139840909091,40.59047375
22.973775454545454,40.59047375
22.976152499999998,40.59047375
22.978529545454546,40.59047375
22.98090659090909,40.59047375
22.983283636363634,40.59047375
22.98566068181818,40.59047375
22.988037727272726,40.59047375
22.99041477272727,40.59047375
22.992791818181818,40.59047375
22.995168863636362,40.59047375
22.997545909090906,40.59047375
22.999922954545454,40.59047375
23.002299999999998,40.59047375
22.89771,40.59270381818182
22.900087045454544,40.59270381818182
22.902464090909092,40.59270381818182
22.904841136363636,40.59270381818182
22.90721818181818,40.59270381818182
22.909595227272728,40.59270381818182
22.911972272727272,40.59270381818182
22.914349318181817,40.59270381818182
22.916726363636364,40.59270381818182
22.91910340909091,40.59270381818182
22.921480454545453,40.59270381818182
22.9238575,40.59270381818182
22.926234545454545,40.59270381818182
22.92861159090909,40.59270381818182
22.930988636363637,40.59270381818182
22.93336568181818,40.59270381818182
22.935742727272725,40.59270381818182
22.938119772727273,40.59270381818182
22.940496818181817,40.59270381818182
22.94287386363636,40.59270381818182
22.94525090909091,40.59270381818182
22.947627954545453,40.59270381818182
22.950004999999997,40.59270381818182
22.952382045454545,40.59270381818182
22.95475909090909,40.59270381818182
22.957136136363637,40.59270381818182
22.95951318181818,40.59270381818182
22.961890227272725,40.59270381818182
22.964267272727273,40.59270381818182
22.966644318181817,40.59270381818182
22.96902136363636,40.59270381818182
22.97139840909091,40.59270381818182
22.973775454545454,40.59270381818182
22.976152499999998,40.59270381818182
22.978529545454546,40.59270381818182
22.98090659090909,40.59270381818182
22.983283636363634,40.59270381818182
22.98566068181818,40.59270381818182
22.988037727272726,40.59270381818182
22.99041477272727,40.59270381818182
22.992791818181818,40.59270381818182
22.995168863636362,40.59270381818182
22.997545909090906,40.59270381818182
22.999922954545454,40.59270381818182
23.002299999999998,40.59270381818182
22.89771,40.594933886363634
22.900087045454544,40.594933886363634
22.902464090909092,40.594933886363634
22.904841136363636,40.594933886363634
22.90721818181818,40.594933886363634
22.909595227272728,40.594933886363634
22.911972272727272,40.594933886363634
22.914349318181817,40.594933886363634
22.916726363636364,40.594933886363634
22.91910340909091,40.594933886363634
22.921480454545453,40.594933886363634
22.9238575,40.594933886363634
22.926234545454545,40.594933886363634
22.92861159090909,40.594933886363634
22.930988636363637,40.594933886363634
22.93336568181818,40.594933886363634
22.935742727272725,40.594933886363634
22.938119772727273,40.594933886363634
22.940496818181817,40.594933886363634
22.94287386363636,40.594933886363634
22.94525090909091,40.594933886363634
22.947627954545453,40.594933886363634
22.950004999999997,40.594933886363634
22.952382045454545,40.594933886363634
22.95475909090909,40.594933886363634
22.957136136363637,40.594933886363634
22.95951318181818,40.594933886363634
22.961890227272725,40.594933886363634
22.964267272727273,40.594933886363634
22.966644318181817,40.594933886363634
22.96902136363636,40.594933886363634
22.97139840909091,40.594933886363634
22.973775454545454,40.594933886363634
22.976152499999998,40.594933886363634
22.978529545454546,40.594933886363634
22.98090659090909,40.594933886363634
22.983283636363634,40.594933886363634
22.98566068181818,40.594933886363634
22.988037727272726,40.594933886363634
22.99041477272727,40.594933886363634
22.992791818181818,40.594933886363634
22.995168863636362,40.594933886363634
22.997545909090906,40.594933886363634
22.999922954545454,40.594933886363634
23.002299999999998,40.594933886363634
22.89771,40.59716395454545
22.900087045454544,40.59716395454545
22.902464090909092,40.59716395454545
22.904841136363636,40.59716395454545
22.90721818181818,40.59716395454545
22.909595227272728,40.59716395454545
22.911972272727272,40.59716395454545
22.914349318181817,40.59716395454545
22.916726363636364,40.59716395454545
22.91910340909091,40.59716395454545
22.921480454545453,40.59716395454545
22.9238575,40.59716395454545
22.926234545454545,40.59716395454545
22.92861159090909,40.59716395454545
22.930988636363637,40.59716395454545
22.93336568181818,40.59716395454545
22.935742727272725,40.59716395454545
22.938119772727273,40.59716395454545
22.940496818181817,40.59716395454545
22.94287386363636,40.59716395454545
22.94525090909091,40.59716395454545
22.947627954545453,40.59716395454545
22.950004999999997,40.59716395454545
22.952382045454545,40.59716395454545
22.95475909090909,40.59716395454545
22.957136136363637,40.59716395454545
22.95951318181818,40.59716395454545
22.961890227272725,40.59716395454545
22.964267272727273,40.59716395454545
22.966644318181817,40.59716395454545
22.96902136363636,40.59716395454545
22.97139840909091,40.59716395454545
22.973775454545454,40.59716395454545
22.976152499999998,40.59716395454545
22.978529545454546,40.59716395454545
22.98090659090909,40.59716395454545
22.983283636363634,40.59716395454545
22.98566068181818,40.59716395454545
22.988037727272726,40.59716395454545
22.99041477272727,40.59716395454545
22.992791818181818,40.59716395454545
22.995168863636362,40.59716395454545
22.997545909090906,40.59716395454545
22.999922954545454,40.59716395454545
23.002299999999998,40.59716395454545
22.89771,40.59939402272727
22.900087045454544,40.59939402272727
22.902464090909092,40.59939402272727
22.904841136363636,40.59939402272727
22.90721818181818,40.59939402272727
22.909595227272728,40.59939402272727
22.911972272727272,40.59939402272727
22.914349318181817,40.59939402272727
22.916726363636364,40.59939402272727
22.91910340909091,40.59939402272727
22.921480454545453,40.59939402272727
22.9238575,40.59939402272727
22.926234545454545,40.59939402272727
22.92861159090909,40.59939402272727
22.930988636363637,40.59939402272727
22.93336568181818,40.59939402272727
22.935742727272725,40.59939402272727
22.938119772727273,40.59939402272727
22.940496818181817,40.59939402272727
22.94287386363636,40.59939402272727
22.94525090909091,40.59939402272727
22.947627954545453,40.59939402272727
22.950004999999997,40.59939402272727
22.952382045454545,40.59939402272727
22.95475909090909,40.59939402272727
22.957136136363637,40.59939402272727
22.95951318181818,40.59939402272727
22.961890227272725,40.59939402272727
22.964267272727273,40.59939402272727
22.966644318181817,40.59939402272727
22.96902136363636,40.59939402272727
22.97139840909091,40.59939402272727
22.973775454545454,40.59939402272727
22.976152499999998,40.59939402272727
22.978529545454546,40.59939402272727
22.98090659090909,40.59939402272727
22.983283636363634,40.59939402272727
22.98566068181818,40.59939402272727
22.988037727272726,40.59939402272727
22.99041477272727,40.59939402272727
22.992791818181818,40.59939402272727
22.995168863636362,40.59939402272727
22.997545909090906,40.59939402272727
22.999922954545454,40.59939402272727
23.002299999999998,40.59939402272727
22.89771,40.60162409090909
22.900087045454544,40.60162409090909
22.902464090909092,40.60162409090909
22.904841136363636,40.60162409090909
22.90721818181818,40.60162409090909
22.909595227272728,40.60162409090909
22.911972272727272,40.60162409090909
22.914349318181817,40.60162409090909
22.916726363636364,40.60162409090909
22.91910340909091,40.60162409090909
22.921480454545453,40.60162409090909
22.9238575,40.60162409090909
22.926234545454545,40.60162409090909
22.92861159090909,40.60162409090909
22.930988636363637,40.60162409090909
22.93336568181818,40.60162409090909
22.935742727272725,40.60162409090909
22.938119772727273,40.60162409090909
22.940496818181817,40.60162409090909
22.94287386363636,40.60162409090909
22.94525090909091,40.60162409090909
22.947627954545453,40.60162409090909
22.950004999999997,40.60162409090909
22.952382045454545,40.60162409090909
22.95475909090909,40.60162409090909
22.957136136363637,40.60162409090909
22.95951318181818,40.60162409090909
22.961890227272725,40.60162409090909
22.964267272727273,40.60162409090909
22.966644318181817,40.60162409090909
22.96902136363636,40.60162409090909
22.97139840909091,40.60162409090909
22.973775454545454,40.60162409090909
22.976152499999998,40.60162409090909
22.978529545454546,40.60162409090909
22.98090659090909,40.60162409090909
22.983283636363634,40.60162409090909
22.98566068181818,40.60162409090909
22.988037727272726,40.60162409090909
22.99041477272727,40.60162409090909
22.992791818181818,40.60162409090909
22.995168863636362,40.60162409090909
22.997545909090906,40.60162409090909
22.999922954545454,40.60162409090909
23.002299999999998,40.60162409090909
22.89771,40.60385415909091
22.900087045454544,40.60385415909091
22.902464090909092,40.60385415909091
22.904841136363636,40.60385415909091
22.90721818181818,40.60385415909091
22.909595227272728,40.60385415909091
22.911972272727272,40.60385415909091
22.914349318181817,40.60385415909091
22.916726363636364,40.60385415909091
22.91910340909091,40.60385415909091
22.921480454545453,40.60385415909091
22.9238575,40.60385415909091
22.926234545454545,40.60385415909091
22.92861159090909,40.60385415909091
22.930988636363637,40.60385415909091
22.93336568181818,40.60385415909091
22.935742727272725,40.60385415909091
22.938119772727273,40.60385415909091
22.940496818181817,40.60385415909091
22.94287386363636,40.60385415909091
22.94525090909091,40.60385415909091
22.947627954545453,40.60385415909091
22.950004999999997,40.60385415909091
22.952382045454545,40.60385415909091
22.95475909090909,40.60385415909091
22.957136136363637,40.60385415909091
22.95951318181818,40.60385415909091
22.961890227272725,40.60385415909091
22.964267272727273,40.60385415909091
22.966644318181817,40.60385415909091
22.96902136363636,40.60385415909091
22.97139840909091,40.60385415909091
22.973775454545454,40.60385415909091
22.976152499999998,40.60385415909091
22.978529545454546,40.60385415909091
22.98090659090909,40.60385415909091
22.983283636363634,40.60385415909091
22.98566068181818,40.60385415909091
22.988037727272726,40.60385415909091
22.99041477272727,40.60385415909091
22.992791818181818,40.60385415909091
22.995168863636362,40.60385415909091
22.997545909090906,40.60385415909091
22.999922954545454,40.60385415909091
23.002299999999998,40.60385415909091
22.89771,40.606084227272724
22.900087045454544,40.606084227272724
22.902464090909092,40.606084227272724
22.904841136363636,40.606084227272724
22.90721818181818,40.606084227272724
22.909595227272728,40.606084227272724
22.911972272727272,40.606084227272724
22.914349318181817,40.606084227272724
22.916726363636364,40.606084227272724
22.91910340909091,40.606084227272724
22.921480454545453,40.606084227272724
22.9238575,40.606084227272724
22.926234545454545,40.606084227272724
22.92861159090909,40.606084227272724
22.930988636363637,40.606084227272724
22.93336568181818,40.606084227272724
22.935742727272725,40.606084227272724
22.938119772727273,40.606084227272724
22.940496818181817,40.606084227272724
22.94287386363636,40.606084227272724
22.94525090909091,40.606084227272724
22.947627954545453,40.606084227272724
22.950004999999997,40.606084227272724
22.952382045454545,40.606084227272724
22.95475909090909,40.606084227272724
22.957136136363637,40.606084227272724
22.95951318181818,40.606084227272724
22.961890227272725,40.606084227272724
22.964267272727273,40.606084227272724
22.966644318181817,40.606084227272724
22.96902136363636,40.606084227272724
22.97139840909091,40.606084227272724
22.973775454545454,40.606084227272724
22.976152499999998,40.606084227272724
22.978529545454546,40.606084227272724
22.98090659090909,40.606084227272724
22.983283636363634,40.606084227272724
22.98566068181818,40.606084227272724
22.988037727272726,40.606084227272724
22.99041477272727,40.606084227272724
22.992791818181818,40.606084227272724
22.995168863636362,40.606084227272724
22.997545909090906,40.606084227272724
22.999922954545454,40.606084227272724
23.002299999999998,40.606084227272724
22.89771,40.60831429545454
22.900087045454544,40.60831429545454
22.902464090909092,40.60831429545454
22.904841136363636,40.60831429545454
22.90721818181818,40.60831429545454
22.909595227272728,40.60831429545454
22.911972272727272,40.60831429545454
22.914349318181817,40.60831429545454
22.916726363636364,40.60831429545454
22.91910340909091,40.60831429545454
22.921480454545453,40.60831429545454
22.9238575,40.60831429545454
22.926234545454545,40.60831429545454
22.92861159090909,40.60831429545454
22.930988636363637,40.60831429545454
22.93336568181818,40.60831429545454
22.935742727272725,40.60831429545454
22.938119772727273,40.60831429545454
22.940496818181817,40.60831429545454
22.94287386363636,40.60831429545454
22.94525090909091,40.60831429545454
22.947627954545453,40.60831429545454
22.950004999999997,40.60831429545454
22.952382045454545,40.60831429545454
22.95475909090909,40.60831429545454
22.957136136363637,40.60831429545454
22.95951318181818,40.60831429545454
22.961890227272725,40.60831429545454
22.964267272727273,40.60831429545454
22.966644318181817,40.60831429545454
22.96902136363636,40.60831429545454
22.97139840909091,40.60831429545454
22.973775454545454,40.60831429545454
22.976152499999998,40.60831429545454
22.978529545454546,40.60831429545454
22.98090659090909,40.60831429545454
22.983283636363634,40.60831429545454
22.98566068181818,40.60831429545454
22.988037727272726,40.60831429545454
22.99041477272727,40.60831429545454
22.992791818181818,40.60831429545454
22.995168863636362,40.60831429545454
22.997545909090906,40.60831429545454
22.999922954545454,40.60831429545454
23.002299999999998,40.60831429545454
22.89771,40.610544363636365
22.900087045454544,40.610544363636365
22.902464090909092,40.610544363636365
22.904841136363636,40.610544363636365
22.90721818181818,40.610544363636365
22.909595227272728,40.610544363636365
22.911972272727272,40.610544363636365
22.914349318181817,40.610544363636365
22.916726363636364,40.610544363636365
22.91910340909091,40.610544363636365
22.921480454545453,40.610544363636365
22.9238575,40.610544363636365
22.926234545454545,40.610544363636365
22.92861159090909,40.610544363636365
22.930988636363637,40.610544363636365
22.93336568181818,40.610544363636365
22.935742727272725,40.610544363636365
22.938119772727273,40.610544363636365
22.940496818181817,40.610544363636365
22.94287386363636,40.610544363636365
22.94525090909091,40.610544363636365
22.947627954545453,40.610544363636365
22.950004999999997,40.610544363636365
22.952382045454545,40.610544363636365
22.95475909090909,40.610544363636365
22.957136136363637,40.610544363636365
22.95951318181818,40.610544363636365
22.961890227272725,40.610544363636365
22.964267272727273,40.610544363636365
22.966644318181817,40.610544363636365
22.96902136363636,40.610544363636365
22.97139840909091,40.610544363636365
22.973775454545454,40.610544363636365
22.976152499999998,40.610544363636365
22.978529545454546,40.610544363636365
22.98090659090909,40.610544363636365
22.983283636363634,40.610544363636365
22.98566068181818,40.610544363636365
22.988037727272726,40.610544363636365
22.99041477272727,40.610544363636365
22.992791818181818,40.610544363636365
22.995168863636362,40.610544363636365
22.997545909090906,40.610544363636365
22.999922954545454,40.610544363636365
23.002299999999998,40.610544363636365
22.89771,40.61277443181818
22.900087045454544,40.61277443181818
22.902464090909092,40.61277443181818
22.904841136363636,40.61277443181818
22.90721818181818,40.61277443181818
22.909595227272728,40.61277443181818
22.911972272727272,40.61277443181818
22.914349318181817,40.61277443181818
22.916726363636364,40.61277443181818
22.91910340909091,40.61277443181818
22.921480454545453,40.61277443181818
22.9238575,40.61277443181818
22.926234545454545,40.61277443181818
22.92861159090909,40.61277443181818
22.930988636363637,40.61277443181818
22.93336568181818,40.61277443181818
22.935742727272725,40.61277443181818
22.938119772727273,40.61277443181818
22.940496818181817,40.61277443181818
22.94287386363636,40.61277443181818
22.94525090909091,40.61277443181818
22.947627954545453,40.61277443181818
22.950004999999997,40.61277443181818
22.952382045454545,40.61277443181818
22.95475909090909,40.61277443181818
22.957136136363637,40.61277443181818
22.95951318181818,40.61277443181818
22.961890227272725,40.61277443181818
22.964267272727273,40.61277443181818
22.966644318181817,40.61277443181818
22.96902136363636,40.61277443181818
22.97139840909091,40.61277443181818
22.973775454545454,40.61277443181818
22.976152499999998,40.61277443181818
22.978529545454546,40.61277443181818
22.98090659090909,40.61277443181818
22.983283636363634,40.61277443181818
22.98566068181818,40.61277443181818
22.988037727272726,40.61277443181818
22.99041477272727,40.61277443181818
22.992791818181818,40.61277443181818
22.995168863636362,40.61277443181818
22.997545909090906,40.61277443181818
22.999922954545454,40.61277443181818
23.002299999999998,40.61277443181818
22.89771,40.6150045
22.900087045454544,40.6150045
22.902464090909092,40.6150045
22.904841136363636,40.6150045
22.90721818181818,40.6150045
22.909595227272728,40.6150045
22.911972272727272,40.6150045
22.914349318181817,40.6150045
22.916726363636364,40.6150045
22.91910340909091,40.6150045
22.921480454545453,40.6150045
22.9238575,40.6150045
22.926234545454545,40.6150045
22.92861159090909,40.6150045
22.930988636363637,40.6150045
22.93336568181818,40.6150045
22.935742727272725,40.6150045
22.938119772727273,40.6150045
22.940496818181817,40.6150045
22.94287386363636,40.6150045
22.94525090909091,40.6150045
22.947627954545453,40.6150045
22.950004999999997,40.6150045
22.952382045454545,40.6150045
22.95475909090909,40.6150045
22.957136136363637,40.6150045
22.95951318181818,40.6150045
22.961890227272725,40.6150045
22.964267272727273,40.6150045
22.966644318181817,40.6150045
22.96902136363636,40.6150045
22.97139840909091,40.6150045
22.973775454545454,40.6150045
22.976152499999998,40.6150045
22.978529545454546,40.6150045
22.98090659090909,40.6150045
22.983283636363634,40.6150045
22.98566068181818,40.6150045
22.988037727272726,40.6150045
22.99041477272727,40.6150045
22.992791818181818,40.6150045
22.995168863636362,40.6150045
22.997545909090906,40.6150045
22.999922954545454,40.6150045
23.002299999999998,40.6150045
22.89771,40.617234568181814
22.900087045454544,40.617234568181814
22.902464090909092,40.617234568181814
22.904841136363636,40.617234568181814
22.90721818181818,40.617234568181814
22.909595227272728,40.617234568181814
22.911972272727272,40.617234568181814
22.914349318181817,40.617234568181814
22.916726363636364,40.617234568181814
22.91910340909091,40.617234568181814
22.921480454545453,40.617234568181814
22.9238575,40.617234568181814
22.926234545454545,40.617234568181814
22.92861159090909,40.617234568181814
22.930988636363637,40.617234568181814
22.93336568181818,40.617234568181814
22.935742727272725,40.617234568181814
22.938119772727273,40.617234568181814
22.940496818181817,40.617234568181814
22.94287386363636,40.617234568181814
22.94525090909091,40.617234568181814
22.947627954545453,40.617234568181814
22.950004999999997,40.617234568181814
22.952382045454545,40.617234568181814
22.95475909090909,40.617234568181814
22.957136136363637,40.617234568181814
22.95951318181818,40.617234568181814
22.961890227272725,40.617234568181814
22.964267272727273,40.617234568181814
22.966644318181817,40.617234568181814
22.96902136363636,40.617234568181814
22.97139840909091,40.617234568181814
22.973775454545454,40.617234568181814
22.976152499999998,40.617234568181814
22.978529545454546,40.617234568181814
22.98090659090909,40.617234568181814
22.983283636363634,40.617234568181814
22.98566068181818,40.617234568181814
22.988037727272726,40.617234568181814
22.99041477272727,40.617234568181814
22.992791818181818,40.617234568181814
22.995168863636362,40.617234568181814
22.997545909090906,40.617234568181814
22.999922954545454,40.617234568181814
23.002299999999998,40.617234568181814
22.89771,40.61946463636363
22.900087045454544,40.61946463636363
22.902464090909092,40.61946463636363
22.904841136363636,40.61946463636363
22.90721818181818,40.61946463636363
22.909595227272728,40.61946463636363
22.911972272727272,40.61946463636363
22.914349318181817,40.61946463636363
22.916726363636364,40.61946463636363
22.91910340909091,40.61946463636363
22.921480454545453,40.61946463636363
22.9238575,40.61946463636363
22.926234545454545,40.61946463636363
22.92861159090909,40.61946463636363
22.930988636363637,40.61946463636363
22.93336568181818,40.61946463636363
22.935742727272725,40.61946463636363
22.938119772727273,40.61946463636363
22.940496818181817,40.61946463636363
22.94287386363636,40.61946463636363
22.94525090909091,40.61946463636363
22.947627954545453,40.61946463636363
22.950004999999997,40.61946463636363
22.952382045454545,40.61946463636363
22.95475909090909,40.61946463636363
22.957136136363637,40.61946463636363
22.95951318181818,40.61946463636363
22.961890227272725,40.61946463636363
22.964267272727273,40.61946463636363
22.966644318181817,40.61946463636363
22.96902136363636,40.61946463636363
22.97139840909091,40.61946463636363
22.973775454545454,40.61946463636363
22.976152499999998,40.61946463636363
22.978529545454546,40.61946463636363
22.98090659090909,40.61946463636363
22.983283636363634,40.61946463636363
22.98566068181818,40.61946463636363
22.988037727272726,40.61946463636363
22.99041477272727,40.61946463636363
22.992791818181818,40.61946463636363
22.995168863636362,40.61946463636363
22.997545909090906,40.61946463636363
22.999922954545454,40.61946463636363
23.002299999999998,40.61946463636363
22.89771,40.621694704545455
22.900087045454544,40.621694704545455
22.902464090909092,40.621694704545455
22.904841136363636,40.621694704545455
22.90721818181818,40.621694704545455
22.909595227272728,40.621694704545455
22.911972272727272,40.621694704545455
22.914349318181817,40.621694704545455
22.916726363636364,40.621694704545455
22.91910340909091,40.621694704545455
22.921480454545453,40.621694704545455
22.9238575,40.621694704545455
22.926234545454545,40.621694704545455
22.92861159090909,40.621694704545455
22.930988636363637,40.621694704545455
22.93336568181818,40.621694704545455
22.935742727272725,40.621694704545455
22.938119772727273,40.621694704545455
22.940496818181817,40.621694704545455
22.94287386363636,40.621694704545455
22.94525090909091,40.621694704545455
22.947627954545453,40.621694704545455
22.950004999999997,40.621694704545455
22.952382045454545,40.621694704545455
22.95475909090909,40.621694704545455
22.957136136363637,40.621694704545455
22.95951318181818,40.621694704545455
22.961890227272725,40.621694704545455
22.964267272727273,40.621694704545455
22.966644318181817,40.621694704545455
22.96902136363636,40.621694704545455
22.97139840909091,40.621694704545455
22.973775454545454,40.621694704545455
22.976152499999998,40.621694704545455
22.978529545454546,40.621694704545455
22.98090659090909,40.621694704545455
22.983283636363634,40.621694704545455
22.98566068181818,40.621694704545455
22.988037727272726,40.621694704545455
22.99041477272727,40.621694704545455
22.992791818181818,40.621694704545455
22.995168863636362,40.621694704545455
22.997545909090906,40.621694704545455
22.999922954545454,40.621694704545455
23.002299999999998,40.621694704545455
22.89771,40.62392477272727
22.900087045454544,40.62392477272727
22.902464090909092,40.62392477272727
22.904841136363636,40.62392477272727
22.90721818181818,40.62392477272727
22.909595227272728,40.62392477272727
22.911972272727272,40.62392477272727
22.914349318181817,40.62392477272727
22.916726363636364,40.62392477272727
22.91910340909091,40.62392477272727
22.921480454545453,40.62392477272727
22.9238575,40.62392477272727
22.926234545454545,40.62392477272727
22.92861159090909,40.62392477272727
22.930988636363637,40.62392477272727
22.93336568181818,40.62392477272727
22.935742727272725,40.62392477272727
22.938119772727273,40.62392477272727
22.940496818181817,40.62392477272727
22.94287386363636,40.62392477272727
22.94525090909091,40.62392477272727
22.947627954545453,40.62392477272727
22.950004999999997,40.62392477272727
22.952382045454545,40.62392477272727
22.95475909090909,40.62392477272727
22.957136136363637,40.62392477272727
22.95951318181818,40.62392477272727
22.961890227272725,40.62392477272727
22.964267272727273,40.62392477272727
22.966644318181817,40.62392477272727
22.96902136363636,40.62392477272727
22.97139840909091,40.62392477272727
22.973775454545454,40.62392477272727
22.976152499999998,40.62392477272727
22.978529545454546,40.62392477272727
22.98090659090909,40.62392477272727
22.983283636363634,40.62392477272727
22.98566068181818,40.62392477272727
22.988037727272726,40.62392477272727
22.99041477272727,40.62392477272727
22.992791818181818,40.62392477272727
22.995168863636362,40.62392477272727
22.997545909090906,40.62392477272727
22.999922954545454,40.62392477272727
23.002299999999998,40.62392477272727
22.89771,40.62615484090909
22.900087045454544,40.62615484090909
22.902464090909092,40.62615484090909
22.904841136363636,40.62615484090909
22.90721818181818,40.62615484090909
22.909595227272728,40.62615484090909
22.911972272727272,40.62615484090909
22.914349318181817,40.62615484090909
22.916726363636364,40.62615484090909
22.91910340909091,40.62615484090909
22.921480454545453,40.62615484090909
22.9238575,40.62615484090909
22.926234545454545,40.62615484090909
22.92861159090909,40.62615484090909
22.930988636363637,40.62615484090909
22.93336568181818,40.62615484090909
22.935742727272725,40.62615484090909
22.938119772727273,40.62615484090909
22.940496818181817,40.62615484090909
22.94287386363636,40.62615484090909
22.94525090909091,40.62615484090909
22.947627954545453,40.62615484090909
22.950004999999997,40.62615484090909
22.952382045454545,40.62615484090909
22.95475909090909,40.62615484090909
22.957136136363637,40.62615484090909
22.95951318181818,40.62615484090909
22.961890227272725,40.62615484090909
22.964267272727273,40.62615484090909
22.966644318181817,40.62615484090909
22.96902136363636,40.62615484090909
22.97139840909091,40.62615484090909
22.973775454545454,40.62615484090909
22.976152499999998,40.62615484090909
22.978529545454546,40.62615484090909
22.98090659090909,40.62615484090909
22.983283636363634,40.62615484090909
22.98566068181818,40.62615484090909
22.988037727272726,40.62615484090909
22.99041477272727,40.62615484090909
22.992791818181818,40.62615484090909
22.995168863636362,40.62615484090909
22.997545909090906,40.62615484090909
22.999922954545454,40.62615484090909
23.002299999999998,40.62615484090909
22.89771,40.628384909090904
22.900087045454544,40.628384909090904
22.902464090909092,40.628384909090904
22.904841136363636,40.628384909090904
22.90721818181818,40.628384909090904
22.909595227272728,40.628384909090904
22.911972272727272,40.628384909090904
22.914349318181817,40.628384909090904
22.916726363636364,40.628384909090904
22.91910340909091,40.628384909090904
22.921480454545453,40.628384909090904
22.9238575,40.628384909090904
22.926234545454545,40.628384909090904
22.92861159090909,40.628384909090904
22.930988636363637,40.628384909090904
22.93336568181818,40.628384909090904
22.935742727272725,40.628384909090904
22.938119772727273,40.628384909090904
22.940496818181817,40.628384909090904
22.94287386363636,40.628384909090904
22.94525090909091,40.628384909090904
22.947627954545453,40.628384909090904
22.950004999999997,40.628384909090904
22.952382045454545,40.628384909090904
22.95475909090909,40.628384909090904
22.957136136363637,40.628384909090904
22.95951318181818,40.628384909090904
22.961890227272725,40.628384909090904
22.964267272727273,40.628384909090904
22.966644318181817,40.628384909090904
22.96902136363636,40.628384909090904
22.97139840909091,40.628384909090904
22.973775454545454,40.628384909090904
22.976152499999998,40.628384909090904
22.978529545454546,40.628384909090904
22.98090659090909,40.628384909090904
22.983283636363634,40.628384909090904
22.98566068181818,40.628384909090904
22.988037727272726,40.628384909090904
22.99041477272727,40.628384909090904
22.992791818181818,40.628384909090904
22.995168863636362,40.628384909090904
22.997545909090906,40.628384909090904
22.999922954545454,40.628384909090904
23.002299999999998,40.628384909090904
22.89771,40.63061497727273
22.900087045454544,40.63061497727273
22.902464090909092,40.63061497727273
22.904841136363636,40.63061497727273
22.90721818181818,40.63061497727273
22.909595227272728,40.63061497727273
22.911972272727272,40.63061497727273
22.914349318181817,40.63061497727273
22.916726363636364,40.63061497727273
22.91910340909091,40.63061497727273
22.921480454545453,40.63061497727273
22.9238575,40.63061497727273
22.926234545454545,40.63061497727273
22.92861159090909,40.63061497727273
22.930988636363637,40.63061497727273
22.93336568181818,40.63061497727273
22.935742727272725,40.63061497727273
22.938119772727273,40.63061497727273
22.940496818181817,40.63061497727273
22.94287386363636,40.63061497727273
22.94525090909091,40.63061497727273
22.947627954545453,40.63061497727273
22.950004999999997,40.63061497727273
22.952382045454545,40.63061497727273
22.95475909090909,40.63061497727273
22.957136136363637,40.63061497727273
22.95951318181818,40.63061497727273
22.961890227272725,40.63061497727273
22.964267272727273,40.63061497727273
22.966644318181817,40.63061497727273
22.96902136363636,40.63061497727273
22.97139840909091,40.63061497727273
22.973775454545454,40.63061497727273
22.976152499999998,40.63061497727273
22.978529545454546,40.63061497727273
22.98090659090909,40.63061497727273
22.983283636363634,40.63061497727273
22.98566068181818,40.63061497727273
22.988037727272726,40.63061497727273
22.99041477272727,40.63061497727273
22.992791818181818,40.63061497727273
22.995168863636362,40.63061497727273
22.997545909090906,40.63061497727273
22.999922954545454,40.63061497727273
23.002299999999998,40.63061497727273
22.89771,40.632845045454545
22.900087045454544,40.632845045454545
22.902464090909092,40.632845045454545
22.904841136363636,40.632845045454545
22.90721818181818,40.632845045454545
22.909595227272728,40.632845045454545
22.911972272727272,40.632845045454545
22.914349318181817,40.632845045454545
22.916726363636364,40.632845045454545
22.91910340909091,40.632845045454545
22.921480454545453,40.632845045454545
22.9238575,40.632845045454545
22.926234545454545,40.632845045454545
22.92861159090909,40.632845045454545
22.930988636363637,40.632845045454545
22.93336568181818,40.632845045454545
22.935742727272725,40.632845045454545
22.938119772727273,40.632845045454545
22.940496818181817,40.632845045454545
22.94287386363636,40.632845045454545
22.94525090909091,40.632845045454545
22.947627954545453,40.632845045454545
22.950004999999997,40.632845045454545
22.952382045454545,40.632845045454545
22.95475909090909,40.632845045454545
22.957136136363637,40.632845045454545
22.95951318181818,40.632845045454545
22.961890227272725,40.632845045454545
22.964267272727273,40.632845045454545
22.966644318181817,40.632845045454545
22.96902136363636,40.632845045454545
22.97139840909091,40.632845045454545
22.973775454545454,40.632845045454545
22.976152499999998,40.632845045454545
22.978529545454546,40.632845045454545
22.98090659090909,40.632845045454545
22.983283636363634,40.632845045454545
22.98566068181818,40.632845045454545
22.988037727272726,40.632845045454545
22.99041477272727,40.632845045454545
22.992791818181818,40.632845045454545
22.995168863636362,40.632845045454545
22.997545909090906,40.632845045454545
22.999922954545454,40.632845045454545
23.002299999999998,40.632845045454545
22.89771,40.63507511363636
22.900087045454544,40.63507511363636
22.902464090909092,40.63507511363636
22.904841136363636,40.63507511363636
22.90721818181818,40.63507511363636
22.909595227272728,40.63507511363636
22.911972272727272,40.63507511363636
22.914349318181817,40.63507511363636
22.916726363636364,40.63507511363636
22.91910340909091,40.63507511363636
22.921480454545453,40.63507511363636
22.9238575,40.63507511363636
22.926234545454545,40.63507511363636
22.92861159090909,40.63507511363636
22.930988636363637,40.63507511363636
22.93336568181818,40.63507511363636
22.935742727272725,40.63507511363636
22.938119772727273,40.63507511363636
22.940496818181817,40.63507511363636
22.94287386363636,40.63507511363636
22.94525090909091,40.63507511363636
22.947627954545453,40.63507511363636
22.950004999999997,40.63507511363636
22.952382045454545,40.63507511363636
22.95475909090909,40.63507511363636
22.957136136363637,40.63507511363636
22.95951318181818,40.63507511363636
22.961890227272725,40.63507511363636
22.964267272727273,40.63507511363636
22.966644318181817,40.63507511363636
22.96902136363636,40.63507511363636
22.97139840909091,40.63507511363636
22.973775454545454,40.63507511363636
22.976152499999998,40.63507511363636
22.978529545454546,40.63507511363636
22.98090659090909,40.63507511363636
22.983283636363634,40.63507511363636
22.98566068181818,40.63507511363636
22.988037727272726,40.63507511363636
22.99041477272727,40.63507511363636
22.992791818181818,40.63507511363636
22.995168863636362,40.63507511363636
22.997545909090906,40.63507511363636
22.999922954545454,40.63507511363636
23.002299999999998,40.63507511363636
22.89771,40.63730518181818
22.900087045454544,40.63730518181818
22.902464090909092,40.63730518181818
22.904841136363636,40.63730518181818
22.90721818181818,40.63730518181818
22.909595227272728,40.63730518181818
22.911972272727272,40.63730518181818
22.914349318181817,40.63730518181818
22.916726363636364,40.63730518181818
22.91910340909091,40.63730518181818
22.921480454545453,40.63730518181818
22.9238575,40.63730518181818
22.926234545454545,40.63730518181818
22.92861159090909,40.63730518181818
22.930988636363637,40.63730518181818
22.93336568181818,40.63730518181818
22.935742727272725,40.63730518181818
22.938119772727273,40.63730518181818
22.940496818181817,40.63730518181818
22.94287386363636,40.63730518181818
22.94525090909091,40.63730518181818
22.947627954545453,40.63730518181818
22.950004999999997,40.63730518181818
22.952382045454545,40.63730518181818
22.95475909090909,40.63730518181818
22.957136136363637,40.63730518181818
22.95951318181818,40.63730518181818
22.961890227272725,40.63730518181818
22.964267272727273,40.63730518181818
22.966644318181817,40.63730518181818
22.96902136363636,40.63730518181818
22.97139840909091,40.63730518181818
22.973775454545454,40.63730518181818
22.976152499999998,40.63730518181818
22.978529545454546,40.63730518181818
22.98090659090909,40.63730518181818
22.983283636363634,40.63730518181818
22.98566068181818,40.63730518181818
22.988037727272726,40.63730518181818
22.99041477272727,40.63730518181818
22.992791818181818,40.63730518181818
22.995168863636362,40.63730518181818
22.997545909090906,40.63730518181818
22.999922954545454,40.63730518181818
23.002299999999998,40.63730518181818
22.89771,40.639535249999994
22.900087045454544,40.639535249999994
22.902464090909092,40.639535249999994
22.904841136363636,40.639535249999994
22.90721818181818,40.639535249999994
22.909595227272728,40.639535249999994
22.911972272727272,40.639535249999994
22.914349318181817,40.639535249999994
22.916726363636364,40.639535249999994
22.91910340909091,40.639535249999994
22.921480454545453,40.639535249999994
22.9238575,40.639535249999994
22.926234545454545,40.639535249999994
22.92861159090909,40.639535249999994
22.930988636363637,40.639535249999994
22.93336568181818,40.639535249999994
22.935742727272725,40.639535249999994
22.938119772727273,40.639535249999994
22.940496818181817,40.639535249999994
22.94287386363636,40.639535249999994
22.94525090909091,40.639535249999994
22.947627954545453,40.639535249999994
22.950004999999997,40.639535249999994
22.952382045454545,40.639535249999994
22.95475909090909,40.639535249999994
22.957136136363637,40.639535249999994
22.95951318181818,40.639535249999994
22.961890227272725,40.639535249999994
22.964267272727273,40.639535249999994
22.966644318181817,40.639535249999994
22.96902136363636,40.639535249999994
22.97139840909091,40.639535249999994
22.973775454545454,40.639535249999994
22.976152499999998,40.639535249999994
22.978529545454546,40.639535249999994
22.98090659090909,40.639535249999994
22.983283636363634,40.639535249999994
22.98566068181818,40.639535249999994
22.988037727272726,40.639535249999994
22.99041477272727,40.639535249999994
22.992791818181818,40.639535249999994
22.995168863636362,40.639535249999994
22.997545909090906,40.639535249999994
22.999922954545454,40.639535249999994
23.002299999999998,40.639535249999994
22.89771,40.64176531818182
22.900087045454544,40.64176531818182
22.902464090909092,40.64176531818182
22.904841136363636,40.64176531818182
22.90721818181818,40.64176531818182
22.909595227272728,40.64176531818182
22.911972272727272,40.64176531818182
22.914349318181817,40.64176531818182
22.916726363636364,40.64176531818182
22.91910340909091,40.64176531818182
22.921480454545453,40.64176531818182
22.9238575,40.64176531818182
22.926234545454545,40.64176531818182
22.92861159090909,40.64176531818182
22.930988636363637,40.64176531818182
22.93336568181818,40.64176531818182
22.935742727272725,40.64176531818182
22.938119772727273,40.64176531818182
22.940496818181817,40.64176531818182
22.94287386363636,40.64176531818182
22.94525090909091,40.64176531818182
22.947627954545453,40.64176531818182
22.950004999999997,40.64176531818182
22.952382045454545,40.64176531818182
22.95475909090909,40.64176531818182
22.957136136363637,40.64176531818182
22.95951318181818,40.64176531818182
22.961890227272725,40.64176531818182
22.964267272727273,40.64176531818182
22.966644318181817,40.64176531818182
22.96902136363636,40.64176531818182
22.97139840909091,40.64176531818182
22.973775454545454,40.64176531818182
22.976152499999998,40.64176531818182
22.978529545454546,40.64176531818182
22.98090659090909,40.64176531818182
22.983283636363634,40.64176531818182
22.98566068181818,40.64176531818182
22.988037727272726,40.64176531818182
22.99041477272727,40.64176531818182
22.992791818181818,40.64176531818182
22.995168863636362,40.64176531818182
22.997545909090906,40.64176531818182
22.999922954545454,40.64176531818182
23.002299999999998,40.64176531818182
22.89771,40.643995386363635
22.900087045454544,40.643995386363635
22.902464090909092,40.643995386363635
22.904841136363636,40.643995386363635
22.90721818181818,40.643995386363635
22.909595227272728,40.643995386363635
22.911972272727272,40.643995386363635
22.914349318181817,40.643995386363635
22.916726363636364,40.643995386363635
22.91910340909091,40.643995386363635
22.921480454545453,40.643995386363635
22.9238575,40.643995386363635
22.926234545454545,40.643995386363635
22.92861159090909,40.643995386363635
22.930988636363637,40.643995386363635
22.93336568181818,40.643995386363635
22.935742727272725,40.643995386363635
22.938119772727273,40.643995386363635
22.940496818181817,40.643995386363635
22.94287386363636,40.643995386363635
22.94525090909091,40.643995386363635
22.947627954545453,40.643995386363635
22.950004999999997,40.643995386363635
22.952382045454545,40.643995386363635
22.95475909090909,40.643995386363635
22.957136136363637,40.643995386363635
22.95951318181818,40.643995386363635
22.961890227272725,40.643995386363635
22.964267272727273,40.643995386363635
22.966644318181817,40.643995386363635
22.96902136363636,40.643995386363635
22.97139840909091,40.643995386363635
22.973775454545454,40.643995386363635
22.976152499999998,40.643995386363635
22.978529545454546,40.643995386363635
22.98090659090909,40.643995386363635
22.983283636363634,40.643995386363635
22.98566068181818,40.643995386363635
22.988037727272726,40.643995386363635
22.99041477272727,40.643995386363635
22.992791818181818,40.643995386363635
22.995168863636362,40.643995386363635
22.997545909090906,40.643995386363635
22.999922954545454,40.643995386363635
23.002299999999998,40.643995386363635
22.89771,40.64622545454545
22.900087045454544,40.64622545454545
22.902464090909092,40.64622545454545
22.904841136363636,40.64622545454545
22.90721818181818,40.64622545454545
22.909595227272728,40.64622545454545
22.911972272727272,40.64622545454545
22.914349318181817,40.64622545454545
22.916726363636364,40.64622545454545
22.91910340909091,40.64622545454545
22.921480454545453,40.64622545454545
22.9238575,40.64622545454545
22.926234545454545,40.64622545454545
22.92861159090909,40.64622545454545
22.930988636363637,40.64622545454545
22.93336568181818,40.64622545454545
22.935742727272725,40.64622545454545
22.938119772727273,40.64622545454545
22.940496818181817,40.64622545454545
22.94287386363636,40.64622545454545
22.94525090909091,40.64622545454545
22.947627954545453,40.64622545454545
22.950004999999997,40.64622545454545
22.952382045454545,40.64622545454545
22.95475909090909,40.64622545454545
22.957136136363637,40.64622545454545
22.95951318181818,40.64622545454545
22.961890227272725,40.64622545454545
22.964267272727273,40.64622545454545
22.966644318181817,40.64622545454545
22.96902136363636,40.64622545454545
22.97139840909091,40.64622545454545
22.973775454545454,40.64622545454545
22.976152499999998,40.64622545454545
22.978529545454546,40.64622545454545
22.98090659090909,40.64622545454545
22.983283636363634,40.64622545454545
22.98566068181818,40.64622545454545
22.988037727272726,40.64622545454545
22.99041477272727,40.64622545454545
22.992791818181818,40.64622545454545
22.995168863636362,40.64622545454545
22.997545909090906,40.64622545454545
22.999922954545454,40.64622545454545
23.002299999999998,40.64622545454545
22.89771,40.64845552272727
22.900087045454544,40.64845552272727
22.902464090909092,40.64845552272727
22.904841136363636,40.64845552272727
22.90721818181818,40.64845552272727
22.909595227272728,40.64845552272727
22.911972272727272,40.64845552272727
22.914349318181817,40.64845552272727
22.916726363636364,40.64845552272727
22.91910340909091,40.64845552272727
22.921480454545453,40.64845552272727
22.9238575,40.64845552272727
22.926234545454545,40.64845552272727
22.92861159090909,40.64845552272727
22.930988636363637,40.64845552272727
22.93336568181818,40.64845552272727
22.935742727272725,40.64845552272727
22.938119772727273,40.64845552272727
22.940496818181817,40.64845552272727
22.94287386363636,40.64845552272727
22.94525090909091,40.64845552272727
22.947627954545453,40.64845552272727
22.950004999999997,40.64845552272727
22.952382045454545,40.64845552272727
22.95475909090909,40.64845552272727
22.957136136363637,40.64845552272727
22.95951318181818,40.64845552272727
22.961890227272725,40.64845552272727
22.964267272727273,40.64845552272727
22.966644318181817,40.64845552272727
22.96902136363636,40.64845552272727
22.97139840909091,40.64845552272727
22.973775454545454,40.64845552272727
22.976152499999998,40.64845552272727
22.978529545454546,40.64845552272727
22.98090659090909,40.64845552272727
22.983283636363634,40.64845552272727
22.98566068181818,40.64845552272727
22.988037727272726,40.64845552272727
22.99041477272727,40.64845552272727
22.992791818181818,40.64845552272727
22.995168863636362,40.64845552272727
22.997545909090906,40.64845552272727
22.999922954545454,40.64845552272727
23.002299999999998,40.64845552272727
22.89771,40.65068559090909
22.900087045454544,40.65068559090909
22.902464090909092,40.65068559090909
22.904841136363636,40.65068559090909
22.90721818181818,40.65068559090909
22.909595227272728,40.65068559090909
22.911972272727272,40.65068559090909
22.914349318181817,40.65068559090909
22.916726363636364,40.65068559090909
22.91910340909091,40.65068559090909
22.921480454545453,40.65068559090909
22.9238575,40.65068559090909
22.926234545454545,40.65068559090909
22.92861159090909,40.65068559090909
22.930988636363637,40.65068559090909
22.93336568181818,40.65068559090909
22.935742727272725,40.65068559090909
22.938119772727273,40.65068559090909
22.940496818181817,40.65068559090909
22.94287386363636,40.65068559090909
22.94525090909091,40.65068559090909
22.947627954545453,40.65068559090909
22.950004999999997,40.65068559090909
22.952382045454545,40.65068559090909
22.95475909090909,40.65068559090909
22.957136136363637,40.65068559090909
22.95951318181818,40.65068559090909
22.961890227272725,40.65068559090909
22.964267272727273,40.65068559090909
22.966644318181817,40.65068559090909
22.96902136363636,40.65068559090909
22.97139840909091,40.65068559090909
22.973775454545454,40.65068559090909
22.976152499999998,40.65068559090909
22.978529545454546,40.65068559090909
22.98090659090909,40.65068559090909
22.983283636363634,40.65068559090909
22.98566068181818,40.65068559090909
22.988037727272726,40.65068559090909
22.99041477272727,40.65068559090909
22.992791818181818,40.65068559090909
22.995168863636362,40.65068559090909
22.997545909090906,40.65068559090909
22.999922954545454,40.65068559090909
23.002299999999998,40.65068559090909
22.89771,40.65291565909091
22.900087045454544,40.65291565909091
22.902464090909092,40.65291565909091
22.904841136363636,40.65291565909091
22.90721818181818,40.65291565909091
22.909595227272728,40.65291565909091
22.911972272727272,40.65291565909091
22.914349318181817,40.65291565909091
22.916726363636364,40.65291565909091
22.91910340909091,40.65291565909091
22.921480454545453,40.65291565909091
22.9238575,40.65291565909091
22.926234545454545,40.65291565909091
22.92861159090909,40.65291565909091
22.930988636363637,40.65291565909091
22.93336568181818,40.65291565909091
22.935742727272725,40.65291565909091
22.938119772727273,40.65291565909091
22.940496818181817,40.65291565909091
22.94287386363636,40.65291565909091
22.94525090909091,40.65291565909091
22.947627954545453,40.65291565909091
22.950004999999997,40.65291565909091
22.952382045454545,40.65291565909091
22.95475909090909,40.65291565909091
22.957136136363637,40.65291565909091
22.95951318181818,40.65291565909091
22.961890227272725,40.65291565909091
22.964267272727273,40.65291565909091
22.966644318181817,40.65291565909091
22.96902136363636,40.65291565909091
22.97139840909091,40.65291565909091
22.973775454545454,40.65291565909091
22.976152499999998,40.65291565909091
22.978529545454546,40.65291565909091
22.98090659090909,40.65291565909091
22.983283636363634,40.65291565909091
22.98566068181818,40.65291565909091
22.988037727272726,40.65291565909091
22.99041477272727,40.65291565909091
22.992791818181818,40.65291565909091
22.995168863636362,40.65291565909091
22.997545909090906,40.65291565909091
22.999922954545454,40.65291565909091
23.002299999999998,40.65291565909091
22.89771,40.655145727272725
22.900087045454544,40.655145727272725
22.902464090909092,40.655145727272725
22.904841136363636,40.655145727272725
22.90721818181818,40.655145727272725
22.909595227272728,40.655145727272725
22.911972272727272,40.655145727272725
22.914349318181817,40.655145727272725
22.916726363636364,40.655145727272725
22.91910340909091,40.655145727272725
22.921480454545453,40.655145727272725
22.9238575,40.655145727272725
22.926234545454545,40.655145727272725
22.92861159090909,40.655145727272725
22.930988636363637,40.655145727272725
22.93336568181818,40.655145727272725
22.935742727272725,40.655145727272725
22.938119772727273,40.655145727272725
22.940496818181817,40.655145727272725
22.94287386363636,40.655145727272725
22.94525090909091,40.655145727272725
22.947627954545453,40.655145727272725
22.950004999999997,40.655145727272725
22.952382045454545,40.655145727272725
22.95475909090909,40.655145727272725
22.957136136363637,40.655145727272725
22.95951318181818,40.655145727272725
22.961890227272725,40.655145727272725
22.964267272727273,40.655145727272725
22.966644318181817,40.655145727272725
22.96902136363636,40.655145727272725
22.97139840909091,40.655145727272725
22.973775454545454,40.655145727272725
22.976152499999998,40.655145727272725
22.978529545454546,40.655145727272725
22.98090659090909,40.655145727272725
22.983283636363634,40.655145727272725
22.98566068181818,40.655145727272725
22.988037727272726,40.655145727272725
22.99041477272727,40.655145727272725
22.992791818181818,40.655145727272725
22.995168863636362,40.655145727272725
22.997545909090906,40.655145727272725
22.999922954545454,40.655145727272725
23.002299999999998,40.655145727272725
22.89771,40.65737579545454
22.900087045454544,40.65737579545454
22.902464090909092,40.65737579545454
22.904841136363636,40.65737579545454
22.90721818181818,40.65737579545454
22.909595227272728,40.65737579545454
22.911972272727272,40.65737579545454
22.914349318181817,40.65737579545454
22.916726363636364,40.65737579545454
22.91910340909091,40.65737579545454
22.921480454545453,40.65737579545454
22.9238575,40.65737579545454
22.926234545454545,40.65737579545454
22.92861159090909,40.65737579545454
22.930988636363637,40.65737579545454
22.93336568181818,40.65737579545454
22.935742727272725,40.65737579545454
22.938119772727273,40.65737579545454
22.940496818181817,40.65737579545454
22.94287386363636,40.65737579545454
22.94525090909091,40.65737579545454
22.947627954545453,40.65737579545454
22.950004999999997,40.65737579545454
22.952382045454545,40.65737579545454
22.95475909090909,40.65737579545454
22.957136136363637,40.65737579545454
22.95951318181818,40.65737579545454
22.961890227272725,40.65737579545454
22.964267272727273,40.65737579545454
22.966644318181817,40.65737579545454
22.96902136363636,40.65737579545454
22.97139840909091,40.65737579545454
22.973775454545454,40.65737579545454
22.976152499999998,40.65737579545454
22.978529545454546,40.65737579545454
22.98090659090909,40.65737579545454
22.983283636363634,40.65737579545454
22.98566068181818,40.65737579545454
22.988037727272726,40.65737579545454
22.99041477272727,40.65737579545454
22.992791818181818,40.65737579545454
22.995168863636362,40.65737579545454
22.997545909090906,40.65737579545454
22.999922954545454,40.65737579545454
23.002299999999998,40.65737579545454
22.89771,40.659605863636365
22.900087045454544,40.659605863636365
22.902464090909092,40.659605863636365
22.904841136363636,40.659605863636365
22.90721818181818,40.659605863636365
22.909595227272728,40.659605863636365
22.911972272727272,40.659605863636365
22.914349318181817,40.659605863636365
22.916726363636364,40.659605863636365
22.91910340909091,40.659605863636365
22.921480454545453,40.659605863636365
22.9238575,40.659605863636365
22.926234545454545,40.659605863636365
22.92861159090909,40.659605863636365
22.930988636363637,40.659605863636365
22.93336568181818,40.659605863636365
22.935742727272725,40.659605863636365
22.938119772727273,40.659605863636365
22.940496818181817,40.659605863636365
22.94287386363636,40.659605863636365
22.94525090909091,40.659605863636365
22.947627954545453,40.659605863636365
22.950004999999997,40.659605863636365
22.952382045454545,40.659605863636365
22.95475909090909,40.659605863636365
22.957136136363637,40.659605863636365
22.95951318181818,40.659605863636365
22.961890227272725,40.659605863636365
22.964267272727273,40.659605863636365
22.966644318181817,40.659605863636365
22.96902136363636,40.659605863636365
22.97139840909091,40.659605863636365
22.973775454545454,40.659605863636365
22.976152499999998,40.659605863636365
22.978529545454546,40.659605863636365
22.98090659090909,40.659605863636365
22.983283636363634,40.659605863636365
22.98566068181818,40.659605863636365
22.988037727272726,40.659605863636365
22.99041477272727,40.659605863636365
22.992791818181818,40.659605863636365
22.995168863636362,40.659605863636365
22.997545909090906,40.659605863636365
22.999922954545454,40.659605863636365
23.002299999999998,40.659605863636365
22.89771,40.66183593181818
22.900087045454544,40.66183593181818
22.902464090909092,40.66183593181818
22.904841136363636,40.66183593181818
22.90721818181818,40.66183593181818
22.909595227272728,40.66183593181818
22.911972272727272,40.66183593181818
22.914349318181817,40.66183593181818
22.916726363636364,40.66183593181818
22.91910340909091,40.66183593181818
22.921480454545453,40.66183593181818
22.9238575,40.66183593181818
22.926234545454545,40.66183593181818
22.92861159090909,40.66183593181818
22.930988636363637,40.66183593181818
22.93336568181818,40.66183593181818
22.935742727272725,40.66183593181818
22.938119772727273,40.66183593181818
22.940496818181817,40.66183593181818
22.94287386363636,40.66183593181818
22.94525090909091,40.66183593181818
22.947627954545453,40.66183593181818
22.950004999999997,40.66183593181818
22.952382045454545,40.66183593181818
22.95475909090909,40.66183593181818
22.957136136363637,40.66183593181818
22.95951318181818,40.66183593181818
22.961890227272725,40.66183593181818
22.964267272727273,40.66183593181818
22.966644318181817,40.66183593181818
22.96902136363636,40.66183593181818
22.97139840909091,40.66183593181818
22.973775454545454,40.66183593181818
22.976152499999998,40.66183593181818
22.978529545454546,40.66183593181818
22.98090659090909,40.66183593181818
22.983283636363634,40.66183593181818
22.98566068181818,40.66183593181818
22.988037727272726,40.66183593181818
22.99041477272727,40.66183593181818
22.992791818181818,40.66183593181818
22.995168863636362,40.66183593181818
22.997545909090906,40.66183593181818
22.999922954545454,40.66183593181818
23.002299999999998,40.66183593181818
22.89771,40.664066
22.900087045454544,40.664066
22.902464090909092,40.664066
22.904841136363636,40.664066
22.90721818181818,40.664066
22.909595227272728,40.664066
22.911972272727272,40.664066
22.914349318181817,40.664066
22.916726363636364,40.664066
22.91910340909091,40.664066
22.921480454545453,40.664066
22.9238575,40.664066
22.926234545454545,40.664066
22.92861159090909,40.664066
22.930988636363637,40.664066
22.93336568181818,40.664066
22.935742727272725,40.664066
22.938119772727273,40.664066
22.940496818181817,40.664066
22.94287386363636,40.664066
22.94525090909091,40.664066
22.947627954545453,40.664066
22.950004999999997,40.664066
22.952382045454545,40.664066
22.95475909090909,40.664066
22.957136136363637,40.664066
22.95951318181818,40.664066
22.961890227272725,40.664066
22.964267272727273,40.664066
22.966644318181817,40.664066
22.96902136363636,40.664066
22.97139840909091,40.664066
22.973775454545454,40.664066
22.976152499999998,40.664066
22.978529545454546,40.664066
22.98090659090909,40.664066
22.983283636363634,40.664066
22.98566068181818,40.664066
22.988037727272726,40.664066
22.99041477272727,40.664066
22.992791818181818,40.664066
22.995168863636362,40.664066
22.997545909090906,40.664066
22.999922954545454,40.664066
23.002299999999998,40.664066
