sids,lon,lat,depth,vs30,vs30measured,slope,xvf,region,geology
0,22.93400,40.57880,0.00000,5.47774E+02,0,2.41845E-02,-1.50000E+02,2,UNKNOWN
1,22.93569,40.57880,0.00000,5.47774E+02,0,2.41845E-02,-1.50000E+02,2,UNKNOWN
2,22.93739,40.57880,0.00000,5.47774E+02,0,2.41845E-02,-1.50000E+02,2,UNKNOWN
3,22.93909,40.57880,0.00000,5.47774E+02,0,2.41845E-02,-1.50000E+02,2,UNKNOWN
4,22.94079,40.57880,0.00000,5.47774E+02,0,2.41845E-02,-1.50000E+02,2,UNKNOWN
5,22.94248,40.57880,0.00000,4.49078E+02,0,2.80341E-02,-1.50000E+02,2,UNKNOWN
6,22.94418,40.57880,0.00000,4.49078E+02,0,2.80341E-02,-1.50000E+02,2,UNKNOWN
7,22.94588,40.57880,0.00000,4.49078E+02,0,2.80341E-02,-1.50000E+02,2,UNKNOWN
8,22.94757,40.57880,0.00000,4.49078E+02,0,2.80341E-02,-1.50000E+02,2,UNKNOWN
9,22.94927,40.57880,0.00000,4.49078E+02,0,2.80341E-02,-1.50000E+02,2,UNKNOWN
10,22.95097,40.57880,0.00000,3.87964E+02,0,2.19443E-02,-1.50000E+02,2,UNKNOWN
11,22.95266,40.57880,0.00000,3.87964E+02,0,2.19443E-02,-1.50000E+02,2,UNKNOWN
12,22.95436,40.57880,0.00000,3.87964E+02,0,2.19443E-02,-1.50000E+02,2,UNKNOWN
13,22.95606,40.57880,0.00000,3.87964E+02,0,2.19443E-02,-1.50000E+02,2,UNKNOWN
14,22.95775,40.57880,0.00000,3.87964E+02,0,2.19443E-02,-1.50000E+02,2,UNKNOWN
15,22.95945,40.57880,0.00000,3.60769E+02,0,1.06393E-02,-1.50000E+02,2,CENOZOIC
16,22.96115,40.57880,0.00000,3.60769E+02,0,1.06393E-02,-1.50000E+02,2,CENOZOIC
17,22.96285,40.57880,0.00000,3.60769E+02,0,1.06393E-02,-1.50000E+02,2,CENOZOIC
18,22.96454,40.57880,0.00000,3.60769E+02,0,1.06393E-02,-1.50000E+02,2,CENOZOIC
19,22.96624,40.57880,0.00000,3.60769E+02,0,1.06393E-02,-1.50000E+02,2,CENOZOIC
20,22.96794,40.57880,0.00000,3.58301E+02,0,1.11031E-02,-1.50000E+02,2,CENOZOIC
21,22.96963,40.57880,0.00000,3.58301E+02,0,1.11031E-02,-1.50000E+02,2,CENOZOIC
22,22.97133,40.57880,0.00000,3.58301E+02,0,1.11031E-02,-1.50000E+02,2,CENOZOIC
23,22.97303,40.57880,0.00000,3.58301E+02,0,1.11031E-02,-1.50000E+02,2,CENOZOIC
24,22.93400,40.58123,0.00000,5.47774E+02,0,2.41845E-02,-1.50000E+02,2,UNKNOWN
25,22.93569,40.58123,0.00000,5.47774E+02,0,2.41845E-02,-1.50000E+02,2,UNKNOWN
26,22.93739,40.58123,0.00000,5.47774E+02,0,2.41845E-02,-1.50000E+02,2,UNKNOWN
27,22.93909,40.58123,0.00000,5.47774E+02,0,2.41845E-02,-1.50000E+02,2,UNKNOWN
28,22.94079,40.58123,0.00000,5.47774E+02,0,2.41845E-02,-1.50000E+02,2,UNKNOWN
29,22.94248,40.58123,0.00000,4.49078E+02,0,2.80341E-02,-1.50000E+02,2,UNKNOWN
30,22.94418,40.58123,0.00000,4.49078E+02,0,2.80341E-02,-1.50000E+02,2,UNKNOWN
31,22.94588,40.58123,0.00000,4.49078E+02,0,2.80341E-02,-1.50000E+02,2,UNKNOWN
32,22.94757,40.58123,0.00000,4.49078E+02,0,2.80341E-02,-1.50000E+02,2,UNKNOWN
33,22.94927,40.58123,0.00000,4.49078E+02,0,2.80341E-02,-1.50000E+02,2,UNKNOWN
34,22.95097,40.58123,0.00000,3.87964E+02,0,2.19443E-02,-1.50000E+02,2,UNKNOWN
35,22.95266,40.58123,0.00000,3.87964E+02,0,2.19443E-02,-1.50000E+02,2,UNKNOWN
36,22.95436,40.58123,0.00000,3.87964E+02,0,2.19443E-02,-1.50000E+02,2,UNKNOWN
37,22.95606,40.58123,0.00000,3.87964E+02,0,2.19443E-02,-1.50000E+02,2,UNKNOWN
38,22.95775,40.58123,0.00000,3.87964E+02,0,2.19443E-02,-1.50000E+02,2,UNKNOWN
39,22.95945,40.58123,0.00000,3.60769E+02,0,1.06393E-02,-1.50000E+02,2,CENOZOIC
40,22.96115,40.58123,0.00000,3.60769E+02,0,1.06393E-02,-1.50000E+02,2,CENOZOIC
41,22.96285,40.58123,0.00000,3.60769E+02,0,1.06393E-02,-1.50000E+02,2,CENOZOIC
42,22.96454,40.58123,0.00000,3.60769E+02,0,1.06393E-02,-1.50000E+02,2,CENOZOIC
43,22.96624,40.58123,0.00000,3.60769E+02,0,1.06393E-02,-1.50000E+02,2,CENOZOIC
44,22.96794,40.58123,0.00000,3.58301E+02,0,1.11031E-02,-1.50000E+02,2,CENOZOIC
45,22.96963,40.58123,0.00000,3.58301E+02,0,1.11031E-02,-1.50000E+02,2,CENOZOIC
46,22.97133,40.58123,0.00000,3.58301E+02,0,1.11031E-02,-1.50000E+02,2,CENOZOIC
47,22.97303,40.58123,0.00000,3.58301E+02,0,1.11031E-02,-1.50000E+02,2,CENOZOIC
48,22.93400,40.58366,0.00000,5.47774E+02,0,2.03918E-02,-1.50000E+02,2,UNKNOWN
49,22.93569,40.58366,0.00000,5.47774E+02,0,2.03918E-02,-1.50000E+02,2,UNKNOWN
50,22.93739,40.58366,0.00000,5.47774E+02,0,2.03918E-02,-1.50000E+02,2,UNKNOWN
51,22.93909,40.58366,0.00000,5.47774E+02,0,2.03918E-02,-1.50000E+02,2,UNKNOWN
52,22.94079,40.58366,0.00000,5.47774E+02,0,2.03918E-02,-1.50000E+02,2,UNKNOWN
53,22.94248,40.58366,0.00000,4.39889E+02,0,2.10909E-02,-1.50000E+02,2,UNKNOWN
54,22.94418,40.58366,0.00000,4.39889E+02,0,2.10909E-02,-1.50000E+02,2,UNKNOWN
55,22.94588,40.58366,0.00000,4.39889E+02,0,2.10909E-02,-1.50000E+02,2,UNKNOWN
56,22.94757,40.58366,0.00000,4.39889E+02,0,2.10909E-02,-1.50000E+02,2,UNKNOWN
57,22.94927,40.58366,0.00000,4.39889E+02,0,2.10909E-02,-1.50000E+02,2,UNKNOWN
58,22.95097,40.58366,0.00000,3.73225E+02,0,2.21183E-02,-1.50000E+02,2,CENOZOIC
59,22.95266,40.58366,0.00000,3.73225E+02,0,2.21183E-02,-1.50000E+02,2,CENOZOIC
60,22.95436,40.58366,0.00000,3.73225E+02,0,2.21183E-02,-1.50000E+02,2,CENOZOIC
61,22.95606,40.58366,0.00000,3.73225E+02,0,2.21183E-02,-1.50000E+02,2,CENOZOIC
62,22.95775,40.58366,0.00000,3.73225E+02,0,2.21183E-02,-1.50000E+02,2,CENOZOIC
63,22.95945,40.58366,0.00000,3.58743E+02,0,2.33197E-02,-1.50000E+02,2,CENOZOIC
64,22.96115,40.58366,0.00000,3.58743E+02,0,2.33197E-02,-1.50000E+02,2,CENOZOIC
65,22.96285,40.58366,0.00000,3.58743E+02,0,2.33197E-02,-1.50000E+02,2,CENOZOIC
66,22.96454,40.58366,0.00000,3.58743E+02,0,2.33197E-02,-1.50000E+02,2,CENOZOIC
67,22.96624,40.58366,0.00000,3.58743E+02,0,2.33197E-02,-1.50000E+02,2,CENOZOIC
68,22.96794,40.58366,0.00000,3.69049E+02,0,2.23813E-02,-1.50000E+02,2,CENOZOIC
69,22.96963,40.58366,0.00000,3.69049E+02,0,2.23813E-02,-1.50000E+02,2,CENOZOIC
70,22.97133,40.58366,0.00000,3.69049E+02,0,2.23813E-02,-1.50000E+02,2,CENOZOIC
71,22.97303,40.58366,0.00000,3.69049E+02,0,2.23813E-02,-1.50000E+02,2,CENOZOIC
72,22.93400,40.58609,0.00000,5.47774E+02,0,2.03918E-02,-1.50000E+02,2,UNKNOWN
73,22.93569,40.58609,0.00000,5.47774E+02,0,2.03918E-02,-1.50000E+02,2,UNKNOWN
74,22.93739,40.58609,0.00000,5.47774E+02,0,2.03918E-02,-1.50000E+02,2,UNKNOWN
75,22.93909,40.58609,0.00000,5.47774E+02,0,2.03918E-02,-1.50000E+02,2,UNKNOWN
76,22.94079,40.58609,0.00000,5.47774E+02,0,2.03918E-02,-1.50000E+02,2,UNKNOWN
77,22.94248,40.58609,0.00000,4.39889E+02,0,2.10909E-02,-1.50000E+02,2,UNKNOWN
78,22.94418,40.58609,0.00000,4.39889E+02,0,2.10909E-02,-1.50000E+02,2,UNKNOWN
79,22.94588,40.58609,0.00000,4.39889E+02,0,2.10909E-02,-1.50000E+02,2,UNKNOWN
80,22.94757,40.58609,0.00000,4.39889E+02,0,2.10909E-02,-1.50000E+02,2,UNKNOWN
81,22.94927,40.58609,0.00000,4.39889E+02,0,2.10909E-02,-1.50000E+02,2,UNKNOWN
82,22.95097,40.58609,0.00000,3.73225E+02,0,2.21183E-02,-1.50000E+02,2,CENOZOIC
83,22.95266,40.58609,0.00000,3.73225E+02,0,2.21183E-02,-1.50000E+02,2,CENOZOIC
84,22.95436,40.58609,0.00000,3.73225E+02,0,2.21183E-02,-1.50000E+02,2,CENOZOIC
85,22.95606,40.58609,0.00000,3.73225E+02,0,2.21183E-02,-1.50000E+02,2,CENOZOIC
86,22.95775,40.58609,0.00000,3.73225E+02,0,2.21183E-02,-1.50000E+02,2,CENOZOIC
87,22.95945,40.58609,0.00000,3.58743E+02,0,2.33197E-02,-1.50000E+02,2,CENOZOIC
88,22.96115,40.58609,0.00000,3.58743E+02,0,2.33197E-02,-1.50000E+02,2,CENOZOIC
89,22.96285,40.58609,0.00000,3.58743E+02,0,2.33197E-02,-1.50000E+02,2,CENOZOIC
90,22.96454,40.58609,0.00000,3.58743E+02,0,2.33197E-02,-1.50000E+02,2,CENOZOIC
91,22.96624,40.58609,0.00000,3.58743E+02,0,2.33197E-02,-1.50000E+02,2,CENOZOIC
92,22.96794,40.58609,0.00000,3.69049E+02,0,2.23813E-02,-1.50000E+02,2,CENOZOIC
93,22.96963,40.58609,0.00000,3.69049E+02,0,2.23813E-02,-1.50000E+02,2,CENOZOIC
94,22.97133,40.58609,0.00000,3.69049E+02,0,2.23813E-02,-1.50000E+02,2,CENOZOIC
95,22.97303,40.58609,0.00000,3.69049E+02,0,2.23813E-02,-1.50000E+02,2,CENOZOIC
96,22.93400,40.58853,0.00000,5.47774E+02,0,2.03918E-02,-1.50000E+02,2,UNKNOWN
97,22.93569,40.58853,0.00000,5.47774E+02,0,2.03918E-02,-1.50000E+02,2,UNKNOWN
98,22.93739,40.58853,0.00000,5.47774E+02,0,2.03918E-02,-1.50000E+02,2,UNKNOWN
99,22.93909,40.58853,0.00000,5.47774E+02,0,2.03918E-02,-1.50000E+02,2,UNKNOWN
100,22.94079,40.58853,0.00000,5.47774E+02,0,2.03918E-02,-1.50000E+02,2,UNKNOWN
101,22.94248,40.58853,0.00000,4.39889E+02,0,2.10909E-02,-1.50000E+02,2,UNKNOWN
102,22.94418,40.58853,0.00000,4.39889E+02,0,2.10909E-02,-1.50000E+02,2,UNKNOWN
103,22.94588,40.58853,0.00000,4.39889E+02,0,2.10909E-02,-1.50000E+02,2,UNKNOWN
104,22.94757,40.58853,0.00000,4.39889E+02,0,2.10909E-02,-1.50000E+02,2,UNKNOWN
105,22.94927,40.58853,0.00000,4.39889E+02,0,2.10909E-02,-1.50000E+02,2,UNKNOWN
106,22.95097,40.58853,0.00000,3.73225E+02,0,2.21183E-02,-1.50000E+02,2,CENOZOIC
107,22.95266,40.58853,0.00000,3.73225E+02,0,2.21183E-02,-1.50000E+02,2,CENOZOIC
108,22.95436,40.58853,0.00000,3.73225E+02,0,2.21183E-02,-1.50000E+02,2,CENOZOIC
109,22.95606,40.58853,0.00000,3.73225E+02,0,2.21183E-02,-1.50000E+02,2,CENOZOIC
110,22.95775,40.58853,0.00000,3.73225E+02,0,2.21183E-02,-1.50000E+02,2,CENOZOIC
111,22.95945,40.58853,0.00000,3.58743E+02,0,2.33197E-02,-1.50000E+02,2,CENOZOIC
112,22.96115,40.58853,0.00000,3.58743E+02,0,2.33197E-02,-1.50000E+02,2,CENOZOIC
113,22.96285,40.58853,0.00000,3.58743E+02,0,2.33197E-02,-1.50000E+02,2,CENOZOIC
114,22.96454,40.58853,0.00000,3.58743E+02,0,2.33197E-02,-1.50000E+02,2,CENOZOIC
115,22.96624,40.58853,0.00000,3.58743E+02,0,2.33197E-02,-1.50000E+02,2,CENOZOIC
116,22.96794,40.58853,0.00000,3.69049E+02,0,2.23813E-02,-1.50000E+02,2,CENOZOIC
117,22.96963,40.58853,0.00000,3.69049E+02,0,2.23813E-02,-1.50000E+02,2,CENOZOIC
118,22.97133,40.58853,0.00000,3.69049E+02,0,2.23813E-02,-1.50000E+02,2,CENOZOIC
119,22.97303,40.58853,0.00000,3.69049E+02,0,2.23813E-02,-1.50000E+02,2,CENOZOIC
120,22.93400,40.59096,0.00000,5.47774E+02,0,2.03918E-02,-1.50000E+02,2,UNKNOWN
121,22.93569,40.59096,0.00000,5.47774E+02,0,2.03918E-02,-1.50000E+02,2,UNKNOWN
122,22.93739,40.59096,0.00000,5.47774E+02,0,2.03918E-02,-1.50000E+02,2,UNKNOWN
123,22.93909,40.59096,0.00000,5.47774E+02,0,2.03918E-02,-1.50000E+02,2,UNKNOWN
124,22.94079,40.59096,0.00000,5.47774E+02,0,2.03918E-02,-1.50000E+02,2,UNKNOWN
125,22.94248,40.59096,0.00000,4.39889E+02,0,2.10909E-02,-1.50000E+02,2,UNKNOWN
126,22.94418,40.59096,0.00000,4.39889E+02,0,2.10909E-02,-1.50000E+02,2,UNKNOWN
127,22.94588,40.59096,0.00000,4.39889E+02,0,2.10909E-02,-1.50000E+02,2,UNKNOWN
128,22.94757,40.59096,0.00000,4.39889E+02,0,2.10909E-02,-1.50000E+02,2,UNKNOWN
129,22.94927,40.59096,0.00000,4.39889E+02,0,2.10909E-02,-1.50000E+02,2,UNKNOWN
130,22.95097,40.59096,0.00000,3.73225E+02,0,2.21183E-02,-1.50000E+02,2,CENOZOIC
131,22.95266,40.59096,0.00000,3.73225E+02,0,2.21183E-02,-1.50000E+02,2,CENOZOIC
132,22.95436,40.59096,0.00000,3.73225E+02,0,2.21183E-02,-1.50000E+02,2,CENOZOIC
133,22.95606,40.59096,0.00000,3.73225E+02,0,2.21183E-02,-1.50000E+02,2,CENOZOIC
134,22.95775,40.59096,0.00000,3.73225E+02,0,2.21183E-02,-1.50000E+02,2,CENOZOIC
135,22.95945,40.59096,0.00000,3.58743E+02,0,2.33197E-02,-1.50000E+02,2,CENOZOIC
136,22.96115,40.59096,0.00000,3.58743E+02,0,2.33197E-02,-1.50000E+02,2,CENOZOIC
137,22.96285,40.59096,0.00000,3.58743E+02,0,2.33197E-02,-1.50000E+02,2,CENOZOIC
138,22.96454,40.59096,0.00000,3.58743E+02,0,2.33197E-02,-1.50000E+02,2,CENOZOIC
139,22.96624,40.59096,0.00000,3.58743E+02,0,2.33197E-02,-1.50000E+02,2,CENOZOIC
140,22.96794,40.59096,0.00000,3.69049E+02,0,2.23813E-02,-1.50000E+02,2,CENOZOIC
141,22.96963,40.59096,0.00000,3.69049E+02,0,2.23813E-02,-1.50000E+02,2,CENOZOIC
142,22.97133,40.59096,0.00000,3.69049E+02,0,2.23813E-02,-1.50000E+02,2,CENOZOIC
143,22.97303,40.59096,0.00000,3.69049E+02,0,2.23813E-02,-1.50000E+02,2,CENOZOIC
144,22.94248,40.59339,0.00000,4.80628E+02,0,2.13668E-02,-1.50000E+02,2,UNKNOWN
145,22.94418,40.59339,0.00000,4.80628E+02,0,2.13668E-02,-1.50000E+02,2,UNKNOWN
146,22.94588,40.59339,0.00000,4.80628E+02,0,2.13668E-02,-1.50000E+02,2,UNKNOWN
147,22.94757,40.59339,0.00000,4.80628E+02,0,2.13668E-02,-1.50000E+02,2,UNKNOWN
148,22.94927,40.59339,0.00000,4.80628E+02,0,2.13668E-02,-1.50000E+02,2,UNKNOWN
149,22.95097,40.59339,0.00000,3.63381E+02,0,1.80584E-02,-1.50000E+02,2,CENOZOIC
150,22.95266,40.59339,0.00000,3.63381E+02,0,1.80584E-02,-1.50000E+02,2,CENOZOIC
151,22.95436,40.59339,0.00000,3.63381E+02,0,1.80584E-02,-1.50000E+02,2,CENOZOIC
152,22.95606,40.59339,0.00000,3.63381E+02,0,1.80584E-02,-1.50000E+02,2,CENOZOIC
153,22.95775,40.59339,0.00000,3.63381E+02,0,1.80584E-02,-1.50000E+02,2,CENOZOIC
154,22.95945,40.59339,0.00000,3.68616E+02,0,1.84413E-02,-1.50000E+02,2,CENOZOIC
155,22.96115,40.59339,0.00000,3.68616E+02,0,1.84413E-02,-1.50000E+02,2,CENOZOIC
156,22.96285,40.59339,0.00000,3.68616E+02,0,1.84413E-02,-1.50000E+02,2,CENOZOIC
157,22.96454,40.59339,0.00000,3.68616E+02,0,1.84413E-02,-1.50000E+02,2,CENOZOIC
158,22.96624,40.59339,0.00000,3.68616E+02,0,1.84413E-02,-1.50000E+02,2,CENOZOIC
159,22.96794,40.59339,0.00000,3.86847E+02,0,2.46374E-02,-1.50000E+02,2,CENOZOIC
160,22.96963,40.59339,0.00000,3.86847E+02,0,2.46374E-02,-1.50000E+02,2,CENOZOIC
161,22.97133,40.59339,0.00000,3.86847E+02,0,2.46374E-02,-1.50000E+02,2,CENOZOIC
162,22.97303,40.59339,0.00000,3.86847E+02,0,2.46374E-02,-1.50000E+02,2,CENOZOIC
163,22.94248,40.59582,0.00000,4.80628E+02,0,2.13668E-02,-1.50000E+02,2,UNKNOWN
164,22.94418,40.59582,0.00000,4.80628E+02,0,2.13668E-02,-1.50000E+02,2,UNKNOWN
165,22.94588,40.59582,0.00000,4.80628E+02,0,2.13668E-02,-1.50000E+02,2,UNKNOWN
166,22.94757,40.59582,0.00000,4.80628E+02,0,2.13668E-02,-1.50000E+02,2,UNKNOWN
167,22.94927,40.59582,0.00000,4.80628E+02,0,2.13668E-02,-1.50000E+02,2,UNKNOWN
168,22.95097,40.59582,0.00000,3.63381E+02,0,1.80584E-02,-1.50000E+02,2,CENOZOIC
169,22.95266,40.59582,0.00000,3.63381E+02,0,1.80584E-02,-1.50000E+02,2,CENOZOIC
170,22.95436,40.59582,0.00000,3.63381E+02,0,1.80584E-02,-1.50000E+02,2,CENOZOIC
171,22.95606,40.59582,0.00000,3.63381E+02,0,1.80584E-02,-1.50000E+02,2,CENOZOIC
172,22.95775,40.59582,0.00000,3.63381E+02,0,1.80584E-02,-1.50000E+02,2,CENOZOIC
173,22.95945,40.59582,0.00000,3.68616E+02,0,1.84413E-02,-1.50000E+02,2,CENOZOIC
174,22.96115,40.59582,0.00000,3.68616E+02,0,1.84413E-02,-1.50000E+02,2,CENOZOIC
175,22.96285,40.59582,0.00000,3.68616E+02,0,1.84413E-02,-1.50000E+02,2,CENOZOIC
176,22.96454,40.59582,0.00000,3.68616E+02,0,1.84413E-02,-1.50000E+02,2,CENOZOIC
177,22.96624,40.59582,0.00000,3.68616E+02,0,1.84413E-02,-1.50000E+02,2,CENOZOIC
178,22.96794,40.59582,0.00000,3.86847E+02,0,2.46374E-02,-1.50000E+02,2,CENOZOIC
179,22.96963,40.59582,0.00000,3.86847E+02,0,2.46374E-02,-1.50000E+02,2,CENOZOIC
180,22.97133,40.59582,0.00000,3.86847E+02,0,2.46374E-02,-1.50000E+02,2,CENOZOIC
181,22.97303,40.59582,0.00000,3.86847E+02,0,2.46374E-02,-1.50000E+02,2,CENOZOIC
182,22.94248,40.59826,0.00000,4.80628E+02,0,2.13668E-02,-1.50000E+02,2,UNKNOWN
183,22.94418,40.59826,0.00000,4.80628E+02,0,2.13668E-02,-1.50000E+02,2,UNKNOWN
184,22.94588,40.59826,0.00000,4.80628E+02,0,2.13668E-02,-1.50000E+02,2,UNKNOWN
185,22.94757,40.59826,0.00000,4.80628E+02,0,2.13668E-02,-1.50000E+02,2,UNKNOWN
186,22.94927,40.59826,0.00000,4.80628E+02,0,2.13668E-02,-1.50000E+02,2,UNKNOWN
187,22.95097,40.59826,0.00000,3.63381E+02,0,1.80584E-02,-1.50000E+02,2,CENOZOIC
188,22.95266,40.59826,0.00000,3.63381E+02,0,1.80584E-02,-1.50000E+02,2,CENOZOIC
189,22.95436,40.59826,0.00000,3.63381E+02,0,1.80584E-02,-1.50000E+02,2,CENOZOIC
190,22.95606,40.59826,0.00000,3.63381E+02,0,1.80584E-02,-1.50000E+02,2,CENOZOIC
191,22.95775,40.59826,0.00000,3.63381E+02,0,1.80584E-02,-1.50000E+02,2,CENOZOIC
192,22.95945,40.59826,0.00000,3.68616E+02,0,1.84413E-02,-1.50000E+02,2,CENOZOIC
193,22.96115,40.59826,0.00000,3.68616E+02,0,1.84413E-02,-1.50000E+02,2,CENOZOIC
194,22.96285,40.59826,0.00000,3.68616E+02,0,1.84413E-02,-1.50000E+02,2,CENOZOIC
195,22.96454,40.59826,0.00000,3.68616E+02,0,1.84413E-02,-1.50000E+02,2,CENOZOIC
196,22.96624,40.59826,0.00000,3.68616E+02,0,1.84413E-02,-1.50000E+02,2,CENOZOIC
197,22.96794,40.59826,0.00000,3.86847E+02,0,2.46374E-02,-1.50000E+02,2,CENOZOIC
198,22.96963,40.59826,0.00000,3.86847E+02,0,2.46374E-02,-1.50000E+02,2,CENOZOIC
199,22.97133,40.59826,0.00000,3.86847E+02,0,2.46374E-02,-1.50000E+02,2,CENOZOIC
200,22.97303,40.59826,0.00000,3.86847E+02,0,2.46374E-02,-1.50000E+02,2,CENOZOIC
201,22.95097,40.60069,0.00000,3.51231E+02,0,2.20586E-02,-1.50000E+02,2,UNKNOWN
202,22.95266,40.60069,0.00000,3.51231E+02,0,2.20586E-02,-1.50000E+02,2,UNKNOWN
203,22.95436,40.60069,0.00000,3.51231E+02,0,2.20586E-02,-1.50000E+02,2,UNKNOWN
204,22.95606,40.60069,0.00000,3.51231E+02,0,2.20586E-02,-1.50000E+02,2,UNKNOWN
205,22.95775,40.60069,0.00000,3.51231E+02,0,2.20586E-02,-1.50000E+02,2,UNKNOWN
206,22.95945,40.60069,0.00000,3.61462E+02,0,1.56729E-02,-1.50000E+02,2,CENOZOIC
207,22.96115,40.60069,0.00000,3.61462E+02,0,1.56729E-02,-1.50000E+02,2,CENOZOIC
208,22.96285,40.60069,0.00000,3.61462E+02,0,1.56729E-02,-1.50000E+02,2,CENOZOIC
209,22.96454,40.60069,0.00000,3.61462E+02,0,1.56729E-02,-1.50000E+02,2,CENOZOIC
210,22.96624,40.60069,0.00000,3.61462E+02,0,1.56729E-02,-1.50000E+02,2,CENOZOIC
211,22.96794,40.60069,0.00000,3.81516E+02,0,1.94085E-02,-1.50000E+02,2,CENOZOIC
212,22.96963,40.60069,0.00000,3.81516E+02,0,1.94085E-02,-1.50000E+02,2,CENOZOIC
213,22.97133,40.60069,0.00000,3.81516E+02,0,1.94085E-02,-1.50000E+02,2,CENOZOIC
214,22.97303,40.60069,0.00000,3.81516E+02,0,1.94085E-02,-1.50000E+02,2,CENOZOIC
215,22.95097,40.60312,0.00000,3.51231E+02,0,2.20586E-02,-1.50000E+02,2,UNKNOWN
216,22.95266,40.60312,0.00000,3.51231E+02,0,2.20586E-02,-1.50000E+02,2,UNKNOWN
217,22.95436,40.60312,0.00000,3.51231E+02,0,2.20586E-02,-1.50000E+02,2,UNKNOWN
218,22.95606,40.60312,0.00000,3.51231E+02,0,2.20586E-02,-1.50000E+02,2,UNKNOWN
219,22.95775,40.60312,0.00000,3.51231E+02,0,2.20586E-02,-1.50000E+02,2,UNKNOWN
220,22.95945,40.60312,0.00000,3.61462E+02,0,1.56729E-02,-1.50000E+02,2,CENOZOIC
221,22.96115,40.60312,0.00000,3.61462E+02,0,1.56729E-02,-1.50000E+02,2,CENOZOIC
222,22.96285,40.60312,0.00000,3.61462E+02,0,1.56729E-02,-1.50000E+02,2,CENOZOIC
223,22.96454,40.60312,0.00000,3.61462E+02,0,1.56729E-02,-1.50000E+02,2,CENOZOIC
224,22.96624,40.60312,0.00000,3.61462E+02,0,1.56729E-02,-1.50000E+02,2,CENOZOIC
225,22.96794,40.60312,0.00000,3.81516E+02,0,1.94085E-02,-1.50000E+02,2,CENOZOIC
226,22.96963,40.60312,0.00000,3.81516E+02,0,1.94085E-02,-1.50000E+02,2,CENOZOIC
227,22.97133,40.60312,0.00000,3.81516E+02,0,1.94085E-02,-1.50000E+02,2,CENOZOIC
228,22.97303,40.60312,0.00000,3.81516E+02,0,1.94085E-02,-1.50000E+02,2,CENOZOIC
229,22.95097,40.60555,0.00000,3.51231E+02,0,2.20586E-02,-1.50000E+02,2,UNKNOWN
230,22.95266,40.60555,0.00000,3.51231E+02,0,2.20586E-02,-1.50000E+02,2,UNKNOWN
231,22.95436,40.60555,0.00000,3.51231E+02,0,2.20586E-02,-1.50000E+02,2,UNKNOWN
232,22.95606,40.60555,0.00000,3.51231E+02,0,2.20586E-02,-1.50000E+02,2,UNKNOWN
233,22.95775,40.60555,0.00000,3.51231E+02,0,2.20586E-02,-1.50000E+02,2,UNKNOWN
234,22.95945,40.60555,0.00000,3.61462E+02,0,1.56729E-02,-1.50000E+02,2,CENOZOIC
235,22.96115,40.60555,0.00000,3.61462E+02,0,1.56729E-02,-1.50000E+02,2,CENOZOIC
236,22.96285,40.60555,0.00000,3.61462E+02,0,1.56729E-02,-1.50000E+02,2,CENOZOIC
237,22.96454,40.60555,0.00000,3.61462E+02,0,1.56729E-02,-1.50000E+02,2,CENOZOIC
238,22.96624,40.60555,0.00000,3.61462E+02,0,1.56729E-02,-1.50000E+02,2,CENOZOIC
239,22.96794,40.60555,0.00000,3.81516E+02,0,1.94085E-02,-1.50000E+02,2,CENOZOIC
240,22.96963,40.60555,0.00000,3.81516E+02,0,1.94085E-02,-1.50000E+02,2,CENOZOIC
241,22.97133,40.60555,0.00000,3.81516E+02,0,1.94085E-02,-1.50000E+02,2,CENOZOIC
242,22.97303,40.60555,0.00000,3.81516E+02,0,1.94085E-02,-1.50000E+02,2,CENOZOIC
243,22.95097,40.60799,0.00000,3.51231E+02,0,2.20586E-02,-1.50000E+02,2,UNKNOWN
244,22.95266,40.60799,0.00000,3.51231E+02,0,2.20586E-02,-1.50000E+02,2,UNKNOWN
245,22.95436,40.60799,0.00000,3.51231E+02,0,2.20586E-02,-1.50000E+02,2,UNKNOWN
246,22.95606,40.60799,0.00000,3.51231E+02,0,2.20586E-02,-1.50000E+02,2,UNKNOWN
247,22.95775,40.60799,0.00000,3.51231E+02,0,2.20586E-02,-1.50000E+02,2,UNKNOWN
248,22.95945,40.60799,0.00000,3.61462E+02,0,1.56729E-02,-1.50000E+02,2,CENOZOIC
249,22.96115,40.60799,0.00000,3.61462E+02,0,1.56729E-02,-1.50000E+02,2,CENOZOIC
250,22.96285,40.60799,0.00000,3.61462E+02,0,1.56729E-02,-1.50000E+02,2,CENOZOIC
251,22.96454,40.60799,0.00000,3.61462E+02,0,1.56729E-02,-1.50000E+02,2,CENOZOIC
252,22.96624,40.60799,0.00000,3.61462E+02,0,1.56729E-02,-1.50000E+02,2,CENOZOIC
253,22.96794,40.60799,0.00000,3.81516E+02,0,1.94085E-02,-1.50000E+02,2,CENOZOIC
254,22.96963,40.60799,0.00000,3.81516E+02,0,1.94085E-02,-1.50000E+02,2,CENOZOIC
255,22.97133,40.60799,0.00000,3.81516E+02,0,1.94085E-02,-1.50000E+02,2,CENOZOIC
256,22.97303,40.60799,0.00000,3.81516E+02,0,1.94085E-02,-1.50000E+02,2,CENOZOIC
257,22.95097,40.61042,0.00000,3.61443E+02,0,2.42215E-02,-1.50000E+02,2,UNKNOWN
258,22.95266,40.61042,0.00000,3.61443E+02,0,2.42215E-02,-1.50000E+02,2,UNKNOWN
259,22.95436,40.61042,0.00000,3.61443E+02,0,2.42215E-02,-1.50000E+02,2,UNKNOWN
260,22.95606,40.61042,0.00000,3.61443E+02,0,2.42215E-02,-1.50000E+02,2,UNKNOWN
261,22.95775,40.61042,0.00000,3.61443E+02,0,2.42215E-02,-1.50000E+02,2,UNKNOWN
262,22.95945,40.61042,0.00000,3.91938E+02,0,2.66517E-02,-1.50000E+02,2,CENOZOIC
263,22.96115,40.61042,0.00000,3.91938E+02,0,2.66517E-02,-1.50000E+02,2,CENOZOIC
264,22.96285,40.61042,0.00000,3.91938E+02,0,2.66517E-02,-1.50000E+02,2,CENOZOIC
265,22.96454,40.61042,0.00000,3.91938E+02,0,2.66517E-02,-1.50000E+02,2,CENOZOIC
266,22.96624,40.61042,0.00000,3.91938E+02,0,2.66517E-02,-1.50000E+02,2,CENOZOIC
267,22.96794,40.61042,0.00000,4.23400E+02,0,3.34091E-02,-1.50000E+02,2,CENOZOIC
268,22.96963,40.61042,0.00000,4.23400E+02,0,3.34091E-02,-1.50000E+02,2,CENOZOIC
269,22.97133,40.61042,0.00000,4.23400E+02,0,3.34091E-02,-1.50000E+02,2,CENOZOIC
270,22.97303,40.61042,0.00000,4.23400E+02,0,3.34091E-02,-1.50000E+02,2,CENOZOIC
271,22.95097,40.61285,0.00000,3.61443E+02,0,2.42215E-02,-1.50000E+02,2,UNKNOWN
272,22.95266,40.61285,0.00000,3.61443E+02,0,2.42215E-02,-1.50000E+02,2,UNKNOWN
273,22.95436,40.61285,0.00000,3.61443E+02,0,2.42215E-02,-1.50000E+02,2,UNKNOWN
274,22.95606,40.61285,0.00000,3.61443E+02,0,2.42215E-02,-1.50000E+02,2,UNKNOWN
275,22.95775,40.61285,0.00000,3.61443E+02,0,2.42215E-02,-1.50000E+02,2,UNKNOWN
276,22.95945,40.61285,0.00000,3.91938E+02,0,2.66517E-02,-1.50000E+02,2,CENOZOIC
277,22.96115,40.61285,0.00000,3.91938E+02,0,2.66517E-02,-1.50000E+02,2,CENOZOIC
278,22.96285,40.61285,0.00000,3.91938E+02,0,2.66517E-02,-1.50000E+02,2,CENOZOIC
279,22.96454,40.61285,0.00000,3.91938E+02,0,2.66517E-02,-1.50000E+02,2,CENOZOIC
280,22.96624,40.61285,0.00000,3.91938E+02,0,2.66517E-02,-1.50000E+02,2,CENOZOIC
281,22.96794,40.61285,0.00000,4.23400E+02,0,3.34091E-02,-1.50000E+02,2,CENOZOIC
282,22.96963,40.61285,0.00000,4.23400E+02,0,3.34091E-02,-1.50000E+02,2,CENOZOIC
283,22.97133,40.61285,0.00000,4.23400E+02,0,3.34091E-02,-1.50000E+02,2,CENOZOIC
284,22.97303,40.61285,0.00000,4.23400E+02,0,3.34091E-02,-1.50000E+02,2,CENOZOIC
285,22.95097,40.61528,0.00000,3.61443E+02,0,2.42215E-02,-1.50000E+02,2,UNKNOWN
286,22.95266,40.61528,0.00000,3.61443E+02,0,2.42215E-02,-1.50000E+02,2,UNKNOWN
287,22.95436,40.61528,0.00000,3.61443E+02,0,2.42215E-02,-1.50000E+02,2,UNKNOWN
288,22.95606,40.61528,0.00000,3.61443E+02,0,2.42215E-02,-1.50000E+02,2,UNKNOWN
289,22.95775,40.61528,0.00000,3.61443E+02,0,2.42215E-02,-1.50000E+02,2,UNKNOWN
290,22.95945,40.61528,0.00000,3.91938E+02,0,2.66517E-02,-1.50000E+02,2,CENOZOIC
291,22.96115,40.61528,0.00000,3.91938E+02,0,2.66517E-02,-1.50000E+02,2,CENOZOIC
292,22.96285,40.61528,0.00000,3.91938E+02,0,2.66517E-02,-1.50000E+02,2,CENOZOIC
293,22.96454,40.61528,0.00000,3.91938E+02,0,2.66517E-02,-1.50000E+02,2,CENOZOIC
294,22.96624,40.61528,0.00000,3.91938E+02,0,2.66517E-02,-1.50000E+02,2,CENOZOIC
295,22.96794,40.61528,0.00000,4.23400E+02,0,3.34091E-02,-1.50000E+02,2,CENOZOIC
296,22.96963,40.61528,0.00000,4.23400E+02,0,3.34091E-02,-1.50000E+02,2,CENOZOIC
297,22.97133,40.61528,0.00000,4.23400E+02,0,3.34091E-02,-1.50000E+02,2,CENOZOIC
298,22.97303,40.61528,0.00000,4.23400E+02,0,3.34091E-02,-1.50000E+02,2,CENOZOIC
299,22.94248,40.61772,0.00000,4.79329E+02,0,1.98933E-02,-1.50000E+02,2,UNKNOWN
300,22.94418,40.61772,0.00000,4.79329E+02,0,1.98933E-02,-1.50000E+02,2,UNKNOWN
301,22.94588,40.61772,0.00000,4.79329E+02,0,1.98933E-02,-1.50000E+02,2,UNKNOWN
302,22.94757,40.61772,0.00000,4.79329E+02,0,1.98933E-02,-1.50000E+02,2,UNKNOWN
303,22.94927,40.61772,0.00000,4.79329E+02,0,1.98933E-02,-1.50000E+02,2,UNKNOWN
304,22.95097,40.61772,0.00000,3.87543E+02,0,2.57100E-02,-1.50000E+02,2,UNKNOWN
305,22.95266,40.61772,0.00000,3.87543E+02,0,2.57100E-02,-1.50000E+02,2,UNKNOWN
306,22.95436,40.61772,0.00000,3.87543E+02,0,2.57100E-02,-1.50000E+02,2,UNKNOWN
307,22.95606,40.61772,0.00000,3.87543E+02,0,2.57100E-02,-1.50000E+02,2,UNKNOWN
308,22.95775,40.61772,0.00000,3.87543E+02,0,2.57100E-02,-1.50000E+02,2,UNKNOWN
309,22.95945,40.61772,0.00000,4.48906E+02,0,3.82132E-02,-1.50000E+02,2,CENOZOIC
310,22.96115,40.61772,0.00000,4.48906E+02,0,3.82132E-02,-1.50000E+02,2,CENOZOIC
311,22.96285,40.61772,0.00000,4.48906E+02,0,3.82132E-02,-1.50000E+02,2,CENOZOIC
312,22.96454,40.61772,0.00000,4.48906E+02,0,3.82132E-02,-1.50000E+02,2,CENOZOIC
313,22.96624,40.61772,0.00000,4.48906E+02,0,3.82132E-02,-1.50000E+02,2,CENOZOIC
314,22.96794,40.61772,0.00000,5.10630E+02,0,5.40600E-02,-1.50000E+02,2,CENOZOIC
315,22.96963,40.61772,0.00000,5.10630E+02,0,5.40600E-02,-1.50000E+02,2,CENOZOIC
316,22.97133,40.61772,0.00000,5.10630E+02,0,5.40600E-02,-1.50000E+02,2,CENOZOIC
317,22.97303,40.61772,0.00000,5.10630E+02,0,5.40600E-02,-1.50000E+02,2,CENOZOIC
318,22.94248,40.62015,0.00000,4.79329E+02,0,1.98933E-02,-1.50000E+02,2,UNKNOWN
319,22.94418,40.62015,0.00000,4.79329E+02,0,1.98933E-02,-1.50000E+02,2,UNKNOWN
320,22.94588,40.62015,0.00000,4.79329E+02,0,1.98933E-02,-1.50000E+02,2,UNKNOWN
321,22.94757,40.62015,0.00000,4.79329E+02,0,1.98933E-02,-1.50000E+02,2,UNKNOWN
322,22.94927,40.62015,0.00000,4.79329E+02,0,1.98933E-02,-1.50000E+02,2,UNKNOWN
323,22.95097,40.62015,0.00000,3.87543E+02,0,2.57100E-02,-1.50000E+02,2,UNKNOWN
324,22.95266,40.62015,0.00000,3.87543E+02,0,2.57100E-02,-1.50000E+02,2,UNKNOWN
325,22.95436,40.62015,0.00000,3.87543E+02,0,2.57100E-02,-1.50000E+02,2,UNKNOWN
326,22.95606,40.62015,0.00000,3.87543E+02,0,2.57100E-02,-1.50000E+02,2,UNKNOWN
327,22.95775,40.62015,0.00000,3.87543E+02,0,2.57100E-02,-1.50000E+02,2,UNKNOWN
328,22.95945,40.62015,0.00000,4.48906E+02,0,3.82132E-02,-1.50000E+02,2,CENOZOIC
329,22.96115,40.62015,0.00000,4.48906E+02,0,3.82132E-02,-1.50000E+02,2,CENOZOIC
330,22.96285,40.62015,0.00000,4.48906E+02,0,3.82132E-02,-1.50000E+02,2,CENOZOIC
331,22.96454,40.62015,0.00000,4.48906E+02,0,3.82132E-02,-1.50000E+02,2,CENOZOIC
332,22.96624,40.62015,0.00000,4.48906E+02,0,3.82132E-02,-1.50000E+02,2,CENOZOIC
333,22.96794,40.62015,0.00000,5.10630E+02,0,5.40600E-02,-1.50000E+02,2,CENOZOIC
334,22.96963,40.62015,0.00000,5.10630E+02,0,5.40600E-02,-1.50000E+02,2,CENOZOIC
335,22.97133,40.62015,0.00000,5.10630E+02,0,5.40600E-02,-1.50000E+02,2,CENOZOIC
336,22.97303,40.62015,0.00000,5.10630E+02,0,5.40600E-02,-1.50000E+02,2,CENOZOIC
337,22.94248,40.62258,0.00000,4.79329E+02,0,1.98933E-02,-1.50000E+02,2,UNKNOWN
338,22.94418,40.62258,0.00000,4.79329E+02,0,1.98933E-02,-1.50000E+02,2,UNKNOWN
339,22.94588,40.62258,0.00000,4.79329E+02,0,1.98933E-02,-1.50000E+02,2,UNKNOWN
340,22.94757,40.62258,0.00000,4.79329E+02,0,1.98933E-02,-1.50000E+02,2,UNKNOWN
341,22.94927,40.62258,0.00000,4.79329E+02,0,1.98933E-02,-1.50000E+02,2,UNKNOWN
342,22.95097,40.62258,0.00000,3.87543E+02,0,2.57100E-02,-1.50000E+02,2,UNKNOWN
343,22.95266,40.62258,0.00000,3.87543E+02,0,2.57100E-02,-1.50000E+02,2,UNKNOWN
344,22.95436,40.62258,0.00000,3.87543E+02,0,2.57100E-02,-1.50000E+02,2,UNKNOWN
345,22.95606,40.62258,0.00000,3.87543E+02,0,2.57100E-02,-1.50000E+02,2,UNKNOWN
346,22.95775,40.62258,0.00000,3.87543E+02,0,2.57100E-02,-1.50000E+02,2,UNKNOWN
347,22.95945,40.62258,0.00000,4.48906E+02,0,3.82132E-02,-1.50000E+02,2,CENOZOIC
348,22.96115,40.62258,0.00000,4.48906E+02,0,3.82132E-02,-1.50000E+02,2,CENOZOIC
349,22.96285,40.62258,0.00000,4.48906E+02,0,3.82132E-02,-1.50000E+02,2,CENOZOIC
350,22.96454,40.62258,0.00000,4.48906E+02,0,3.82132E-02,-1.50000E+02,2,CENOZOIC
351,22.96624,40.62258,0.00000,4.48906E+02,0,3.82132E-02,-1.50000E+02,2,CENOZOIC
352,22.96794,40.62258,0.00000,5.10630E+02,0,5.40600E-02,-1.50000E+02,2,CENOZOIC
353,22.96963,40.62258,0.00000,5.10630E+02,0,5.40600E-02,-1.50000E+02,2,CENOZOIC
354,22.97133,40.62258,0.00000,5.10630E+02,0,5.40600E-02,-1.50000E+02,2,CENOZOIC
355,22.97303,40.62258,0.00000,5.10630E+02,0,5.40600E-02,-1.50000E+02,2,CENOZOIC
356,22.93400,40.62502,0.00000,4.86418E+02,0,2.13756E-02,-1.50000E+02,2,UNKNOWN
357,22.93569,40.62502,0.00000,4.86418E+02,0,2.13756E-02,-1.50000E+02,2,UNKNOWN
358,22.93739,40.62502,0.00000,4.86418E+02,0,2.13756E-02,-1.50000E+02,2,UNKNOWN
359,22.93909,40.62502,0.00000,4.86418E+02,0,2.13756E-02,-1.50000E+02,2,UNKNOWN
360,22.94079,40.62502,0.00000,4.86418E+02,0,2.13756E-02,-1.50000E+02,2,UNKNOWN
361,22.94248,40.62502,0.00000,4.64213E+02,0,2.62267E-02,-1.50000E+02,2,UNKNOWN
362,22.94418,40.62502,0.00000,4.64213E+02,0,2.62267E-02,-1.50000E+02,2,UNKNOWN
363,22.94588,40.62502,0.00000,4.64213E+02,0,2.62267E-02,-1.50000E+02,2,UNKNOWN
364,22.94757,40.62502,0.00000,4.64213E+02,0,2.62267E-02,-1.50000E+02,2,UNKNOWN
365,22.94927,40.62502,0.00000,4.64213E+02,0,2.62267E-02,-1.50000E+02,2,UNKNOWN
366,22.95097,40.62502,0.00000,4.62279E+02,0,3.98337E-02,-1.50000E+02,2,UNKNOWN
367,22.95266,40.62502,0.00000,4.62279E+02,0,3.98337E-02,-1.50000E+02,2,UNKNOWN
368,22.95436,40.62502,0.00000,4.62279E+02,0,3.98337E-02,-1.50000E+02,2,UNKNOWN
369,22.95606,40.62502,0.00000,4.62279E+02,0,3.98337E-02,-1.50000E+02,2,UNKNOWN
370,22.95775,40.62502,0.00000,4.62279E+02,0,3.98337E-02,-1.50000E+02,2,UNKNOWN
371,22.95945,40.62502,0.00000,5.49940E+02,0,6.90543E-02,-1.50000E+02,2,CENOZOIC
372,22.96115,40.62502,0.00000,5.49940E+02,0,6.90543E-02,-1.50000E+02,2,CENOZOIC
373,22.96285,40.62502,0.00000,5.49940E+02,0,6.90543E-02,-1.50000E+02,2,CENOZOIC
374,22.96454,40.62502,0.00000,5.49940E+02,0,6.90543E-02,-1.50000E+02,2,CENOZOIC
375,22.96624,40.62502,0.00000,5.49940E+02,0,6.90543E-02,-1.50000E+02,2,CENOZOIC
376,22.96794,40.62502,0.00000,6.24458E+02,0,1.00814E-01,-1.50000E+02,2,CENOZOIC
377,22.96963,40.62502,0.00000,6.24458E+02,0,1.00814E-01,-1.50000E+02,2,CENOZOIC
378,22.97133,40.62502,0.00000,6.24458E+02,0,1.00814E-01,-1.50000E+02,2,CENOZOIC
379,22.97303,40.62502,0.00000,6.24458E+02,0,1.00814E-01,-1.50000E+02,2,CENOZOIC
380,22.93400,40.62745,0.00000,4.86418E+02,0,2.13756E-02,-1.50000E+02,2,UNKNOWN
381,22.93569,40.62745,0.00000,4.86418E+02,0,2.13756E-02,-1.50000E+02,2,UNKNOWN
382,22.93739,40.62745,0.00000,4.86418E+02,0,2.13756E-02,-1.50000E+02,2,UNKNOWN
383,22.93909,40.62745,0.00000,4.86418E+02,0,2.13756E-02,-1.50000E+02,2,UNKNOWN
384,22.94079,40.62745,0.00000,4.86418E+02,0,2.13756E-02,-1.50000E+02,2,UNKNOWN
385,22.94248,40.62745,0.00000,4.64213E+02,0,2.62267E-02,-1.50000E+02,2,UNKNOWN
386,22.94418,40.62745,0.00000,4.64213E+02,0,2.62267E-02,-1.50000E+02,2,UNKNOWN
387,22.94588,40.62745,0.00000,4.64213E+02,0,2.62267E-02,-1.50000E+02,2,UNKNOWN
388,22.94757,40.62745,0.00000,4.64213E+02,0,2.62267E-02,-1.50000E+02,2,UNKNOWN
389,22.94927,40.62745,0.00000,4.64213E+02,0,2.62267E-02,-1.50000E+02,2,UNKNOWN
390,22.95097,40.62745,0.00000,4.62279E+02,0,3.98337E-02,-1.50000E+02,2,UNKNOWN
391,22.95266,40.62745,0.00000,4.62279E+02,0,3.98337E-02,-1.50000E+02,2,UNKNOWN
392,22.95436,40.62745,0.00000,4.62279E+02,0,3.98337E-02,-1.50000E+02,2,UNKNOWN
393,22.95606,40.62745,0.00000,4.62279E+02,0,3.98337E-02,-1.50000E+02,2,UNKNOWN
394,22.95775,40.62745,0.00000,4.62279E+02,0,3.98337E-02,-1.50000E+02,2,UNKNOWN
395,22.95945,40.62745,0.00000,5.49940E+02,0,6.90543E-02,-1.50000E+02,2,CENOZOIC
396,22.96115,40.62745,0.00000,5.49940E+02,0,6.90543E-02,-1.50000E+02,2,CENOZOIC
397,22.96285,40.62745,0.00000,5.49940E+02,0,6.90543E-02,-1.50000E+02,2,CENOZOIC
398,22.96454,40.62745,0.00000,5.49940E+02,0,6.90543E-02,-1.50000E+02,2,CENOZOIC
399,22.96624,40.62745,0.00000,5.49940E+02,0,6.90543E-02,-1.50000E+02,2,CENOZOIC
400,22.96794,40.62745,0.00000,6.24458E+02,0,1.00814E-01,-1.50000E+02,2,CENOZOIC
401,22.96963,40.62745,0.00000,6.24458E+02,0,1.00814E-01,-1.50000E+02,2,CENOZOIC
402,22.97133,40.62745,0.00000,6.24458E+02,0,1.00814E-01,-1.50000E+02,2,CENOZOIC
403,22.97303,40.62745,0.00000,6.24458E+02,0,1.00814E-01,-1.50000E+02,2,CENOZOIC
404,22.93400,40.62988,0.00000,4.86418E+02,0,2.13756E-02,-1.50000E+02,2,UNKNOWN
405,22.93569,40.62988,0.00000,4.86418E+02,0,2.13756E-02,-1.50000E+02,2,UNKNOWN
406,22.93739,40.62988,0.00000,4.86418E+02,0,2.13756E-02,-1.50000E+02,2,UNKNOWN
407,22.93909,40.62988,0.00000,4.86418E+02,0,2.13756E-02,-1.50000E+02,2,UNKNOWN
408,22.94079,40.62988,0.00000,4.86418E+02,0,2.13756E-02,-1.50000E+02,2,UNKNOWN
409,22.94248,40.62988,0.00000,4.64213E+02,0,2.62267E-02,-1.50000E+02,2,UNKNOWN
410,22.94418,40.62988,0.00000,4.64213E+02,0,2.62267E-02,-1.50000E+02,2,UNKNOWN
411,22.94588,40.62988,0.00000,4.64213E+02,0,2.62267E-02,-1.50000E+02,2,UNKNOWN
412,22.94757,40.62988,0.00000,4.64213E+02,0,2.62267E-02,-1.50000E+02,2,UNKNOWN
413,22.94927,40.62988,0.00000,4.64213E+02,0,2.62267E-02,-1.50000E+02,2,UNKNOWN
414,22.95097,40.62988,0.00000,4.62279E+02,0,3.98337E-02,-1.50000E+02,2,UNKNOWN
415,22.95266,40.62988,0.00000,4.62279E+02,0,3.98337E-02,-1.50000E+02,2,UNKNOWN
416,22.95436,40.62988,0.00000,4.62279E+02,0,3.98337E-02,-1.50000E+02,2,UNKNOWN
417,22.95606,40.62988,0.00000,4.62279E+02,0,3.98337E-02,-1.50000E+02,2,UNKNOWN
418,22.95775,40.62988,0.00000,4.62279E+02,0,3.98337E-02,-1.50000E+02,2,UNKNOWN
419,22.95945,40.62988,0.00000,5.49940E+02,0,6.90543E-02,-1.50000E+02,2,CENOZOIC
420,22.96115,40.62988,0.00000,5.49940E+02,0,6.90543E-02,-1.50000E+02,2,CENOZOIC
421,22.96285,40.62988,0.00000,5.49940E+02,0,6.90543E-02,-1.50000E+02,2,CENOZOIC
422,22.96454,40.62988,0.00000,5.49940E+02,0,6.90543E-02,-1.50000E+02,2,CENOZOIC
423,22.96624,40.62988,0.00000,5.49940E+02,0,6.90543E-02,-1.50000E+02,2,CENOZOIC
424,22.96794,40.62988,0.00000,6.24458E+02,0,1.00814E-01,-1.50000E+02,2,CENOZOIC
425,22.96963,40.62988,0.00000,6.24458E+02,0,1.00814E-01,-1.50000E+02,2,CENOZOIC
426,22.97133,40.62988,0.00000,6.24458E+02,0,1.00814E-01,-1.50000E+02,2,CENOZOIC
427,22.97303,40.62988,0.00000,6.24458E+02,0,1.00814E-01,-1.50000E+02,2,CENOZOIC
428,22.93400,40.63231,0.00000,4.86418E+02,0,2.13756E-02,-1.50000E+02,2,UNKNOWN
429,22.93569,40.63231,0.00000,4.86418E+02,0,2.13756E-02,-1.50000E+02,2,UNKNOWN
430,22.93739,40.63231,0.00000,4.86418E+02,0,2.13756E-02,-1.50000E+02,2,UNKNOWN
431,22.93909,40.63231,0.00000,4.86418E+02,0,2.13756E-02,-1.50000E+02,2,UNKNOWN
432,22.94079,40.63231,0.00000,4.86418E+02,0,2.13756E-02,-1.50000E+02,2,UNKNOWN
433,22.94248,40.63231,0.00000,4.64213E+02,0,2.62267E-02,-1.50000E+02,2,UNKNOWN
434,22.94418,40.63231,0.00000,4.64213E+02,0,2.62267E-02,-1.50000E+02,2,UNKNOWN
435,22.94588,40.63231,0.00000,4.64213E+02,0,2.62267E-02,-1.50000E+02,2,UNKNOWN
436,22.94757,40.63231,0.00000,4.64213E+02,0,2.62267E-02,-1.50000E+02,2,UNKNOWN
437,22.94927,40.63231,0.00000,4.64213E+02,0,2.62267E-02,-1.50000E+02,2,UNKNOWN
438,22.95097,40.63231,0.00000,4.62279E+02,0,3.98337E-02,-1.50000E+02,2,UNKNOWN
439,22.95266,40.63231,0.00000,4.62279E+02,0,3.98337E-02,-1.50000E+02,2,UNKNOWN
440,22.95436,40.63231,0.00000,4.62279E+02,0,3.98337E-02,-1.50000E+02,2,UNKNOWN
441,22.95606,40.63231,0.00000,4.62279E+02,0,3.98337E-02,-1.50000E+02,2,UNKNOWN
442,22.95775,40.63231,0.00000,4.62279E+02,0,3.98337E-02,-1.50000E+02,2,UNKNOWN
443,22.95945,40.63231,0.00000,5.49940E+02,0,6.90543E-02,-1.50000E+02,2,CENOZOIC
444,22.96115,40.63231,0.00000,5.49940E+02,0,6.90543E-02,-1.50000E+02,2,CENOZOIC
445,22.96285,40.63231,0.00000,5.49940E+02,0,6.90543E-02,-1.50000E+02,2,CENOZOIC
446,22.96454,40.63231,0.00000,5.49940E+02,0,6.90543E-02,-1.50000E+02,2,CENOZOIC
447,22.96624,40.63231,0.00000,5.49940E+02,0,6.90543E-02,-1.50000E+02,2,CENOZOIC
448,22.96794,40.63231,0.00000,6.24458E+02,0,1.00814E-01,-1.50000E+02,2,CENOZOIC
449,22.96963,40.63231,0.00000,6.24458E+02,0,1.00814E-01,-1.50000E+02,2,CENOZOIC
450,22.97133,40.63231,0.00000,6.24458E+02,0,1.00814E-01,-1.50000E+02,2,CENOZOIC
451,22.97303,40.63231,0.00000,6.24458E+02,0,1.00814E-01,-1.50000E+02,2,CENOZOIC
452,22.92382,40.63475,0.00000,4.50116E+02,0,1.13537E-02,-1.50000E+02,2,UNKNOWN
453,22.92551,40.63475,0.00000,4.19278E+02,0,1.59099E-02,-1.50000E+02,2,UNKNOWN
454,22.92721,40.63475,0.00000,4.19278E+02,0,1.59099E-02,-1.50000E+02,2,UNKNOWN
455,22.92891,40.63475,0.00000,4.19278E+02,0,1.59099E-02,-1.50000E+02,2,UNKNOWN
456,22.93060,40.63475,0.00000,4.19278E+02,0,1.59099E-02,-1.50000E+02,2,UNKNOWN
457,22.93230,40.63475,0.00000,4.19278E+02,0,1.59099E-02,-1.50000E+02,2,UNKNOWN
458,22.93400,40.63475,0.00000,4.15199E+02,0,2.99182E-02,-1.50000E+02,2,UNKNOWN
459,22.93569,40.63475,0.00000,4.15199E+02,0,2.99182E-02,-1.50000E+02,2,UNKNOWN
460,22.93739,40.63475,0.00000,4.15199E+02,0,2.99182E-02,-1.50000E+02,2,UNKNOWN
461,22.93909,40.63475,0.00000,4.15199E+02,0,2.99182E-02,-1.50000E+02,2,UNKNOWN
462,22.94079,40.63475,0.00000,4.15199E+02,0,2.99182E-02,-1.50000E+02,2,UNKNOWN
463,22.94248,40.63475,0.00000,4.83245E+02,0,4.98226E-02,-1.50000E+02,2,UNKNOWN
464,22.94418,40.63475,0.00000,4.83245E+02,0,4.98226E-02,-1.50000E+02,2,UNKNOWN
465,22.94588,40.63475,0.00000,4.83245E+02,0,4.98226E-02,-1.50000E+02,2,UNKNOWN
466,22.94757,40.63475,0.00000,4.83245E+02,0,4.98226E-02,-1.50000E+02,2,UNKNOWN
467,22.94927,40.63475,0.00000,4.83245E+02,0,4.98226E-02,-1.50000E+02,2,UNKNOWN
468,22.95097,40.63475,0.00000,5.47146E+02,0,7.93939E-02,-1.50000E+02,2,UNKNOWN
469,22.95266,40.63475,0.00000,5.47146E+02,0,7.93939E-02,-1.50000E+02,2,UNKNOWN
470,22.95436,40.63475,0.00000,5.47146E+02,0,7.93939E-02,-1.50000E+02,2,UNKNOWN
471,22.95606,40.63475,0.00000,5.47146E+02,0,7.93939E-02,-1.50000E+02,2,UNKNOWN
472,22.95775,40.63475,0.00000,5.47146E+02,0,7.93939E-02,-1.50000E+02,2,UNKNOWN
473,22.95945,40.63475,0.00000,6.19575E+02,0,1.10037E-01,-1.50000E+02,2,HOLOCENE
474,22.96115,40.63475,0.00000,6.19575E+02,0,1.10037E-01,-1.50000E+02,2,HOLOCENE
475,22.96285,40.63475,0.00000,6.19575E+02,0,1.10037E-01,-1.50000E+02,2,HOLOCENE
476,22.96454,40.63475,0.00000,6.19575E+02,0,1.10037E-01,-1.50000E+02,2,HOLOCENE
477,22.96624,40.63475,0.00000,6.19575E+02,0,1.10037E-01,-1.50000E+02,2,HOLOCENE
478,22.96794,40.63475,0.00000,6.67378E+02,0,1.25910E-01,-1.50000E+02,2,CENOZOIC
479,22.96963,40.63475,0.00000,6.67378E+02,0,1.25910E-01,-1.50000E+02,2,CENOZOIC
480,22.97133,40.63475,0.00000,6.67378E+02,0,1.25910E-01,-1.50000E+02,2,CENOZOIC
481,22.97303,40.63475,0.00000,6.67378E+02,0,1.25910E-01,-1.50000E+02,2,CENOZOIC
482,22.92382,40.63718,0.00000,4.50116E+02,0,1.13537E-02,-1.50000E+02,2,UNKNOWN
483,22.92551,40.63718,0.00000,4.19278E+02,0,1.59099E-02,-1.50000E+02,2,UNKNOWN
484,22.92721,40.63718,0.00000,4.19278E+02,0,1.59099E-02,-1.50000E+02,2,UNKNOWN
485,22.92891,40.63718,0.00000,4.19278E+02,0,1.59099E-02,-1.50000E+02,2,UNKNOWN
486,22.93060,40.63718,0.00000,4.19278E+02,0,1.59099E-02,-1.50000E+02,2,UNKNOWN
487,22.93230,40.63718,0.00000,4.19278E+02,0,1.59099E-02,-1.50000E+02,2,UNKNOWN
488,22.93400,40.63718,0.00000,4.15199E+02,0,2.99182E-02,-1.50000E+02,2,UNKNOWN
489,22.93569,40.63718,0.00000,4.15199E+02,0,2.99182E-02,-1.50000E+02,2,UNKNOWN
490,22.93739,40.63718,0.00000,4.15199E+02,0,2.99182E-02,-1.50000E+02,2,UNKNOWN
491,22.93909,40.63718,0.00000,4.15199E+02,0,2.99182E-02,-1.50000E+02,2,UNKNOWN
492,22.94079,40.63718,0.00000,4.15199E+02,0,2.99182E-02,-1.50000E+02,2,UNKNOWN
493,22.94248,40.63718,0.00000,4.83245E+02,0,4.98226E-02,-1.50000E+02,2,UNKNOWN
494,22.94418,40.63718,0.00000,4.83245E+02,0,4.98226E-02,-1.50000E+02,2,UNKNOWN
495,22.94588,40.63718,0.00000,4.83245E+02,0,4.98226E-02,-1.50000E+02,2,UNKNOWN
496,22.94757,40.63718,0.00000,4.83245E+02,0,4.98226E-02,-1.50000E+02,2,UNKNOWN
497,22.94927,40.63718,0.00000,4.83245E+02,0,4.98226E-02,-1.50000E+02,2,UNKNOWN
498,22.95097,40.63718,0.00000,5.47146E+02,0,7.93939E-02,-1.50000E+02,2,UNKNOWN
499,22.95266,40.63718,0.00000,5.47146E+02,0,7.93939E-02,-1.50000E+02,2,UNKNOWN
500,22.95436,40.63718,0.00000,5.47146E+02,0,7.93939E-02,-1.50000E+02,2,UNKNOWN
501,22.95606,40.63718,0.00000,5.47146E+02,0,7.93939E-02,-1.50000E+02,2,UNKNOWN
502,22.95775,40.63718,0.00000,5.47146E+02,0,7.93939E-02,-1.50000E+02,2,UNKNOWN
503,22.95945,40.63718,0.00000,6.19575E+02,0,1.10037E-01,-1.50000E+02,2,HOLOCENE
504,22.96115,40.63718,0.00000,6.19575E+02,0,1.10037E-01,-1.50000E+02,2,HOLOCENE
505,22.96285,40.63718,0.00000,6.19575E+02,0,1.10037E-01,-1.50000E+02,2,HOLOCENE
506,22.96454,40.63718,0.00000,6.19575E+02,0,1.10037E-01,-1.50000E+02,2,HOLOCENE
507,22.96624,40.63718,0.00000,6.19575E+02,0,1.10037E-01,-1.50000E+02,2,HOLOCENE
508,22.96794,40.63718,0.00000,6.67378E+02,0,1.25910E-01,-1.50000E+02,2,CENOZOIC
509,22.96963,40.63718,0.00000,6.67378E+02,0,1.25910E-01,-1.50000E+02,2,CENOZOIC
510,22.97133,40.63718,0.00000,6.67378E+02,0,1.25910E-01,-1.50000E+02,2,CENOZOIC
511,22.97303,40.63718,0.00000,6.67378E+02,0,1.25910E-01,-1.50000E+02,2,CENOZOIC
512,22.92382,40.63961,0.00000,4.50116E+02,0,1.13537E-02,-1.50000E+02,2,UNKNOWN
513,22.92551,40.63961,0.00000,4.19278E+02,0,1.59099E-02,-1.50000E+02,2,UNKNOWN
514,22.92721,40.63961,0.00000,4.19278E+02,0,1.59099E-02,-1.50000E+02,2,UNKNOWN
515,22.92891,40.63961,0.00000,4.19278E+02,0,1.59099E-02,-1.50000E+02,2,UNKNOWN
516,22.93060,40.63961,0.00000,4.19278E+02,0,1.59099E-02,-1.50000E+02,2,UNKNOWN
517,22.93230,40.63961,0.00000,4.19278E+02,0,1.59099E-02,-1.50000E+02,2,UNKNOWN
518,22.93400,40.63961,0.00000,4.15199E+02,0,2.99182E-02,-1.50000E+02,2,UNKNOWN
519,22.93569,40.63961,0.00000,4.15199E+02,0,2.99182E-02,-1.50000E+02,2,UNKNOWN
520,22.93739,40.63961,0.00000,4.15199E+02,0,2.99182E-02,-1.50000E+02,2,UNKNOWN
521,22.93909,40.63961,0.00000,4.15199E+02,0,2.99182E-02,-1.50000E+02,2,UNKNOWN
522,22.94079,40.63961,0.00000,4.15199E+02,0,2.99182E-02,-1.50000E+02,2,UNKNOWN
523,22.94248,40.63961,0.00000,4.83245E+02,0,4.98226E-02,-1.50000E+02,2,UNKNOWN
524,22.94418,40.63961,0.00000,4.83245E+02,0,4.98226E-02,-1.50000E+02,2,UNKNOWN
525,22.94588,40.63961,0.00000,4.83245E+02,0,4.98226E-02,-1.50000E+02,2,UNKNOWN
526,22.94757,40.63961,0.00000,4.83245E+02,0,4.98226E-02,-1.50000E+02,2,UNKNOWN
527,22.94927,40.63961,0.00000,4.83245E+02,0,4.98226E-02,-1.50000E+02,2,UNKNOWN
528,22.95097,40.63961,0.00000,5.47146E+02,0,7.93939E-02,-1.50000E+02,2,UNKNOWN
529,22.95266,40.63961,0.00000,5.47146E+02,0,7.93939E-02,-1.50000E+02,2,UNKNOWN
530,22.95436,40.63961,0.00000,5.47146E+02,0,7.93939E-02,-1.50000E+02,2,UNKNOWN
531,22.95606,40.63961,0.00000,5.47146E+02,0,7.93939E-02,-1.50000E+02,2,UNKNOWN
532,22.95775,40.63961,0.00000,5.47146E+02,0,7.93939E-02,-1.50000E+02,2,UNKNOWN
533,22.95945,40.63961,0.00000,6.19575E+02,0,1.10037E-01,-1.50000E+02,2,HOLOCENE
534,22.96115,40.63961,0.00000,6.19575E+02,0,1.10037E-01,-1.50000E+02,2,HOLOCENE
535,22.96285,40.63961,0.00000,6.19575E+02,0,1.10037E-01,-1.50000E+02,2,HOLOCENE
536,22.96454,40.63961,0.00000,6.19575E+02,0,1.10037E-01,-1.50000E+02,2,HOLOCENE
537,22.96624,40.63961,0.00000,6.19575E+02,0,1.10037E-01,-1.50000E+02,2,HOLOCENE
538,22.96794,40.63961,0.00000,6.67378E+02,0,1.25910E-01,-1.50000E+02,2,CENOZOIC
539,22.96963,40.63961,0.00000,6.67378E+02,0,1.25910E-01,-1.50000E+02,2,CENOZOIC
540,22.97133,40.63961,0.00000,6.67378E+02,0,1.25910E-01,-1.50000E+02,2,CENOZOIC
541,22.97303,40.63961,0.00000,6.67378E+02,0,1.25910E-01,-1.50000E+02,2,CENOZOIC
542,22.92382,40.64204,0.00000,3.20328E+02,0,1.29243E-02,-1.50000E+02,2,UNKNOWN
543,22.92551,40.64204,0.00000,3.87833E+02,0,2.37805E-02,-1.50000E+02,2,UNKNOWN
544,22.92721,40.64204,0.00000,3.87833E+02,0,2.37805E-02,-1.50000E+02,2,UNKNOWN
545,22.92891,40.64204,0.00000,3.87833E+02,0,2.37805E-02,-1.50000E+02,2,UNKNOWN
546,22.93060,40.64204,0.00000,3.87833E+02,0,2.37805E-02,-1.50000E+02,2,UNKNOWN
547,22.93230,40.64204,0.00000,3.87833E+02,0,2.37805E-02,-1.50000E+02,2,UNKNOWN
548,22.93400,40.64204,0.00000,4.68493E+02,0,5.05689E-02,-1.50000E+02,2,HOLOCENE
549,22.93569,40.64204,0.00000,4.68493E+02,0,5.05689E-02,-1.50000E+02,2,HOLOCENE
550,22.93739,40.64204,0.00000,4.68493E+02,0,5.05689E-02,-1.50000E+02,2,HOLOCENE
551,22.93909,40.64204,0.00000,4.68493E+02,0,5.05689E-02,-1.50000E+02,2,HOLOCENE
552,22.94079,40.64204,0.00000,4.68493E+02,0,5.05689E-02,-1.50000E+02,2,HOLOCENE
553,22.94248,40.64204,0.00000,5.20684E+02,0,7.40192E-02,-1.50000E+02,2,HOLOCENE
554,22.94418,40.64204,0.00000,5.20684E+02,0,7.40192E-02,-1.50000E+02,2,HOLOCENE
555,22.94588,40.64204,0.00000,5.20684E+02,0,7.40192E-02,-1.50000E+02,2,HOLOCENE
556,22.94757,40.64204,0.00000,5.20684E+02,0,7.40192E-02,-1.50000E+02,2,HOLOCENE
557,22.94927,40.64204,0.00000,5.20684E+02,0,7.40192E-02,-1.50000E+02,2,HOLOCENE
558,22.95097,40.64204,0.00000,5.51133E+02,0,7.42317E-02,-1.50000E+02,2,HOLOCENE
559,22.95266,40.64204,0.00000,5.51133E+02,0,7.42317E-02,-1.50000E+02,2,HOLOCENE
560,22.95436,40.64204,0.00000,5.51133E+02,0,7.42317E-02,-1.50000E+02,2,HOLOCENE
561,22.95606,40.64204,0.00000,5.51133E+02,0,7.42317E-02,-1.50000E+02,2,HOLOCENE
562,22.95775,40.64204,0.00000,5.51133E+02,0,7.42317E-02,-1.50000E+02,2,HOLOCENE
563,22.95945,40.64204,0.00000,5.93752E+02,0,6.90658E-02,-1.50000E+02,2,JURASSIC-TRIASSIC
564,22.96115,40.64204,0.00000,5.93752E+02,0,6.90658E-02,-1.50000E+02,2,JURASSIC-TRIASSIC
565,22.96285,40.64204,0.00000,5.93752E+02,0,6.90658E-02,-1.50000E+02,2,JURASSIC-TRIASSIC
566,22.96454,40.64204,0.00000,5.93752E+02,0,6.90658E-02,-1.50000E+02,2,JURASSIC-TRIASSIC
567,22.96624,40.64204,0.00000,5.93752E+02,0,6.90658E-02,-1.50000E+02,2,JURASSIC-TRIASSIC
568,22.96794,40.64204,0.00000,6.16201E+02,0,9.62742E-02,-1.50000E+02,2,JURASSIC-TRIASSIC
569,22.96963,40.64204,0.00000,6.16201E+02,0,9.62742E-02,-1.50000E+02,2,JURASSIC-TRIASSIC
570,22.97133,40.64204,0.00000,6.16201E+02,0,9.62742E-02,-1.50000E+02,2,JURASSIC-TRIASSIC
571,22.97303,40.64204,0.00000,6.16201E+02,0,9.62742E-02,-1.50000E+02,2,JURASSIC-TRIASSIC
572,22.92382,40.64448,0.00000,3.20328E+02,0,1.29243E-02,-1.50000E+02,2,UNKNOWN
573,22.92551,40.64448,0.00000,3.87833E+02,0,2.37805E-02,-1.50000E+02,2,UNKNOWN
574,22.92721,40.64448,0.00000,3.87833E+02,0,2.37805E-02,-1.50000E+02,2,UNKNOWN
575,22.92891,40.64448,0.00000,3.87833E+02,0,2.37805E-02,-1.50000E+02,2,UNKNOWN
576,22.93060,40.64448,0.00000,3.87833E+02,0,2.37805E-02,-1.50000E+02,2,UNKNOWN
577,22.93230,40.64448,0.00000,3.87833E+02,0,2.37805E-02,-1.50000E+02,2,UNKNOWN
578,22.93400,40.64448,0.00000,4.68493E+02,0,5.05689E-02,-1.50000E+02,2,HOLOCENE
579,22.93569,40.64448,0.00000,4.68493E+02,0,5.05689E-02,-1.50000E+02,2,HOLOCENE
580,22.93739,40.64448,0.00000,4.68493E+02,0,5.05689E-02,-1.50000E+02,2,HOLOCENE
581,22.93909,40.64448,0.00000,4.68493E+02,0,5.05689E-02,-1.50000E+02,2,HOLOCENE
582,22.94079,40.64448,0.00000,4.68493E+02,0,5.05689E-02,-1.50000E+02,2,HOLOCENE
583,22.94248,40.64448,0.00000,5.20684E+02,0,7.40192E-02,-1.50000E+02,2,HOLOCENE
584,22.94418,40.64448,0.00000,5.20684E+02,0,7.40192E-02,-1.50000E+02,2,HOLOCENE
585,22.94588,40.64448,0.00000,5.20684E+02,0,7.40192E-02,-1.50000E+02,2,HOLOCENE
586,22.94757,40.64448,0.00000,5.20684E+02,0,7.40192E-02,-1.50000E+02,2,HOLOCENE
587,22.94927,40.64448,0.00000,5.20684E+02,0,7.40192E-02,-1.50000E+02,2,HOLOCENE
588,22.95097,40.64448,0.00000,5.51133E+02,0,7.42317E-02,-1.50000E+02,2,HOLOCENE
589,22.95266,40.64448,0.00000,5.51133E+02,0,7.42317E-02,-1.50000E+02,2,HOLOCENE
590,22.95436,40.64448,0.00000,5.51133E+02,0,7.42317E-02,-1.50000E+02,2,HOLOCENE
591,22.95606,40.64448,0.00000,5.51133E+02,0,7.42317E-02,-1.50000E+02,2,HOLOCENE
592,22.95775,40.64448,0.00000,5.51133E+02,0,7.42317E-02,-1.50000E+02,2,HOLOCENE
593,22.95945,40.64448,0.00000,5.93752E+02,0,6.90658E-02,-1.50000E+02,2,JURASSIC-TRIASSIC
594,22.96115,40.64448,0.00000,5.93752E+02,0,6.90658E-02,-1.50000E+02,2,JURASSIC-TRIASSIC
595,22.96285,40.64448,0.00000,5.93752E+02,0,6.90658E-02,-1.50000E+02,2,JURASSIC-TRIASSIC
596,22.96454,40.64448,0.00000,5.93752E+02,0,6.90658E-02,-1.50000E+02,2,JURASSIC-TRIASSIC
597,22.96624,40.64448,0.00000,5.93752E+02,0,6.90658E-02,-1.50000E+02,2,JURASSIC-TRIASSIC
598,22.96794,40.64448,0.00000,6.16201E+02,0,9.62742E-02,-1.50000E+02,2,JURASSIC-TRIASSIC
599,22.96963,40.64448,0.00000,6.16201E+02,0,9.62742E-02,-1.50000E+02,2,JURASSIC-TRIASSIC
600,22.97133,40.64448,0.00000,6.16201E+02,0,9.62742E-02,-1.50000E+02,2,JURASSIC-TRIASSIC
601,22.97303,40.64448,0.00000,6.16201E+02,0,9.62742E-02,-1.50000E+02,2,JURASSIC-TRIASSIC
602,22.92382,40.64691,0.00000,3.20328E+02,0,1.29243E-02,-1.50000E+02,2,UNKNOWN
603,22.92551,40.64691,0.00000,3.87833E+02,0,2.37805E-02,-1.50000E+02,2,UNKNOWN
604,22.92721,40.64691,0.00000,3.87833E+02,0,2.37805E-02,-1.50000E+02,2,UNKNOWN
605,22.92891,40.64691,0.00000,3.87833E+02,0,2.37805E-02,-1.50000E+02,2,UNKNOWN
606,22.93060,40.64691,0.00000,3.87833E+02,0,2.37805E-02,-1.50000E+02,2,UNKNOWN
607,22.93230,40.64691,0.00000,3.87833E+02,0,2.37805E-02,-1.50000E+02,2,UNKNOWN
608,22.93400,40.64691,0.00000,4.68493E+02,0,5.05689E-02,-1.50000E+02,2,HOLOCENE
609,22.93569,40.64691,0.00000,4.68493E+02,0,5.05689E-02,-1.50000E+02,2,HOLOCENE
610,22.93739,40.64691,0.00000,4.68493E+02,0,5.05689E-02,-1.50000E+02,2,HOLOCENE
611,22.93909,40.64691,0.00000,4.68493E+02,0,5.05689E-02,-1.50000E+02,2,HOLOCENE
612,22.94079,40.64691,0.00000,4.68493E+02,0,5.05689E-02,-1.50000E+02,2,HOLOCENE
613,22.94248,40.64691,0.00000,5.20684E+02,0,7.40192E-02,-1.50000E+02,2,HOLOCENE
614,22.94418,40.64691,0.00000,5.20684E+02,0,7.40192E-02,-1.50000E+02,2,HOLOCENE
615,22.94588,40.64691,0.00000,5.20684E+02,0,7.40192E-02,-1.50000E+02,2,HOLOCENE
616,22.94757,40.64691,0.00000,5.20684E+02,0,7.40192E-02,-1.50000E+02,2,HOLOCENE
617,22.94927,40.64691,0.00000,5.20684E+02,0,7.40192E-02,-1.50000E+02,2,HOLOCENE
618,22.95097,40.64691,0.00000,5.51133E+02,0,7.42317E-02,-1.50000E+02,2,HOLOCENE
619,22.95266,40.64691,0.00000,5.51133E+02,0,7.42317E-02,-1.50000E+02,2,HOLOCENE
620,22.95436,40.64691,0.00000,5.51133E+02,0,7.42317E-02,-1.50000E+02,2,HOLOCENE
621,22.95606,40.64691,0.00000,5.51133E+02,0,7.42317E-02,-1.50000E+02,2,HOLOCENE
622,22.95775,40.64691,0.00000,5.51133E+02,0,7.42317E-02,-1.50000E+02,2,HOLOCENE
623,22.95945,40.64691,0.00000,5.93752E+02,0,6.90658E-02,-1.50000E+02,2,JURASSIC-TRIASSIC
624,22.96115,40.64691,0.00000,5.93752E+02,0,6.90658E-02,-1.50000E+02,2,JURASSIC-TRIASSIC
625,22.96285,40.64691,0.00000,5.93752E+02,0,6.90658E-02,-1.50000E+02,2,JURASSIC-TRIASSIC
626,22.96454,40.64691,0.00000,5.93752E+02,0,6.90658E-02,-1.50000E+02,2,JURASSIC-TRIASSIC
627,22.96624,40.64691,0.00000,5.93752E+02,0,6.90658E-02,-1.50000E+02,2,JURASSIC-TRIASSIC
628,22.96794,40.64691,0.00000,6.16201E+02,0,9.62742E-02,-1.50000E+02,2,JURASSIC-TRIASSIC
629,22.96963,40.64691,0.00000,6.16201E+02,0,9.62742E-02,-1.50000E+02,2,JURASSIC-TRIASSIC
630,22.97133,40.64691,0.00000,6.16201E+02,0,9.62742E-02,-1.50000E+02,2,JURASSIC-TRIASSIC
631,22.97303,40.64691,0.00000,6.16201E+02,0,9.62742E-02,-1.50000E+02,2,JURASSIC-TRIASSIC
632,22.92382,40.64934,0.00000,3.20328E+02,0,1.29243E-02,-1.50000E+02,2,UNKNOWN
633,22.92551,40.64934,0.00000,3.87833E+02,0,2.37805E-02,-1.50000E+02,2,UNKNOWN
634,22.92721,40.64934,0.00000,3.87833E+02,0,2.37805E-02,-1.50000E+02,2,UNKNOWN
635,22.92891,40.64934,0.00000,3.87833E+02,0,2.37805E-02,-1.50000E+02,2,UNKNOWN
636,22.93060,40.64934,0.00000,3.87833E+02,0,2.37805E-02,-1.50000E+02,2,UNKNOWN
637,22.93230,40.64934,0.00000,3.87833E+02,0,2.37805E-02,-1.50000E+02,2,UNKNOWN
638,22.93400,40.64934,0.00000,4.68493E+02,0,5.05689E-02,-1.50000E+02,2,HOLOCENE
639,22.93569,40.64934,0.00000,4.68493E+02,0,5.05689E-02,-1.50000E+02,2,HOLOCENE
640,22.93739,40.64934,0.00000,4.68493E+02,0,5.05689E-02,-1.50000E+02,2,HOLOCENE
641,22.93909,40.64934,0.00000,4.68493E+02,0,5.05689E-02,-1.50000E+02,2,HOLOCENE
642,22.94079,40.64934,0.00000,4.68493E+02,0,5.05689E-02,-1.50000E+02,2,HOLOCENE
643,22.94248,40.64934,0.00000,5.20684E+02,0,7.40192E-02,-1.50000E+02,2,HOLOCENE
644,22.94418,40.64934,0.00000,5.20684E+02,0,7.40192E-02,-1.50000E+02,2,HOLOCENE
645,22.94588,40.64934,0.00000,5.20684E+02,0,7.40192E-02,-1.50000E+02,2,HOLOCENE
646,22.94757,40.64934,0.00000,5.20684E+02,0,7.40192E-02,-1.50000E+02,2,HOLOCENE
647,22.94927,40.64934,0.00000,5.20684E+02,0,7.40192E-02,-1.50000E+02,2,HOLOCENE
648,22.95097,40.64934,0.00000,5.51133E+02,0,7.42317E-02,-1.50000E+02,2,HOLOCENE
649,22.95266,40.64934,0.00000,5.51133E+02,0,7.42317E-02,-1.50000E+02,2,HOLOCENE
650,22.95436,40.64934,0.00000,5.51133E+02,0,7.42317E-02,-1.50000E+02,2,HOLOCENE
651,22.95606,40.64934,0.00000,5.51133E+02,0,7.42317E-02,-1.50000E+02,2,HOLOCENE
652,22.95775,40.64934,0.00000,5.51133E+02,0,7.42317E-02,-1.50000E+02,2,HOLOCENE
653,22.95945,40.64934,0.00000,5.93752E+02,0,6.90658E-02,-1.50000E+02,2,JURASSIC-TRIASSIC
654,22.96115,40.64934,0.00000,5.93752E+02,0,6.90658E-02,-1.50000E+02,2,JURASSIC-TRIASSIC
655,22.96285,40.64934,0.00000,5.93752E+02,0,6.90658E-02,-1.50000E+02,2,JURASSIC-TRIASSIC
656,22.96454,40.64934,0.00000,5.93752E+02,0,6.90658E-02,-1.50000E+02,2,JURASSIC-TRIASSIC
657,22.96624,40.64934,0.00000,5.93752E+02,0,6.90658E-02,-1.50000E+02,2,JURASSIC-TRIASSIC
658,22.96794,40.64934,0.00000,6.16201E+02,0,9.62742E-02,-1.50000E+02,2,JURASSIC-TRIASSIC
659,22.96963,40.64934,0.00000,6.16201E+02,0,9.62742E-02,-1.50000E+02,2,JURASSIC-TRIASSIC
660,22.97133,40.64934,0.00000,6.16201E+02,0,9.62742E-02,-1.50000E+02,2,JURASSIC-TRIASSIC
661,22.97303,40.64934,0.00000,6.16201E+02,0,9.62742E-02,-1.50000E+02,2,JURASSIC-TRIASSIC
