lon,lat,depth,poe-0.0005000,poe-0.0006749,poe-0.0009110,poe-0.0012297,poe-0.0016599,poe-0.0022407,poe-0.0030245,poe-0.0040826,poe-0.0055109,poe-0.0074387,poe-0.0100411,poe-0.0135538,poe-0.0182954,poe-0.0246959,poe-0.0333354,poe-0.0449973,poe-0.0607389,poe-0.0819876,poe-0.1106699,poe-0.1493862,poe-0.2016469,poe-0.2721903,poe-0.3674123,poe-0.4959465,poe-0.6694465,poe-0.9036431,poe-1.2197702,poe-1.6464900,poe-2.2224919,poe-3.0000000
22.92611,40.64528,0.00000,9.354022E-01,9.085942E-01,8.717160E-01,8.270180E-01,7.691791E-01,7.064993E-01,6.336669E-01,5.553166E-01,4.748035E-01,3.941623E-01,3.112468E-01,2.386214E-01,1.758319E-01,1.263720E-01,8.758285E-02,5.982414E-02,4.134595E-02,2.667934E-02,1.699680E-02,1.032200E-02,6.122317E-03,3.378045E-03,1.628627E-03,7.692738E-04,3.180420E-04,1.203058E-04,4.389554E-05,1.307300E-05,2.678029E-06,4.565699E-08
22.92652,40.64506,0.00000,9.353553E-01,9.085513E-01,8.716336E-01,8.269777E-01,7.691311E-01,7.064837E-01,6.336866E-01,5.553498E-01,4.748430E-01,3.942055E-01,3.112730E-01,2.386461E-01,1.758693E-01,1.263909E-01,8.759778E-02,5.983858E-02,4.135453E-02,2.668478E-02,1.700162E-02,1.032657E-02,6.126983E-03,3.379242E-03,1.629185E-03,7.721030E-04,3.181283E-04,1.210793E-04,4.426402E-05,1.321994E-05,2.726248E-06,5.877816E-08
22.92694,40.64484,0.00000,9.353644E-01,9.085612E-01,8.716507E-01,8.269956E-01,7.691588E-01,7.065138E-01,6.337053E-01,5.553862E-01,4.748807E-01,3.942446E-01,3.112994E-01,2.386719E-01,1.758959E-01,1.264099E-01,8.761275E-02,5.984773E-02,4.136026E-02,2.669024E-02,1.700618E-02,1.033135E-02,6.131779E-03,3.380480E-03,1.629765E-03,7.750356E-04,3.182193E-04,1.218802E-04,4.464627E-05,1.337254E-05,2.776496E-06,7.238938E-08
22.92735,40.64463,0.00000,9.353731E-01,9.085703E-01,8.716674E-01,8.270128E-01,7.691863E-01,7.065431E-01,6.337234E-01,5.554212E-01,4.749184E-01,3.942817E-01,3.113250E-01,2.386955E-01,1.759221E-01,1.264283E-01,8.762740E-02,5.985719E-02,4.136604E-02,2.669563E-02,1.701068E-02,1.033602E-02,6.136444E-03,3.381705E-03,1.630340E-03,7.779193E-04,3.183122E-04,1.226703E-04,4.502408E-05,1.352381E-05,2.826371E-06,8.584365E-08
22.92776,40.64441,0.00000,9.353810E-01,9.086345E-01,8.732887E-01,8.270205E-01,7.692057E-01,7.065580E-01,6.337422E-01,5.554401E-01,4.749386E-01,3.943051E-01,3.113513E-01,2.387204E-01,1.759458E-01,1.264471E-01,8.764230E-02,5.986603E-02,4.137161E-02,2.670101E-02,1.701517E-02,1.034084E-02,6.141325E-03,3.382941E-03,1.630916E-03,7.808607E-04,3.184057E-04,1.234731E-04,4.540823E-05,1.368596E-05,2.880987E-06,9.957317E-08
22.92818,40.64420,0.00000,9.353897E-01,9.086451E-01,8.733051E-01,8.270377E-01,7.692329E-01,7.065875E-01,6.344520E-01,5.554760E-01,4.749762E-01,3.943437E-01,3.122368E-01,2.389511E-01,1.760966E-01,1.266201E-01,8.773277E-02,5.987543E-02,4.137744E-02,2.675045E-02,1.701974E-02,1.034563E-02,6.146164E-03,3.384209E-03,1.631517E-03,7.838706E-04,3.185093E-04,1.243007E-04,4.580529E-05,1.385371E-05,2.939231E-06,1.137253E-07
22.92859,40.64398,0.00000,9.353984E-01,9.086552E-01,8.733184E-01,8.273103E-01,7.692575E-01,7.066110E-01,6.344775E-01,5.555029E-01,4.750063E-01,3.943745E-01,3.122632E-01,2.389761E-01,1.761193E-01,1.266391E-01,8.774775E-02,5.988457E-02,4.138297E-02,2.675509E-02,1.702429E-02,1.035053E-02,6.151167E-03,3.385870E-03,1.632315E-03,7.848492E-04,3.186082E-04,1.251233E-04,4.620016E-05,1.402079E-05,2.997204E-06,1.278561E-07
22.92900,40.64377,0.00000,9.354201E-01,9.086842E-01,8.733696E-01,8.273770E-01,7.693335E-01,7.067036E-01,6.345743E-01,5.555975E-01,4.750906E-01,3.944449E-01,3.122906E-01,2.390211E-01,1.761417E-01,1.266579E-01,8.776236E-02,5.989375E-02,4.138888E-02,2.675973E-02,1.702880E-02,1.035535E-02,6.156093E-03,3.387127E-03,1.632909E-03,7.851158E-04,3.187128E-04,1.259524E-04,4.659894E-05,1.418973E-05,3.057478E-06,1.421036E-07
22.92942,40.64355,0.00000,9.354292E-01,9.086949E-01,8.733864E-01,8.273987E-01,7.693616E-01,7.067339E-01,6.346081E-01,5.556338E-01,4.751287E-01,3.944833E-01,3.123182E-01,2.390518E-01,1.761649E-01,1.266770E-01,8.777759E-02,5.990305E-02,4.139467E-02,2.676441E-02,1.703349E-02,1.036038E-02,6.161270E-03,3.388418E-03,1.633523E-03,7.853918E-04,3.188214E-04,1.268133E-04,4.701348E-05,1.436560E-05,3.120247E-06,1.569379E-07
22.92983,40.64333,0.00000,9.354380E-01,9.087051E-01,8.733985E-01,8.274139E-01,7.693847E-01,7.067530E-01,6.346284E-01,5.556542E-01,4.751502E-01,3.945053E-01,3.123447E-01,2.390667E-01,1.761877E-01,1.266962E-01,8.779252E-02,5.991211E-02,4.139999E-02,2.676903E-02,1.703808E-02,1.036540E-02,6.166454E-03,3.389686E-03,1.634131E-03,7.856645E-04,3.189302E-04,1.276655E-04,4.742422E-05,1.454012E-05,3.183286E-06,1.716556E-07
22.93024,40.64312,0.00000,9.354466E-01,9.087152E-01,8.734145E-01,8.274344E-01,7.694118E-01,7.067818E-01,6.346605E-01,5.556888E-01,4.751873E-01,3.945420E-01,3.123711E-01,2.390966E-01,1.762100E-01,1.267146E-01,8.780722E-02,5.992117E-02,4.140557E-02,2.677366E-02,1.704263E-02,1.037033E-02,6.171554E-03,3.390969E-03,1.634746E-03,7.859453E-04,3.190449E-04,1.285239E-04,4.783867E-05,1.471652E-05,3.247392E-06,1.864801E-07
22.93066,40.64290,0.00000,9.354557E-01,9.087261E-01,8.734313E-01,8.274558E-01,7.694401E-01,7.068120E-01,6.346945E-01,5.557254E-01,4.752249E-01,3.945802E-01,3.123981E-01,2.391273E-01,1.762331E-01,1.267338E-01,8.782239E-02,5.993056E-02,4.141127E-02,2.677838E-02,1.704734E-02,1.037546E-02,6.176914E-03,3.392282E-03,1.635380E-03,7.862360E-04,3.191629E-04,1.294157E-04,4.826934E-05,1.490013E-05,3.314345E-06,2.018989E-07
22.93107,40.64269,0.00000,9.354645E-01,9.087364E-01,8.734473E-01,8.274766E-01,7.694672E-01,7.068412E-01,6.347269E-01,5.557607E-01,4.752620E-01,3.946172E-01,3.124245E-01,2.391569E-01,1.762554E-01,1.267526E-01,8.783703E-02,5.993978E-02,4.141680E-02,2.678302E-02,1.705188E-02,1.038046E-02,6.182153E-03,3.393573E-03,1.636007E-03,7.865249E-04,3.192817E-04,1.302950E-04,4.869424E-05,1.508148E-05,3.380978E-06,2.170950E-07
22.93148,40.64247,0.00000,9.354764E-01,9.087517E-01,8.734762E-01,8.275143E-01,7.695097E-01,7.068935E-01,6.347845E-01,5.558184E-01,4.753175E-01,3.946678E-01,3.124515E-01,2.391925E-01,1.762782E-01,1.267716E-01,8.785208E-02,5.994891E-02,4.142241E-02,2.678757E-02,1.705649E-02,1.038562E-02,6.187601E-03,3.394884E-03,1.636579E-03,7.868143E-04,3.194011E-04,1.311882E-04,4.912605E-05,1.526603E-05,3.448654E-06,2.325555E-07
22.93189,40.64225,0.00000,9.354852E-01,9.087622E-01,8.734927E-01,8.275354E-01,7.695379E-01,7.069237E-01,6.348171E-01,5.558540E-01,4.753555E-01,3.947055E-01,3.127375E-01,2.393477E-01,1.763802E-01,1.268319E-01,8.788966E-02,5.995801E-02,4.142785E-02,2.679214E-02,1.706115E-02,1.039079E-02,6.193103E-03,3.396034E-03,1.637213E-03,7.871081E-04,3.195247E-04,1.320912E-04,4.956340E-05,1.545303E-05,3.517589E-06,2.481923E-07
22.93231,40.64204,0.00000,9.354939E-01,9.087724E-01,8.735091E-01,8.275569E-01,7.695650E-01,7.069538E-01,6.348499E-01,5.558894E-01,4.753930E-01,3.947432E-01,3.127646E-01,2.393730E-01,1.764029E-01,1.268508E-01,8.790451E-02,5.996737E-02,4.143362E-02,2.679682E-02,1.706583E-02,1.039598E-02,6.198602E-03,3.397386E-03,1.637872E-03,7.874188E-04,3.196574E-04,1.330196E-04,5.001424E-05,1.564584E-05,3.589084E-06,2.642534E-07
22.93272,40.64182,0.00000,9.355102E-01,9.087934E-01,8.735518E-01,8.277106E-01,7.696918E-01,7.071922E-01,6.351215E-01,5.561741E-01,4.756646E-01,3.949768E-01,3.127911E-01,2.393985E-01,1.764257E-01,1.268698E-01,8.791956E-02,5.997685E-02,4.143906E-02,2.680137E-02,1.707045E-02,1.040123E-02,6.204224E-03,3.398706E-03,1.638514E-03,7.877186E-04,3.197849E-04,1.339419E-04,5.046213E-05,1.583774E-05,3.659996E-06,2.802323E-07
22.93313,40.64161,0.00000,9.332340E-01,9.055296E-01,8.695843E-01,8.223286E-01,7.639231E-01,7.004624E-01,6.277642E-01,5.484308E-01,4.677668E-01,3.871495E-01,3.049203E-01,2.329729E-01,1.711518E-01,1.227200E-01,8.464868E-02,5.780669E-02,3.985683E-02,2.563361E-02,1.632113E-02,9.910060E-03,5.891414E-03,3.184521E-03,1.511995E-03,7.247273E-04,2.911875E-04,1.234135E-04,4.587213E-05,1.410392E-05,3.152754E-06,1.917825E-07
22.93355,40.64139,0.00000,9.335269E-01,9.059169E-01,8.701282E-01,8.230684E-01,7.646813E-01,7.013658E-01,6.287508E-01,5.494689E-01,4.688253E-01,3.881827E-01,3.059570E-01,2.338605E-01,1.718819E-01,1.232424E-01,8.508005E-02,5.809189E-02,4.006338E-02,2.576964E-02,1.642108E-02,9.978073E-03,5.937281E-03,3.214216E-03,1.528458E-03,7.329163E-04,2.955098E-04,1.257461E-04,4.693425E-05,1.452764E-05,3.292035E-06,2.196391E-07
22.93396,40.64118,0.00000,9.335260E-01,9.059110E-01,8.701277E-01,8.230631E-01,7.646949E-01,7.013585E-01,6.287410E-01,5.494582E-01,4.688176E-01,3.881800E-01,3.059832E-01,2.338847E-01,1.719041E-01,1.232530E-01,8.509448E-02,5.810051E-02,4.006800E-02,2.577344E-02,1.642572E-02,9.983364E-03,5.942926E-03,3.219477E-03,1.529076E-03,7.332308E-04,2.972300E-04,1.266415E-04,4.736602E-05,1.471116E-05,3.359394E-06,2.344703E-07
22.93438,40.64096,0.00000,9.335341E-01,9.059197E-01,8.701425E-01,8.230780E-01,7.647244E-01,7.013848E-01,6.287694E-01,5.494903E-01,4.688513E-01,3.882152E-01,3.060114E-01,2.339104E-01,1.719268E-01,1.232721E-01,8.510934E-02,5.810960E-02,4.007358E-02,2.577733E-02,1.643055E-02,9.988897E-03,5.948835E-03,3.224988E-03,1.529715E-03,7.335537E-04,2.990156E-04,1.275700E-04,4.781404E-05,1.490181E-05,3.429331E-06,2.498418E-07
22.93479,40.64075,0.00000,9.335638E-01,9.059472E-01,8.702027E-01,8.231556E-01,7.648140E-01,7.015028E-01,6.289002E-01,5.496233E-01,4.689762E-01,3.883218E-01,3.060379E-01,2.339356E-01,1.719491E-01,1.232940E-01,8.512367E-02,5.811867E-02,4.007881E-02,2.578102E-02,1.643521E-02,9.994246E-03,5.954597E-03,3.230384E-03,1.530347E-03,7.338757E-04,3.007708E-04,1.284835E-04,4.825509E-05,1.508968E-05,3.498351E-06,2.649359E-07
22.93520,40.64053,0.00000,9.335719E-01,9.059567E-01,8.702201E-01,8.231742E-01,7.648457E-01,7.015327E-01,6.289340E-01,5.496590E-01,4.690138E-01,3.883586E-01,3.060648E-01,2.339612E-01,1.719715E-01,1.233129E-01,8.513843E-02,5.812735E-02,4.008416E-02,2.578479E-02,1.643997E-02,9.999740E-03,5.960565E-03,3.235961E-03,1.530982E-03,7.341948E-04,3.025547E-04,1.294110E-04,4.870311E-05,1.528059E-05,3.568360E-06,2.802354E-07
22.93562,40.64032,0.00000,9.338629E-01,9.060661E-01,8.703654E-01,8.232968E-01,7.650092E-01,7.016386E-01,6.290262E-01,5.497156E-01,4.690651E-01,3.884068E-01,3.061019E-01,2.339905E-01,1.720007E-01,1.233340E-01,8.515303E-02,5.813646E-02,4.008973E-02,2.578865E-02,1.644471E-02,1.000522E-02,5.966509E-03,3.241560E-03,1.531646E-03,7.345343E-04,3.043826E-04,1.303625E-04,4.916343E-05,1.547698E-05,3.640602E-06,2.958954E-07
22.93603,40.64010,0.00000,9.338723E-01,9.060789E-01,8.703824E-01,8.233147E-01,7.650411E-01,7.016690E-01,6.290595E-01,5.497510E-01,4.691023E-01,3.884436E-01,3.061289E-01,2.340162E-01,1.720237E-01,1.233527E-01,8.516771E-02,5.814520E-02,4.009501E-02,2.579229E-02,1.644944E-02,1.001075E-02,5.972588E-03,3.247264E-03,1.532293E-03,7.348591E-04,3.062017E-04,1.313071E-04,4.962247E-05,1.567222E-05,3.712212E-06,3.114191E-07
22.93644,40.63989,0.00000,9.339008E-01,9.061171E-01,8.704608E-01,8.234169E-01,7.651482E-01,7.018169E-01,6.292172E-01,5.499055E-01,4.692397E-01,3.885548E-01,3.061556E-01,2.340403E-01,1.720460E-01,1.233738E-01,8.518209E-02,5.815408E-02,4.010043E-02,2.579600E-02,1.645416E-02,1.001623E-02,5.978552E-03,3.252922E-03,1.532952E-03,7.351937E-04,3.080254E-04,1.322576E-04,5.008353E-05,1.576345E-05,3.784371E-06,3.269559E-07
22.93686,40.63967,0.00000,9.339104E-01,9.061297E-01,8.704782E-01,8.234351E-01,7.651798E-01,7.018474E-01,6.292517E-01,5.499413E-01,4.692777E-01,3.885927E-01,3.061837E-01,2.340666E-01,1.720687E-01,1.233932E-01,8.519701E-02,5.816313E-02,4.010588E-02,2.579982E-02,1.645898E-02,1.002191E-02,5.984792E-03,3.258831E-03,1.533630E-03,7.355350E-04,3.099167E-04,1.332536E-04,5.056130E-05,1.575651E-05,3.859165E-06,3.430085E-07
22.93727,40.63945,0.00000,9.339198E-01,9.061425E-01,8.704953E-01,8.234532E-01,7.652116E-01,7.018774E-01,6.292843E-01,5.499774E-01,4.693150E-01,3.886296E-01,3.062107E-01,2.340915E-01,1.720911E-01,1.234119E-01,8.521174E-02,5.817191E-02,4.011101E-02,2.580346E-02,1.646368E-02,1.002757E-02,5.991005E-03,3.264724E-03,1.534295E-03,7.358716E-04,3.117857E-04,1.342602E-04,5.082060E-05,1.574973E-05,3.933043E-06,3.588087E-07
22.93768,40.63924,0.00000,9.339288E-01,9.061546E-01,8.705116E-01,8.234712E-01,7.652424E-01,7.019070E-01,6.293169E-01,5.500125E-01,4.693514E-01,3.886665E-01,3.062376E-01,2.341166E-01,1.721131E-01,1.234308E-01,8.522609E-02,5.818082E-02,4.011639E-02,2.580708E-02,1.646838E-02,1.003309E-02,5.997134E-03,3.270564E-03,1.534969E-03,7.362144E-04,3.136582E-04,1.352696E-04,5.080930E-05,1.574351E-05,4.007376E-06,3.745953E-07
22.93810,40.63902,0.00000,9.339380E-01,9.061672E-01,8.705288E-01,8.234895E-01,7.652745E-01,7.019373E-01,6.293506E-01,5.500482E-01,4.693891E-01,3.887038E-01,3.063965E-01,2.341424E-01,1.721362E-01,1.234500E-01,8.524093E-02,5.818973E-02,4.012181E-02,2.581087E-02,1.647321E-02,1.003881E-02,6.003539E-03,3.276665E-03,1.535660E-03,7.365713E-04,3.155985E-04,1.363150E-04,5.079795E-05,1.592901E-05,4.084347E-06,3.908767E-07
22.93851,40.63881,0.00000,9.326891E-01,9.054472E-01,8.691650E-01,8.216928E-01,7.643931E-01,7.008718E-01,6.285048E-01,5.494388E-01,4.689997E-01,3.884888E-01,3.064233E-01,2.342630E-01,1.721947E-01,1.234603E-01,8.526726E-02,5.819763E-02,4.012692E-02,2.581449E-02,1.647786E-02,1.004440E-02,6.009761E-03,3.282617E-03,1.536340E-03,7.369413E-04,3.169172E-04,1.373407E-04,5.078764E-05,1.612648E-05,4.160014E-06,4.067841E-07
22.93892,40.63859,0.00000,9.326991E-01,9.054613E-01,8.691831E-01,8.217120E-01,7.644256E-01,7.009028E-01,6.285386E-01,5.494753E-01,4.690375E-01,3.885262E-01,3.064498E-01,2.342887E-01,1.722200E-01,1.234793E-01,8.528201E-02,5.820637E-02,4.013212E-02,2.581809E-02,1.648259E-02,1.005009E-02,6.016172E-03,3.288755E-03,1.537021E-03,7.373117E-04,3.170822E-04,1.383811E-04,5.077706E-05,1.634038E-05,4.236599E-06,4.238206E-07
22.93934,40.63838,0.00000,9.327068E-01,9.054706E-01,8.691860E-01,8.217109E-01,7.644441E-01,7.009058E-01,6.285430E-01,5.494832E-01,4.690503E-01,3.885450E-01,3.064765E-01,2.343137E-01,1.722438E-01,1.234981E-01,8.529656E-02,5.821555E-02,4.013748E-02,2.582181E-02,1.648732E-02,1.005577E-02,6.022547E-03,3.294900E-03,1.537730E-03,7.376996E-04,3.173971E-04,1.394451E-04,5.076773E-05,1.655868E-05,4.315212E-06,4.434966E-07
22.93975,40.63816,0.00000,9.327170E-01,9.054848E-01,8.692042E-01,8.217297E-01,7.644762E-01,7.009362E-01,6.285766E-01,5.495197E-01,4.690877E-01,3.885821E-01,3.065043E-01,2.343387E-01,1.722691E-01,1.235171E-01,8.531124E-02,5.822432E-02,4.014282E-02,2.582544E-02,1.649208E-02,1.006152E-02,6.029031E-03,3.301144E-03,1.539913E-03,7.380737E-04,3.194539E-04,1.405007E-04,5.075798E-05,1.677763E-05,4.392994E-06,4.641975E-07
22.94016,40.63794,0.00000,9.327242E-01,9.054985E-01,8.692220E-01,8.217487E-01,7.645088E-01,7.009677E-01,6.286108E-01,5.495556E-01,4.691249E-01,3.886192E-01,3.065316E-01,2.343642E-01,1.722945E-01,1.235361E-01,8.532590E-02,5.823297E-02,4.014791E-02,2.582901E-02,1.649681E-02,1.006726E-02,6.035555E-03,3.307445E-03,1.545332E-03,7.384502E-04,3.215300E-04,1.412876E-04,5.074857E-05,1.699905E-05,4.471332E-06,4.858954E-07
22.94058,40.63773,0.00000,9.327314E-01,9.055121E-01,8.692394E-01,8.217673E-01,7.645413E-01,7.009978E-01,6.286443E-01,5.495915E-01,4.691627E-01,3.886569E-01,3.065584E-01,2.343890E-01,1.723206E-01,1.235555E-01,8.534045E-02,5.824218E-02,4.015343E-02,2.583269E-02,1.650156E-02,1.007300E-02,6.042048E-03,3.313745E-03,1.550843E-03,7.388472E-04,3.236402E-04,1.413704E-04,5.074093E-05,1.722474E-05,4.551594E-06,5.087925E-07
22.94099,40.63751,0.00000,9.327433E-01,9.055309E-01,8.692731E-01,8.218078E-01,7.645890E-01,7.010614E-01,6.287133E-01,5.496624E-01,4.692312E-01,3.887174E-01,3.065858E-01,2.344152E-01,1.723490E-01,1.235752E-01,8.535518E-02,5.825098E-02,4.015858E-02,2.583622E-02,1.650626E-02,1.007877E-02,6.048631E-03,3.320146E-03,1.556331E-03,7.392305E-04,3.257537E-04,1.414490E-04,5.093661E-05,1.745091E-05,4.630939E-06,5.320074E-07
22.94140,40.63730,0.00000,9.327525E-01,9.055444E-01,8.692904E-01,8.218263E-01,7.646201E-01,7.010915E-01,6.287462E-01,5.496979E-01,4.692682E-01,3.887545E-01,3.066123E-01,2.344392E-01,1.723749E-01,1.235943E-01,8.536954E-02,5.825991E-02,4.016384E-02,2.583983E-02,1.651092E-02,1.008445E-02,6.055093E-03,3.326460E-03,1.561798E-03,7.396215E-04,3.278611E-04,1.415309E-04,5.144778E-05,1.767693E-05,4.710373E-06,5.554922E-07
22.94182,40.63708,0.00000,9.278451E-01,8.984852E-01,8.605728E-01,8.109047E-01,7.527641E-01,6.868459E-01,6.127697E-01,5.334161E-01,4.527311E-01,3.726883E-01,2.904171E-01,2.206465E-01,1.613146E-01,1.151917E-01,7.891688E-02,5.407115E-02,3.699921E-02,2.358573E-02,1.502685E-02,9.113081E-03,5.438327E-03,2.904346E-03,1.391591E-03,6.193956E-04,2.825475E-04,1.155377E-04,4.230896E-05,1.401806E-05,3.445967E-06,2.802426E-07
22.94223,40.63686,0.00000,9.278548E-01,8.984970E-01,8.605917E-01,8.109317E-01,7.527975E-01,6.868771E-01,6.127902E-01,5.334524E-01,4.527690E-01,3.727259E-01,2.904454E-01,2.206712E-01,1.613368E-01,1.152095E-01,7.893129E-02,5.407885E-02,3.700392E-02,2.358991E-02,1.503171E-02,9.119056E-03,5.445037E-03,2.905617E-03,1.396828E-03,6.197303E-04,2.844882E-04,1.155374E-04,4.276345E-05,1.420427E-05,3.511497E-06,2.929228E-07
22.94263,40.63664,0.00000,9.278647E-01,8.985085E-01,8.606106E-01,8.109584E-01,7.528304E-01,6.869084E-01,6.128107E-01,5.334883E-01,4.528053E-01,3.727615E-01,2.904721E-01,2.206959E-01,1.613590E-01,1.152270E-01,7.894538E-02,5.408616E-02,3.700835E-02,2.359402E-02,1.503646E-02,9.124977E-03,5.451687E-03,2.906863E-03,1.401989E-03,6.200552E-04,2.864076E-04,1.155373E-04,4.321331E-05,1.439761E-05,3.575893E-06,3.052862E-07
22.94303,40.63641,0.00000,9.278747E-01,8.990523E-01,8.606300E-01,8.109868E-01,7.528648E-01,6.869402E-01,6.128327E-01,5.335249E-01,4.528424E-01,3.727978E-01,2.905007E-01,2.207215E-01,1.613817E-01,1.152451E-01,7.896006E-02,5.409344E-02,3.701287E-02,2.359809E-02,1.504131E-02,9.131003E-03,5.458484E-03,2.908113E-03,1.407222E-03,6.203778E-04,2.883631E-04,1.155378E-04,4.367190E-05,1.459488E-05,3.640885E-06,3.176637E-07
22.94345,40.63619,0.00000,9.278843E-01,8.990612E-01,8.606490E-01,8.110138E-01,7.528988E-01,6.869720E-01,6.128535E-01,5.335616E-01,4.528804E-01,3.728353E-01,2.905279E-01,2.207475E-01,1.614041E-01,1.152630E-01,7.897456E-02,5.410138E-02,3.701776E-02,2.360240E-02,1.504626E-02,9.137080E-03,5.465349E-03,2.909437E-03,1.412635E-03,6.207280E-04,2.903829E-04,1.155408E-04,4.414621E-05,1.479903E-05,3.708652E-06,3.336675E-07
22.94386,40.63598,0.00000,9.278938E-01,8.990695E-01,8.606673E-01,8.110408E-01,7.529313E-01,6.870028E-01,6.128727E-01,5.335969E-01,4.529175E-01,3.728715E-01,2.905545E-01,2.207711E-01,1.614259E-01,1.152804E-01,7.898866E-02,5.410925E-02,3.702260E-02,2.360656E-02,1.505103E-02,9.142975E-03,5.471992E-03,2.910736E-03,1.417917E-03,6.210741E-04,2.923568E-04,1.155450E-04,4.461010E-05,1.499884E-05,3.774825E-06,3.492334E-07
22.94427,40.63576,0.00000,9.279034E-01,8.990786E-01,8.606861E-01,8.110679E-01,7.529654E-01,6.870345E-01,6.128939E-01,5.336335E-01,4.529547E-01,3.729085E-01,2.905822E-01,2.207966E-01,1.614480E-01,1.152982E-01,7.900292E-02,5.411704E-02,3.702740E-02,2.361069E-02,1.505584E-02,9.148939E-03,5.478806E-03,2.912039E-03,1.423266E-03,6.214206E-04,2.943656E-04,1.155486E-04,4.508242E-05,1.520244E-05,3.841496E-06,3.661863E-07
22.94468,40.63554,0.00000,9.279132E-01,8.990875E-01,8.607050E-01,8.110952E-01,7.529987E-01,6.870662E-01,6.129145E-01,5.336696E-01,4.529924E-01,3.729453E-01,2.906088E-01,2.208215E-01,1.614704E-01,1.153160E-01,7.901741E-02,5.412482E-02,3.703208E-02,2.361485E-02,1.506063E-02,9.154926E-03,5.485642E-03,2.913343E-03,1.428632E-03,6.217664E-04,2.963799E-04,1.160433E-04,4.555778E-05,1.540748E-05,3.908280E-06,3.837942E-07
22.94509,40.63532,0.00000,9.279228E-01,8.990963E-01,8.607241E-01,8.111221E-01,7.530327E-01,6.870981E-01,6.129352E-01,5.337056E-01,4.530295E-01,3.729821E-01,2.906376E-01,2.208467E-01,1.614927E-01,1.153338E-01,7.903174E-02,5.413257E-02,3.703678E-02,2.361897E-02,1.506543E-02,9.160896E-03,5.492465E-03,2.914651E-03,1.430937E-03,6.221152E-04,2.984134E-04,1.170852E-04,4.603597E-05,1.561388E-05,3.975138E-06,4.014229E-07
22.94550,40.63510,0.00000,9.279326E-01,8.992339E-01,8.607427E-01,8.111496E-01,7.530657E-01,6.871294E-01,6.129554E-01,5.337417E-01,4.530669E-01,3.730187E-01,2.906639E-01,2.208720E-01,1.615148E-01,1.153516E-01,7.904617E-02,5.414035E-02,3.704158E-02,2.362310E-02,1.507020E-02,9.166858E-03,5.499294E-03,2.915963E-03,1.431687E-03,6.249908E-04,3.004601E-04,1.181338E-04,4.652049E-05,1.582156E-05,4.042027E-06,4.201779E-07
22.94592,40.63489,0.00000,9.279602E-01,8.992423E-01,8.607957E-01,8.112187E-01,7.531372E-01,6.872212E-01,6.129756E-01,5.338339E-01,4.531492E-01,3.730533E-01,2.906911E-01,2.208966E-01,1.615368E-01,1.153691E-01,7.906038E-02,5.414855E-02,3.704660E-02,2.362734E-02,1.507494E-02,9.172769E-03,5.506090E-03,2.917315E-03,1.432464E-03,6.281558E-04,3.025297E-04,1.191950E-04,4.701490E-05,1.603181E-05,4.109939E-06,4.390723E-07
22.94633,40.63467,0.00000,9.279698E-01,8.992512E-01,8.608148E-01,8.112459E-01,7.531708E-01,6.872523E-01,6.129959E-01,5.338700E-01,4.531858E-01,3.730808E-01,2.907183E-01,2.209217E-01,1.615593E-01,1.153870E-01,7.907474E-02,5.415637E-02,3.705139E-02,2.363144E-02,1.507967E-02,9.178683E-03,5.512925E-03,2.918635E-03,1.433217E-03,6.312893E-04,3.045854E-04,1.202557E-04,4.750823E-05,1.624170E-05,4.176743E-06,4.577849E-07
22.94674,40.63446,0.00000,9.279790E-01,8.992597E-01,8.608332E-01,8.112721E-01,7.532030E-01,6.872830E-01,6.130158E-01,5.339058E-01,4.532225E-01,3.731065E-01,2.907450E-01,2.209459E-01,1.615809E-01,1.154043E-01,7.908884E-02,5.416447E-02,3.705620E-02,2.363552E-02,1.508432E-02,9.184509E-03,5.519620E-03,2.919961E-03,1.433978E-03,6.344163E-04,3.064764E-04,1.213126E-04,4.799791E-05,1.645151E-05,4.243044E-06,4.768935E-07
22.94716,40.63424,0.00000,9.279884E-01,8.992683E-01,8.608518E-01,8.112996E-01,7.532370E-01,6.873149E-01,6.130356E-01,5.339423E-01,4.532605E-01,3.731343E-01,2.907721E-01,2.209712E-01,1.616035E-01,1.154222E-01,7.910345E-02,5.417254E-02,3.706199E-02,2.363970E-02,1.508908E-02,9.190488E-03,5.526534E-03,2.921319E-03,1.434757E-03,6.376412E-04,3.084219E-04,1.224108E-04,4.850389E-05,1.667026E-05,4.310988E-06,4.964820E-07
22.94757,40.63403,0.00000,9.279977E-01,8.992768E-01,8.608702E-01,8.113261E-01,7.532692E-01,6.873450E-01,6.130556E-01,5.339777E-01,4.532970E-01,3.731613E-01,2.907991E-01,2.209954E-01,1.616250E-01,1.154396E-01,7.911740E-02,5.418051E-02,3.706970E-02,2.364371E-02,1.509371E-02,9.196258E-03,5.533207E-03,2.922647E-03,1.435524E-03,6.407836E-04,3.103150E-04,1.234808E-04,4.899647E-05,1.688329E-05,4.376908E-06,5.154156E-07
22.94799,40.63382,0.00000,9.280069E-01,8.992849E-01,8.608885E-01,8.113523E-01,7.533021E-01,6.873763E-01,6.130754E-01,5.340144E-01,4.533343E-01,3.731877E-01,2.908265E-01,2.210203E-01,1.616470E-01,1.154571E-01,7.912918E-02,5.418892E-02,3.707759E-02,2.364788E-02,1.509838E-02,9.202109E-03,5.539970E-03,2.924016E-03,1.436310E-03,6.439887E-04,3.122458E-04,1.245736E-04,4.949919E-05,1.710085E-05,4.443952E-06,5.345948E-07
22.94840,40.63360,0.00000,9.280164E-01,8.992940E-01,8.609074E-01,8.113799E-01,7.533355E-01,6.874075E-01,6.130961E-01,5.340500E-01,4.533718E-01,3.732148E-01,2.908528E-01,2.210452E-01,1.616692E-01,1.154749E-01,7.914080E-02,5.419675E-02,3.708534E-02,2.365191E-02,1.510300E-02,9.207932E-03,5.546751E-03,2.925351E-03,1.437077E-03,6.471541E-04,3.140494E-04,1.256632E-04,4.999927E-05,1.714949E-05,4.454372E-06,5.534836E-07
22.94882,40.63339,0.00000,9.280257E-01,8.993020E-01,8.609257E-01,8.114063E-01,7.533686E-01,6.874389E-01,6.131152E-01,5.340856E-01,4.534089E-01,3.732416E-01,2.908805E-01,2.210697E-01,1.616912E-01,1.154925E-01,7.915269E-02,5.420519E-02,3.709318E-02,2.365606E-02,1.510762E-02,9.213703E-03,5.553484E-03,2.926724E-03,1.437872E-03,6.503529E-04,3.142699E-04,1.267627E-04,5.050318E-05,1.715067E-05,4.455245E-06,5.723799E-07
22.94923,40.63318,0.00000,9.293755E-01,9.011278E-01,8.633738E-01,8.141437E-01,7.566829E-01,6.914097E-01,6.181950E-01,5.386088E-01,4.579922E-01,3.777839E-01,2.953146E-01,2.248377E-01,1.647663E-01,1.178837E-01,8.088043E-02,5.528391E-02,3.793152E-02,2.424518E-02,1.550770E-02,9.480297E-03,5.725010E-03,3.056444E-03,1.503422E-03,6.786601E-04,3.314164E-04,1.341710E-04,5.383162E-05,1.837242E-05,4.833950E-06,6.957619E-07
22.94965,40.63296,0.00000,9.293849E-01,9.011364E-01,8.633925E-01,8.141711E-01,7.567160E-01,6.914411E-01,6.182290E-01,5.386451E-01,4.580299E-01,3.778211E-01,2.953417E-01,2.248632E-01,1.647890E-01,1.179020E-01,8.089479E-02,5.529237E-02,3.793661E-02,2.424933E-02,1.551229E-02,9.486047E-03,5.731812E-03,3.057878E-03,1.504276E-03,6.819541E-04,3.316476E-04,1.353269E-04,5.436234E-05,1.837441E-05,4.834621E-06,6.953355E-07
22.95007,40.63275,0.00000,9.295297E-01,9.013013E-01,8.636578E-01,8.144736E-01,7.570839E-01,6.918743E-01,6.187000E-01,5.391399E-01,4.585329E-01,3.783100E-01,2.958224E-01,2.252735E-01,1.651262E-01,1.181650E-01,8.109263E-02,5.542007E-02,3.803001E-02,2.431413E-02,1.555780E-02,9.518411E-03,5.755582E-03,3.072761E-03,1.511933E-03,6.878512E-04,3.336644E-04,1.371411E-04,5.519296E-05,1.850722E-05,4.875679E-06,7.067844E-07
22.95048,40.63254,0.00000,9.295388E-01,9.013093E-01,8.636753E-01,8.144996E-01,7.571158E-01,6.919047E-01,6.187332E-01,5.391755E-01,4.585696E-01,3.783464E-01,2.958480E-01,2.252985E-01,1.651482E-01,1.181827E-01,8.110643E-02,5.542871E-02,3.803518E-02,2.431819E-02,1.556220E-02,9.523897E-03,5.762085E-03,3.074173E-03,1.512776E-03,6.910418E-04,3.338940E-04,1.382672E-04,5.573735E-05,1.851019E-05,4.876684E-06,7.067961E-07
22.95090,40.63232,0.00000,9.295595E-01,9.013178E-01,8.637154E-01,8.145511E-01,7.571741E-01,6.919678E-01,6.187969E-01,5.392353E-01,4.586221E-01,3.783909E-01,2.958764E-01,2.253245E-01,1.651711E-01,1.182008E-01,8.112086E-02,5.543752E-02,3.803995E-02,2.432233E-02,1.556669E-02,9.529544E-03,5.768775E-03,3.075623E-03,1.513638E-03,6.943108E-04,3.341275E-04,1.394286E-04,5.629743E-05,1.851310E-05,4.877646E-06,7.067204E-07
22.95131,40.63211,0.00000,9.295686E-01,9.013258E-01,8.637333E-01,8.145770E-01,7.572065E-01,6.919981E-01,6.188299E-01,5.392699E-01,4.586578E-01,3.784266E-01,2.959029E-01,2.253485E-01,1.651931E-01,1.182185E-01,8.113473E-02,5.544613E-02,3.804506E-02,2.432631E-02,1.557106E-02,9.534966E-03,5.775203E-03,3.077041E-03,1.514485E-03,6.974879E-04,3.343574E-04,1.405582E-04,5.684151E-05,1.851624E-05,4.878674E-06,7.067019E-07
22.95173,40.63190,0.00000,9.295775E-01,9.013337E-01,8.637512E-01,8.146037E-01,7.572390E-01,6.920289E-01,6.188634E-01,5.393054E-01,4.586954E-01,3.784642E-01,2.959297E-01,2.253727E-01,1.652153E-01,1.182363E-01,8.114877E-02,5.545507E-02,3.805037E-02,2.433042E-02,1.557544E-02,9.540435E-03,5.781690E-03,3.078494E-03,1.515357E-03,7.007213E-04,3.345954E-04,1.417079E-04,5.728465E-05,1.851975E-05,4.879813E-06,7.067432E-07
22.95214,40.63168,0.00000,9.295869E-01,9.013422E-01,8.637695E-01,8.146304E-01,7.572720E-01,6.920598E-01,6.188974E-01,5.393409E-01,4.587320E-01,3.785004E-01,2.959579E-01,2.253986E-01,1.652377E-01,1.182544E-01,8.116296E-02,5.546376E-02,3.805536E-02,2.433445E-02,1.557976E-02,9.545884E-03,5.788158E-03,3.079920E-03,1.516203E-03,7.039032E-04,3.348236E-04,1.428490E-04,5.729259E-05,1.852260E-05,4.880709E-06,7.065390E-07
22.95256,40.63147,0.00000,9.295959E-01,9.013501E-01,8.637876E-01,8.146566E-01,7.573045E-01,6.920903E-01,6.189307E-01,5.393772E-01,4.587686E-01,3.785373E-01,2.959845E-01,2.254226E-01,1.652598E-01,1.182721E-01,8.117698E-02,5.547291E-02,3.806063E-02,2.433857E-02,1.558415E-02,9.551236E-03,5.794547E-03,3.081382E-03,1.517074E-03,7.071036E-04,3.350656E-04,1.439917E-04,5.730214E-05,1.852633E-05,4.882128E-06,7.068993E-07
22.95297,40.63126,0.00000,9.296048E-01,9.013580E-01,8.638052E-01,8.146828E-01,7.573369E-01,6.921207E-01,6.189639E-01,5.394122E-01,4.588053E-01,3.785733E-01,2.960109E-01,2.254476E-01,1.652819E-01,1.182898E-01,8.119090E-02,5.548165E-02,3.806591E-02,2.434262E-02,1.558839E-02,9.556501E-03,5.800793E-03,3.082809E-03,1.517928E-03,7.095034E-04,3.352999E-04,1.451092E-04,5.731136E-05,1.852981E-05,4.883555E-06,7.080187E-07
22.95339,40.63104,0.00000,9.297990E-01,9.015931E-01,8.638237E-01,8.147100E-01,7.573707E-01,6.921520E-01,6.194163E-01,5.394489E-01,4.588431E-01,3.786099E-01,2.974571E-01,2.263572E-01,1.657043E-01,1.184523E-01,8.133809E-02,5.549061E-02,3.807111E-02,2.436203E-02,1.559271E-02,9.561861E-03,5.807198E-03,3.086035E-03,1.518798E-03,7.099567E-04,3.355466E-04,1.462546E-04,5.732083E-05,1.853319E-05,4.884907E-06,7.117862E-07
22.95384,40.63087,0.00000,9.298064E-01,9.016043E-01,8.638395E-01,8.147336E-01,7.573996E-01,6.921804E-01,6.194486E-01,5.394831E-01,4.588802E-01,3.786473E-01,2.974816E-01,2.263799E-01,1.657312E-01,1.184735E-01,8.135142E-02,5.550096E-02,3.807741E-02,2.436711E-02,1.559713E-02,9.566996E-03,5.813197E-03,3.087620E-03,1.519768E-03,7.104725E-04,3.358372E-04,1.473794E-04,5.733672E-05,1.853983E-05,4.898540E-06,7.307199E-07
22.95429,40.63071,0.00000,9.298134E-01,9.016147E-01,8.638546E-01,8.147558E-01,7.574275E-01,6.922081E-01,6.194795E-01,5.395177E-01,4.589164E-01,3.786849E-01,2.975057E-01,2.264024E-01,1.657588E-01,1.184944E-01,8.136449E-02,5.551157E-02,3.808381E-02,2.437210E-02,1.560153E-02,9.572020E-03,5.819045E-03,3.089209E-03,1.520742E-03,7.109932E-04,3.361323E-04,1.484805E-04,5.735354E-05,1.854730E-05,4.960789E-06,7.490431E-07
22.95474,40.63054,0.00000,9.298152E-01,9.016182E-01,8.638595E-01,8.147658E-01,7.574474E-01,6.922175E-01,6.194924E-01,5.395350E-01,4.589402E-01,3.787132E-01,2.975296E-01,2.264251E-01,1.657852E-01,1.185153E-01,8.137784E-02,5.552199E-02,3.809009E-02,2.437716E-02,1.560592E-02,9.577083E-03,5.824928E-03,3.090800E-03,1.521710E-03,7.127906E-04,3.364244E-04,1.495855E-04,5.736973E-05,1.855442E-05,5.022567E-06,7.672759E-07
22.95519,40.63038,0.00000,9.298221E-01,9.016289E-01,8.638743E-01,8.147886E-01,7.574750E-01,6.922457E-01,6.195243E-01,5.395694E-01,4.589763E-01,3.787509E-01,2.975535E-01,2.264472E-01,1.658126E-01,1.185362E-01,8.139097E-02,5.553263E-02,3.809649E-02,2.438214E-02,1.561027E-02,9.582002E-03,5.830650E-03,3.092392E-03,1.522687E-03,7.160565E-04,3.367214E-04,1.506647E-04,5.738677E-05,1.859085E-05,5.082571E-06,7.848538E-07
22.95562,40.63018,0.00000,9.298308E-01,9.016416E-01,8.638918E-01,8.148141E-01,7.575066E-01,6.922754E-01,6.195573E-01,5.396050E-01,4.590130E-01,3.787873E-01,2.975808E-01,2.264720E-01,1.658390E-01,1.185561E-01,8.140495E-02,5.554220E-02,3.810233E-02,2.438728E-02,1.561452E-02,9.587024E-03,5.836584E-03,3.093905E-03,1.523596E-03,7.193363E-04,3.369874E-04,1.517516E-04,5.739940E-05,1.875591E-05,5.141636E-06,8.025480E-07
22.95603,40.62996,0.00000,9.298401E-01,9.016552E-01,8.639101E-01,8.148410E-01,7.575401E-01,6.923063E-01,6.195911E-01,5.396407E-01,4.590500E-01,3.788231E-01,2.976095E-01,2.264984E-01,1.658634E-01,1.185745E-01,8.141923E-02,5.555118E-02,3.810754E-02,2.439244E-02,1.561863E-02,9.592012E-03,5.842496E-03,3.095350E-03,1.524449E-03,7.225457E-04,3.372310E-04,1.528177E-04,5.740950E-05,1.891565E-05,5.198604E-06,8.198392E-07
22.95644,40.62974,0.00000,9.298792E-01,9.017105E-01,8.639864E-01,8.149462E-01,7.576516E-01,6.924650E-01,6.197788E-01,5.398531E-01,4.592780E-01,3.790539E-01,2.976383E-01,2.265243E-01,1.659120E-01,1.186293E-01,8.143357E-02,5.557572E-02,3.811775E-02,2.439761E-02,1.562317E-02,9.596998E-03,5.848310E-03,3.096799E-03,1.525299E-03,7.257133E-04,3.374749E-04,1.536370E-04,5.742011E-05,1.907239E-05,5.254408E-06,8.367425E-07
22.95685,40.62953,0.00000,9.299051E-01,9.017472E-01,8.640374E-01,8.150178E-01,7.577319E-01,6.925708E-01,6.199042E-01,5.399951E-01,4.594299E-01,3.792051E-01,2.976663E-01,2.265496E-01,1.659343E-01,1.186590E-01,8.144756E-02,5.559083E-02,3.812490E-02,2.440269E-02,1.562735E-02,9.601776E-03,5.853952E-03,3.098248E-03,1.526158E-03,7.286962E-04,3.377292E-04,1.536661E-04,5.743184E-05,1.922609E-05,5.309194E-06,8.480731E-07
22.95726,40.62931,0.00000,9.299142E-01,9.017605E-01,8.640554E-01,8.150440E-01,7.577654E-01,6.926012E-01,6.199378E-01,5.400301E-01,4.594665E-01,3.792405E-01,2.976952E-01,2.265758E-01,1.659576E-01,1.186776E-01,8.146179E-02,5.559980E-02,3.813015E-02,2.440782E-02,1.563132E-02,9.606574E-03,5.859601E-03,3.099698E-03,1.527015E-03,7.317942E-04,3.379793E-04,1.536946E-04,5.744282E-05,1.937834E-05,5.363653E-06,8.487223E-07
22.95768,40.62909,0.00000,9.299233E-01,9.017743E-01,8.640739E-01,8.150715E-01,7.577986E-01,6.926329E-01,6.199722E-01,5.400668E-01,4.595033E-01,3.792780E-01,2.977243E-01,2.266020E-01,1.659808E-01,1.186967E-01,8.147628E-02,5.560910E-02,3.813571E-02,2.441243E-02,1.563537E-02,9.611370E-03,5.865245E-03,3.101183E-03,1.527898E-03,7.348954E-04,3.395796E-04,1.537260E-04,5.745454E-05,1.952973E-05,5.418384E-06,8.494220E-07
22.95809,40.62887,0.00000,9.299325E-01,9.017878E-01,8.640925E-01,8.150985E-01,7.578322E-01,6.926635E-01,6.200060E-01,5.401021E-01,4.595399E-01,3.793136E-01,2.977531E-01,2.266281E-01,1.660038E-01,1.187154E-01,8.149049E-02,5.561816E-02,3.814102E-02,2.441646E-02,1.563932E-02,9.616026E-03,5.870711E-03,3.102629E-03,1.528756E-03,7.378891E-04,3.413569E-04,1.537595E-04,5.747404E-05,1.967463E-05,5.470694E-06,8.500367E-07
22.95849,40.62864,0.00000,9.237842E-01,8.932841E-01,8.530423E-01,8.024749E-01,7.428842E-01,6.749367E-01,6.007650E-01,5.200219E-01,4.392528E-01,3.594478E-01,2.780527E-01,2.099610E-01,1.525141E-01,1.083498E-01,7.382754E-02,5.089070E-02,3.464053E-02,2.185784E-02,1.393503E-02,8.511015E-03,5.080599E-03,2.556332E-03,1.252466E-03,6.305019E-04,2.852758E-04,1.212806E-04,4.484630E-05,1.469330E-05,3.723500E-06,4.183008E-07
22.95884,40.62838,0.00000,9.237939E-01,8.932956E-01,8.530573E-01,8.024958E-01,7.429033E-01,6.749567E-01,6.007912E-01,5.200439E-01,4.392764E-01,3.594725E-01,2.780834E-01,2.099880E-01,1.525373E-01,1.083677E-01,7.384118E-02,5.089653E-02,3.464398E-02,2.186090E-02,1.393860E-02,8.515568E-03,5.081490E-03,2.557373E-03,1.253063E-03,6.329365E-04,2.866942E-04,1.212956E-04,4.509806E-05,1.479771E-05,3.758002E-06,4.257314E-07
22.95915,40.62808,0.00000,9.238055E-01,8.933142E-01,8.530811E-01,8.025291E-01,7.429355E-01,6.749910E-01,6.008225E-01,5.200782E-01,4.393097E-01,3.595030E-01,2.781182E-01,2.100174E-01,1.525619E-01,1.083863E-01,7.385523E-02,5.090048E-02,3.464630E-02,2.186339E-02,1.394189E-02,8.520048E-03,5.082391E-03,2.558284E-03,1.253553E-03,6.352663E-04,2.880633E-04,1.213031E-04,4.533469E-05,1.489638E-05,3.790610E-06,4.329518E-07
22.95940,40.62775,0.00000,9.238182E-01,8.933341E-01,8.531065E-01,8.025631E-01,7.429681E-01,6.750258E-01,6.008580E-01,5.201113E-01,4.393401E-01,3.595409E-01,2.781535E-01,2.100477E-01,1.525871E-01,1.084052E-01,7.386921E-02,5.090240E-02,3.464715E-02,2.186520E-02,1.394466E-02,8.524165E-03,5.083255E-03,2.559001E-03,1.253916E-03,6.373677E-04,2.893112E-04,1.213001E-04,4.554390E-05,1.498437E-05,3.819727E-06,4.396550E-07
22.95965,40.62742,0.00000,9.238310E-01,8.933539E-01,8.531316E-01,8.025976E-01,7.430009E-01,6.750598E-01,6.008918E-01,5.201441E-01,4.393707E-01,3.595805E-01,2.781907E-01,2.100780E-01,1.526123E-01,1.084241E-01,7.387631E-02,5.090431E-02,3.464805E-02,2.186692E-02,1.394732E-02,8.528187E-03,5.084097E-03,2.559724E-03,1.254288E-03,6.394113E-04,2.905256E-04,1.212978E-04,4.574656E-05,1.506972E-05,3.838096E-06,4.487792E-07
22.95990,40.62708,0.00000,9.238445E-01,8.933741E-01,8.531573E-01,8.026324E-01,7.430346E-01,6.750948E-01,6.009269E-01,5.201768E-01,4.394019E-01,3.596207E-01,2.782270E-01,2.101091E-01,1.526381E-01,1.084434E-01,7.388169E-02,5.090604E-02,3.464878E-02,2.186860E-02,1.394998E-02,8.532126E-03,5.084988E-03,2.560452E-03,1.254659E-03,6.414242E-04,2.917240E-04,1.212950E-04,4.594523E-05,1.515362E-05,3.836619E-06,4.579634E-07
22.96015,40.62675,0.00000,9.238572E-01,8.933732E-01,8.531548E-01,8.026311E-01,7.430211E-01,6.750750E-01,6.009243E-01,5.201510E-01,4.393812E-01,3.596601E-01,2.782627E-01,2.101395E-01,1.526636E-01,1.084623E-01,7.388707E-02,5.090794E-02,3.464963E-02,2.187027E-02,1.395249E-02,8.535858E-03,5.085848E-03,2.561184E-03,1.255033E-03,6.433520E-04,2.928716E-04,1.212939E-04,4.613685E-05,1.523445E-05,3.835304E-06,4.613059E-07
22.96040,40.62642,0.00000,9.238701E-01,8.933932E-01,8.531796E-01,8.026655E-01,7.430541E-01,6.751093E-01,6.009597E-01,5.201840E-01,4.394110E-01,3.596995E-01,2.782976E-01,2.101700E-01,1.526885E-01,1.084812E-01,7.389259E-02,5.090981E-02,3.465049E-02,2.187184E-02,1.395493E-02,8.539504E-03,5.086741E-03,2.561926E-03,1.255416E-03,6.452205E-04,2.939852E-04,1.212933E-04,4.632395E-05,1.531326E-05,3.833987E-06,4.613484E-07
22.96065,40.62609,0.00000,9.238828E-01,8.934129E-01,8.532047E-01,8.026997E-01,7.430869E-01,6.751431E-01,6.009941E-01,5.202165E-01,4.394420E-01,3.597387E-01,2.783337E-01,2.102002E-01,1.527136E-01,1.085001E-01,7.389802E-02,5.091171E-02,3.465138E-02,2.187350E-02,1.395727E-02,8.542979E-03,5.087631E-03,2.562671E-03,1.255803E-03,6.466528E-04,2.950630E-04,1.212941E-04,4.650543E-05,1.538992E-05,3.832676E-06,4.652215E-07
22.96090,40.62576,0.00000,9.238955E-01,8.934461E-01,8.532485E-01,8.027586E-01,7.431512E-01,6.752157E-01,6.010658E-01,5.202944E-01,4.395149E-01,3.597775E-01,2.783705E-01,2.102305E-01,1.527387E-01,1.085191E-01,7.390467E-02,5.091372E-02,3.465241E-02,2.187504E-02,1.395955E-02,8.546310E-03,5.088502E-03,2.563423E-03,1.256194E-03,6.480257E-04,2.961037E-04,1.212951E-04,4.668098E-05,1.546432E-05,3.831373E-06,4.733863E-07
22.96115,40.62543,0.00000,9.239084E-01,8.934659E-01,8.532736E-01,8.027928E-01,7.431843E-01,6.752505E-01,6.010999E-01,5.203270E-01,4.395454E-01,3.598175E-01,2.784062E-01,2.102609E-01,1.527641E-01,1.085380E-01,7.391036E-02,5.091553E-02,3.465328E-02,2.187658E-02,1.396175E-02,8.549534E-03,5.089425E-03,2.564174E-03,1.256592E-03,6.493492E-04,2.971056E-04,1.216709E-04,4.685032E-05,1.553632E-05,3.830099E-06,4.813057E-07
22.96140,40.62510,0.00000,9.239212E-01,8.934811E-01,8.532922E-01,8.028188E-01,7.432062E-01,6.752727E-01,6.011280E-01,5.203471E-01,4.395646E-01,3.598570E-01,2.784428E-01,2.102916E-01,1.527893E-01,1.085569E-01,7.391572E-02,5.091765E-02,3.465421E-02,2.187807E-02,1.396387E-02,8.552622E-03,5.090330E-03,2.564933E-03,1.256994E-03,6.506167E-04,2.980673E-04,1.220599E-04,4.701314E-05,1.560593E-05,3.829108E-06,4.889645E-07
22.96165,40.62477,0.00000,9.310292E-01,9.033227E-01,8.661039E-01,8.174437E-01,7.606856E-01,6.959121E-01,6.235277E-01,5.437651E-01,4.632432E-01,3.828942E-01,3.014179E-01,2.297270E-01,1.684366E-01,1.204703E-01,8.296047E-02,5.651375E-02,3.878837E-02,2.495199E-02,1.595842E-02,9.848204E-03,6.037169E-03,3.211443E-03,1.584144E-03,7.858071E-04,3.691800E-04,1.596438E-04,6.326977E-05,2.199749E-05,6.206426E-06,1.083834E-06
22.96188,40.62443,0.00000,9.311002E-01,9.034220E-01,8.662379E-01,8.176113E-01,7.608486E-01,6.961387E-01,6.237559E-01,5.439701E-01,4.634092E-01,3.830139E-01,3.014551E-01,2.297592E-01,1.684582E-01,1.204801E-01,8.297586E-02,5.651529E-02,3.878940E-02,2.495248E-02,1.595994E-02,9.850632E-03,6.038259E-03,3.212329E-03,1.584602E-03,7.873764E-04,3.701646E-04,1.596510E-04,6.345724E-05,2.207452E-05,6.205853E-06,1.093306E-06
22.96207,40.62408,0.00000,9.311302E-01,9.034636E-01,8.662929E-01,8.176815E-01,7.609276E-01,6.962219E-01,6.238400E-01,5.440458E-01,4.634704E-01,3.830588E-01,3.014930E-01,2.297873E-01,1.684708E-01,1.204885E-01,8.299085E-02,5.651581E-02,3.878960E-02,2.495244E-02,1.596109E-02,9.852709E-03,6.039313E-03,3.213084E-03,1.584977E-03,7.887021E-04,3.710069E-04,1.596529E-04,6.361255E-05,2.213930E-05,6.204313E-06,1.101708E-06
22.96220,40.62371,0.00000,9.311529E-01,9.034950E-01,8.663333E-01,8.177352E-01,7.609859E-01,6.962827E-01,6.238998E-01,5.440989E-01,4.635141E-01,3.830924E-01,3.015327E-01,2.297978E-01,1.684777E-01,1.204912E-01,8.300553E-02,5.651397E-02,3.878840E-02,2.495133E-02,1.596156E-02,9.854239E-03,6.040310E-03,3.213636E-03,1.585210E-03,7.896954E-04,3.716628E-04,1.596461E-04,6.372533E-05,2.218812E-05,6.201320E-06,1.108800E-06
22.96228,40.62333,0.00000,9.311630E-01,9.035081E-01,8.663498E-01,8.177581E-01,7.610180E-01,6.962987E-01,6.239108E-01,5.441048E-01,4.635185E-01,3.830954E-01,3.015720E-01,2.297982E-01,1.684788E-01,1.204902E-01,8.301964E-02,5.651053E-02,3.878610E-02,2.494958E-02,1.596147E-02,9.855309E-03,6.041269E-03,3.214024E-03,1.585336E-03,7.903810E-04,3.721415E-04,1.596325E-04,6.379911E-05,2.222215E-05,6.197155E-06,1.114557E-06
22.96235,40.62296,0.00000,9.311771E-01,9.035271E-01,8.663737E-01,8.177913E-01,7.610576E-01,6.963296E-01,6.239405E-01,5.441306E-01,4.635393E-01,3.831122E-01,3.016100E-01,2.298027E-01,1.685039E-01,1.204892E-01,8.303330E-02,5.650681E-02,3.878373E-02,2.494775E-02,1.596124E-02,9.856174E-03,6.042175E-03,3.214388E-03,1.585447E-03,7.909195E-04,3.725272E-04,1.596200E-04,6.385431E-05,2.224879E-05,6.193050E-06,1.119407E-06
22.96242,40.62258,0.00000,9.311917E-01,9.035468E-01,8.663987E-01,8.178257E-01,7.610982E-01,6.963620E-01,6.239719E-01,5.441568E-01,4.635611E-01,3.831286E-01,3.016496E-01,2.298076E-01,1.685298E-01,1.204885E-01,8.303829E-02,5.650301E-02,3.878133E-02,2.494581E-02,1.596092E-02,9.856887E-03,6.043116E-03,3.214764E-03,1.585562E-03,7.913639E-04,3.728553E-04,1.596082E-04,6.389743E-05,2.227071E-05,6.188923E-06,1.123706E-06
22.96250,40.62220,0.00000,9.312055E-01,9.035653E-01,8.664225E-01,8.178584E-01,7.611372E-01,6.963911E-01,6.239997E-01,5.441810E-01,4.635818E-01,3.831445E-01,3.016882E-01,2.298132E-01,1.685565E-01,1.204881E-01,8.303458E-02,5.649941E-02,3.877907E-02,2.494401E-02,1.596056E-02,9.857478E-03,6.044106E-03,3.215188E-03,1.585711E-03,7.917440E-04,3.731426E-04,1.595993E-04,6.393331E-05,2.228951E-05,6.185169E-06,1.127500E-06
22.96257,40.62182,0.00000,9.312199E-01,9.035852E-01,8.664474E-01,8.178930E-01,7.611785E-01,6.964234E-01,6.240308E-01,5.442069E-01,4.636032E-01,3.831607E-01,3.017278E-01,2.298179E-01,1.685636E-01,1.204872E-01,8.303045E-02,5.649579E-02,3.877664E-02,2.494203E-02,1.596003E-02,9.857893E-03,6.045070E-03,3.215588E-03,1.585853E-03,7.919740E-04,3.733394E-04,1.595908E-04,6.395040E-05,2.230100E-05,6.181340E-06,1.130456E-06
22.96264,40.62144,0.00000,9.312313E-01,9.036005E-01,8.664661E-01,8.179192E-01,7.612134E-01,6.964436E-01,6.240484E-01,5.442201E-01,4.636132E-01,3.831688E-01,3.017669E-01,2.298205E-01,1.685648E-01,1.204862E-01,8.303406E-02,5.649202E-02,3.877416E-02,2.494005E-02,1.595946E-02,9.858153E-03,6.046052E-03,3.216000E-03,1.585996E-03,7.920950E-04,3.734698E-04,1.595836E-04,6.395396E-05,2.230717E-05,6.177780E-06,1.132730E-06
22.96271,40.62107,0.00000,9.312419E-01,9.036148E-01,8.664838E-01,8.179440E-01,7.612470E-01,6.964618E-01,6.240647E-01,5.442320E-01,4.636225E-01,3.831754E-01,3.018055E-01,2.298233E-01,1.685659E-01,1.204849E-01,8.304769E-02,5.648829E-02,3.877188E-02,2.493818E-02,1.595877E-02,9.858225E-03,6.047017E-03,3.216422E-03,1.586152E-03,7.921158E-04,3.735365E-04,1.595788E-04,6.394530E-05,2.230840E-05,6.174533E-06,1.134314E-06
22.96279,40.62069,0.00000,9.312699E-01,9.036534E-01,8.665349E-01,8.180111E-01,7.613204E-01,6.965424E-01,6.241472E-01,5.443069E-01,4.636853E-01,3.832226E-01,3.018450E-01,2.298456E-01,1.685732E-01,1.204882E-01,8.306190E-02,5.648495E-02,3.876960E-02,2.493629E-02,1.595805E-02,9.858247E-03,6.048045E-03,3.216896E-03,1.586347E-03,7.918169E-04,3.735573E-04,1.595764E-04,6.392749E-05,2.230595E-05,6.171530E-06,1.135389E-06
22.96286,40.62031,0.00000,9.312963E-01,9.036893E-01,8.665824E-01,8.180726E-01,7.613863E-01,6.966137E-01,6.242167E-01,5.443687E-01,4.637355E-01,3.832583E-01,3.018838E-01,2.298536E-01,1.685769E-01,1.204938E-01,8.307595E-02,5.648126E-02,3.876723E-02,2.493431E-02,1.595716E-02,9.858017E-03,6.049064E-03,3.217351E-03,1.586522E-03,7.913487E-04,3.734862E-04,1.595748E-04,6.389061E-05,2.229606E-05,6.168474E-06,1.135612E-06
22.96293,40.61993,0.00000,9.313108E-01,9.037090E-01,8.666072E-01,8.181069E-01,7.614270E-01,6.966454E-01,6.242474E-01,5.443948E-01,4.637565E-01,3.832747E-01,3.019232E-01,2.298839E-01,1.685788E-01,1.205135E-01,8.308998E-02,5.647749E-02,3.876471E-02,2.493224E-02,1.595619E-02,9.857646E-03,6.050095E-03,3.217817E-03,1.586711E-03,7.907859E-04,3.733466E-04,1.595750E-04,6.383982E-05,2.228072E-05,6.165591E-06,1.135143E-06
22.96300,40.61956,0.00000,9.313208E-01,9.037225E-01,8.666241E-01,8.181308E-01,7.614596E-01,6.966622E-01,6.242619E-01,5.444049E-01,4.637644E-01,3.832803E-01,3.019611E-01,2.299165E-01,1.685798E-01,1.205325E-01,8.310374E-02,5.647392E-02,3.876235E-02,2.493026E-02,1.595517E-02,9.857134E-03,6.051119E-03,3.218291E-03,1.586913E-03,7.901542E-04,3.731491E-04,1.595768E-04,6.377792E-05,2.226091E-05,6.162997E-06,1.134049E-06
22.96307,40.61918,0.00000,9.313353E-01,9.037421E-01,8.666488E-01,8.181648E-01,7.615005E-01,6.966940E-01,6.242923E-01,5.444311E-01,4.637861E-01,3.832964E-01,3.020003E-01,2.299487E-01,1.685822E-01,1.205523E-01,8.311782E-02,5.647026E-02,3.876004E-02,2.492829E-02,1.595401E-02,9.856449E-03,6.052169E-03,3.218783E-03,1.587131E-03,7.894049E-04,3.728739E-04,1.595805E-04,6.369963E-05,2.223480E-05,6.160503E-06,1.132215E-06
22.96313,40.61880,0.00000,9.313525E-01,9.037655E-01,8.666788E-01,8.182046E-01,7.615460E-01,6.967337E-01,6.243301E-01,5.444623E-01,4.638109E-01,3.833151E-01,3.020402E-01,2.299805E-01,1.685839E-01,1.205717E-01,8.313177E-02,5.646626E-02,3.875739E-02,2.492607E-02,1.595267E-02,9.855563E-03,6.053243E-03,3.219256E-03,1.587337E-03,7.885204E-04,3.725078E-04,1.595907E-04,6.360247E-05,2.220136E-05,6.157974E-06,1.129542E-06
22.96306,40.61842,0.00000,9.313668E-01,9.037842E-01,8.667021E-01,8.182358E-01,7.615827E-01,6.967611E-01,6.243547E-01,5.444806E-01,4.638235E-01,3.833355E-01,3.020769E-01,2.300104E-01,1.685769E-01,1.205885E-01,8.314344E-02,5.645814E-02,3.875221E-02,2.492217E-02,1.595010E-02,9.853648E-03,6.054071E-03,3.219287E-03,1.587256E-03,7.870167E-04,3.717812E-04,1.595841E-04,6.342761E-05,2.213804E-05,6.152950E-06,1.124226E-06
22.96293,40.61806,0.00000,9.313801E-01,9.038018E-01,8.667237E-01,8.182648E-01,7.616165E-01,6.967845E-01,6.243751E-01,5.444942E-01,4.638313E-01,3.833715E-01,3.021103E-01,2.300368E-01,1.685660E-01,1.206031E-01,8.315336E-02,5.644850E-02,3.874606E-02,2.491753E-02,1.594702E-02,9.851280E-03,6.054766E-03,3.219106E-03,1.587046E-03,7.852529E-04,3.708887E-04,1.595709E-04,6.321870E-05,2.206139E-05,6.147085E-06,1.117612E-06
22.96274,40.61770,0.00000,9.313809E-01,9.038017E-01,8.667206E-01,8.182614E-01,7.616247E-01,6.967590E-01,6.243419E-01,5.444533E-01,4.637901E-01,3.833924E-01,3.021426E-01,2.300626E-01,1.685714E-01,1.206165E-01,8.316226E-02,5.643698E-02,3.873890E-02,2.491216E-02,1.594331E-02,9.848376E-03,6.055370E-03,3.218728E-03,1.586705E-03,7.831678E-04,3.698014E-04,1.595511E-04,6.296880E-05,2.196892E-05,6.140131E-06,1.109807E-06
22.96249,40.61738,0.00000,9.313923E-01,9.038164E-01,8.667386E-01,8.182843E-01,7.616512E-01,6.967752E-01,6.243536E-01,5.444589E-01,4.637885E-01,3.833843E-01,3.021702E-01,2.300532E-01,1.685866E-01,1.206268E-01,8.316877E-02,5.642419E-02,3.873082E-02,2.490636E-02,1.593928E-02,9.845152E-03,6.054066E-03,3.218125E-03,1.586220E-03,7.809089E-04,3.685925E-04,1.595237E-04,6.269550E-05,2.186700E-05,6.132390E-06,1.101240E-06
22.96214,40.61710,0.00000,9.314025E-01,9.038289E-01,8.667529E-01,8.183014E-01,7.616704E-01,6.967856E-01,6.243590E-01,5.444567E-01,4.637786E-01,3.833684E-01,3.021920E-01,2.300289E-01,1.685968E-01,1.206330E-01,8.317210E-02,5.640901E-02,3.872133E-02,2.489951E-02,1.593455E-02,9.841319E-03,6.050405E-03,3.217140E-03,1.585497E-03,7.783206E-04,3.671750E-04,1.594818E-04,6.238052E-05,2.174853E-05,6.122979E-06,1.091319E-06
22.96177,40.61684,0.00000,9.314116E-01,9.038400E-01,8.667657E-01,8.183174E-01,7.616876E-01,6.967935E-01,6.243616E-01,5.444514E-01,4.637665E-01,3.833495E-01,3.022115E-01,2.300035E-01,1.686056E-01,1.206289E-01,8.317446E-02,5.639348E-02,3.871165E-02,2.489263E-02,1.592969E-02,9.837358E-03,6.046568E-03,3.216080E-03,1.584727E-03,7.756643E-04,3.657001E-04,1.594375E-04,6.205565E-05,2.162649E-05,6.113621E-06,1.081042E-06
22.96141,40.61658,0.00000,9.353192E-01,9.093457E-01,8.740377E-01,8.278077E-01,7.717487E-01,7.088904E-01,6.376080E-01,5.583791E-01,4.779659E-01,3.972318E-01,3.164407E-01,2.413628E-01,1.783379E-01,1.277749E-01,8.905471E-02,6.033750E-02,4.151622E-02,2.689431E-02,1.723510E-02,1.072468E-02,6.590533E-03,3.667241E-03,1.813402E-03,8.636494E-04,4.126202E-04,1.871583E-04,7.311344E-05,2.613762E-05,7.798032E-06,1.534653E-06
22.96104,40.61632,0.00000,9.353280E-01,9.093565E-01,8.740502E-01,8.278180E-01,7.717659E-01,7.088988E-01,6.376121E-01,5.583752E-01,4.779552E-01,3.972144E-01,3.164611E-01,2.413373E-01,1.783471E-01,1.277521E-01,8.905742E-02,6.032331E-02,4.150594E-02,2.688731E-02,1.722998E-02,1.072005E-02,6.586423E-03,3.666089E-03,1.812566E-03,8.613681E-04,4.123018E-04,1.871159E-04,7.272164E-05,2.598226E-05,7.743170E-06,1.521152E-06
22.96068,40.61606,0.00000,9.353368E-01,9.093675E-01,8.740630E-01,8.278282E-01,7.717834E-01,7.089080E-01,6.376162E-01,5.583717E-01,4.779445E-01,3.971981E-01,3.164827E-01,2.413124E-01,1.783566E-01,1.277297E-01,8.906032E-02,6.030917E-02,4.149600E-02,2.688042E-02,1.722496E-02,1.071539E-02,6.582235E-03,3.664983E-03,1.811759E-03,8.583406E-04,4.119932E-04,1.870762E-04,7.232683E-05,2.582537E-05,7.687825E-06,1.507352E-06
22.96031,40.61580,0.00000,9.353508E-01,9.093854E-01,8.740854E-01,8.278518E-01,7.718097E-01,7.089348E-01,6.376389E-01,5.583848E-01,4.779469E-01,3.971903E-01,3.165028E-01,2.412893E-01,1.783658E-01,1.277072E-01,8.906297E-02,6.029500E-02,4.148576E-02,2.687346E-02,1.721977E-02,1.071049E-02,6.577848E-03,3.663842E-03,1.810934E-03,8.552030E-04,4.116870E-04,1.870356E-04,7.191653E-05,2.566197E-05,7.630215E-06,1.492825E-06
22.95994,40.61554,0.00000,9.353706E-01,9.094118E-01,8.741193E-01,8.278909E-01,7.718515E-01,7.089821E-01,6.376828E-01,5.584179E-01,4.779657E-01,3.971932E-01,3.165244E-01,2.412671E-01,1.783751E-01,1.276847E-01,8.906572E-02,6.028083E-02,4.147561E-02,2.686645E-02,1.721456E-02,1.070554E-02,6.573319E-03,3.662705E-03,1.810107E-03,8.520059E-04,4.113902E-04,1.869961E-04,7.149787E-05,2.549476E-05,7.571310E-06,1.477813E-06
22.95958,40.61528,0.00000,9.353794E-01,9.094227E-01,8.741316E-01,8.279010E-01,7.718689E-01,7.089912E-01,6.376865E-01,5.584144E-01,4.779551E-01,3.971763E-01,3.165452E-01,2.412427E-01,1.783846E-01,1.276623E-01,8.906855E-02,6.026702E-02,4.146562E-02,2.685951E-02,1.720943E-02,1.070055E-02,6.568741E-03,3.661616E-03,1.809315E-03,8.488016E-04,4.111031E-04,1.869593E-04,7.138786E-05,2.532642E-05,7.512042E-06,1.462541E-06
22.95921,40.61502,0.00000,9.353880E-01,9.094335E-01,8.741441E-01,8.279112E-01,7.718861E-01,7.089993E-01,6.376899E-01,5.584105E-01,4.779440E-01,3.971585E-01,3.165655E-01,2.412171E-01,1.783940E-01,1.276394E-01,8.907131E-02,6.025302E-02,4.145546E-02,2.685258E-02,1.720417E-02,1.069539E-02,6.563963E-03,3.660491E-03,1.808500E-03,8.454866E-04,4.108102E-04,1.869218E-04,7.136686E-05,2.516005E-05,7.450453E-06,1.446512E-06
22.95885,40.61476,0.00000,9.353969E-01,9.094442E-01,8.741565E-01,8.279212E-01,7.719030E-01,7.090083E-01,6.376947E-01,5.584072E-01,4.779337E-01,3.971419E-01,3.165858E-01,2.411924E-01,1.784034E-01,1.276172E-01,8.907416E-02,6.023923E-02,4.144564E-02,2.684578E-02,1.719895E-02,1.069019E-02,6.559133E-03,3.659419E-03,1.807716E-03,8.421667E-04,4.105282E-04,1.868867E-04,7.134716E-05,2.499441E-05,7.388579E-06,1.430251E-06
22.95848,40.61450,0.00000,9.354056E-01,9.094551E-01,8.741693E-01,8.279313E-01,7.719200E-01,7.090165E-01,6.376981E-01,5.584029E-01,4.779228E-01,3.971243E-01,3.166063E-01,2.411671E-01,1.784125E-01,1.275946E-01,8.907694E-02,6.022519E-02,4.143564E-02,2.683874E-02,1.719361E-02,1.068481E-02,6.554109E-03,3.658314E-03,1.806917E-03,8.387399E-04,4.102394E-04,1.868510E-04,7.132722E-05,2.482286E-05,7.324488E-06,1.413273E-06
22.95812,40.61424,0.00000,9.374900E-01,9.123816E-01,8.780581E-01,8.332945E-01,7.774038E-01,7.155959E-01,6.449308E-01,5.660199E-01,4.857270E-01,4.048032E-01,3.246249E-01,2.474667E-01,1.840457E-01,1.318344E-01,9.246541E-02,6.245454E-02,4.305095E-02,2.796058E-02,1.795178E-02,1.122067E-02,6.870540E-03,3.930136E-03,1.911919E-03,8.880589E-04,4.473236E-04,2.017111E-04,7.870024E-05,2.742292E-05,8.264157E-06,1.677526E-06
22.95775,40.61397,0.00000,9.375055E-01,9.123926E-01,8.780712E-01,8.333054E-01,7.774213E-01,7.156051E-01,6.449355E-01,5.660176E-01,4.857161E-01,4.047869E-01,3.246473E-01,2.474412E-01,1.840561E-01,1.318409E-01,9.246875E-02,6.245622E-02,4.304051E-02,2.795662E-02,1.794622E-02,1.121504E-02,6.865218E-03,3.929018E-03,1.905488E-03,8.843052E-04,4.470192E-04,2.004245E-04,7.868099E-05,2.721468E-05,8.190151E-06,1.657435E-06
22.95741,40.61370,0.00000,9.375208E-01,9.124037E-01,8.780842E-01,8.333163E-01,7.774403E-01,7.156153E-01,6.449418E-01,5.660157E-01,4.857077E-01,4.047723E-01,3.246698E-01,2.474184E-01,1.840672E-01,1.318481E-01,9.247259E-02,6.245594E-02,4.303064E-02,2.795440E-02,1.794091E-02,1.120954E-02,6.860008E-03,3.928019E-03,1.899256E-03,8.806735E-04,4.467562E-04,1.991791E-04,7.866463E-05,2.701296E-05,8.118548E-06,1.637840E-06
22.95725,40.61334,0.00000,9.375399E-01,9.124199E-01,8.781044E-01,8.333343E-01,7.774726E-01,7.156385E-01,6.449623E-01,5.660293E-01,4.857146E-01,4.047729E-01,3.247053E-01,2.474070E-01,1.840884E-01,1.318640E-01,9.248329E-02,6.244702E-02,4.302361E-02,2.795726E-02,1.793655E-02,1.120469E-02,6.855249E-03,3.927917E-03,1.893687E-03,8.774683E-04,4.466887E-04,1.980915E-04,7.866707E-05,2.683570E-05,8.056386E-06,1.620411E-06
22.95721,40.61296,0.00000,9.375594E-01,9.124370E-01,8.781266E-01,8.333557E-01,7.775099E-01,7.156669E-01,6.449891E-01,5.660494E-01,4.857302E-01,4.047826E-01,3.247441E-01,2.474057E-01,1.841137E-01,1.318834E-01,9.249681E-02,6.244173E-02,4.301879E-02,2.796139E-02,1.793298E-02,1.120063E-02,6.851079E-03,3.924807E-03,1.889090E-03,8.747634E-04,4.467426E-04,1.971746E-04,7.868127E-05,2.668641E-05,8.004585E-06,1.605558E-06
22.95724,40.61258,0.00000,9.375786E-01,9.124548E-01,8.781494E-01,8.333775E-01,7.775490E-01,7.156975E-01,6.450182E-01,5.660742E-01,4.857496E-01,4.047969E-01,3.247840E-01,2.474084E-01,1.841408E-01,1.319047E-01,9.251185E-02,6.243854E-02,4.301543E-02,2.795967E-02,1.793007E-02,1.119700E-02,6.847322E-03,3.920812E-03,1.884891E-03,8.724667E-04,4.454007E-04,1.963683E-04,7.870215E-05,2.662523E-05,7.959461E-06,1.592354E-06
22.95726,40.61220,0.00000,9.375978E-01,9.124724E-01,8.781725E-01,8.333995E-01,7.775902E-01,7.157279E-01,6.450472E-01,5.660975E-01,4.857682E-01,4.048112E-01,3.248248E-01,2.474099E-01,1.841676E-01,1.319258E-01,9.252667E-02,6.243511E-02,4.301187E-02,2.795675E-02,1.792691E-02,1.119313E-02,6.843295E-03,3.916555E-03,1.880470E-03,8.726728E-04,4.439197E-04,1.955133E-04,7.872336E-05,2.663526E-05,7.911684E-06,1.578319E-06
22.95729,40.61182,0.00000,9.376168E-01,9.124900E-01,8.781952E-01,8.334216E-01,7.776424E-01,7.157576E-01,6.450761E-01,5.661219E-01,4.857882E-01,4.048251E-01,3.248637E-01,2.474121E-01,1.841948E-01,1.319470E-01,9.254169E-02,6.243190E-02,4.300852E-02,2.795401E-02,1.792382E-02,1.118924E-02,6.839205E-03,3.912211E-03,1.876016E-03,8.729044E-04,4.424304E-04,1.946499E-04,7.874667E-05,2.664637E-05,7.863606E-06,1.564085E-06
22.95732,40.61143,0.00000,9.376361E-01,9.125234E-01,8.782394E-01,8.334720E-01,7.776965E-01,7.158278E-01,6.451462E-01,5.661839E-01,4.858380E-01,4.048613E-01,3.249047E-01,2.474191E-01,1.842224E-01,1.319687E-01,9.255708E-02,6.242856E-02,4.300502E-02,2.795109E-02,1.792061E-02,1.118508E-02,6.834828E-03,3.907574E-03,1.871317E-03,8.731498E-04,4.408562E-04,1.937328E-04,7.877142E-05,2.665863E-05,7.812729E-06,1.562108E-06
22.95735,40.61105,0.00000,9.376538E-01,9.125603E-01,8.782890E-01,8.335301E-01,7.777620E-01,7.159056E-01,6.452232E-01,5.662515E-01,4.858922E-01,4.048990E-01,3.249454E-01,2.474254E-01,1.842494E-01,1.319901E-01,9.257213E-02,6.242548E-02,4.300169E-02,2.794826E-02,1.791736E-02,1.118089E-02,6.830408E-03,3.902894E-03,1.866624E-03,8.733982E-04,4.392845E-04,1.928129E-04,7.879674E-05,2.667118E-05,7.761902E-06,1.564131E-06
22.95738,40.61067,0.00000,9.376645E-01,9.125781E-01,8.783119E-01,8.335520E-01,7.778023E-01,7.159359E-01,6.452530E-01,5.662759E-01,4.859113E-01,4.049135E-01,3.249857E-01,2.474273E-01,1.842766E-01,1.320115E-01,9.258709E-02,6.242232E-02,4.299835E-02,2.795288E-02,1.791406E-02,1.117655E-02,6.825828E-03,3.898056E-03,1.861813E-03,8.736517E-04,4.376743E-04,1.918667E-04,7.882317E-05,2.668421E-05,7.709818E-06,1.566258E-06
22.95741,40.61029,0.00000,9.376753E-01,9.125956E-01,8.783349E-01,8.335738E-01,7.778552E-01,7.159662E-01,6.452816E-01,5.663002E-01,4.859312E-01,4.049278E-01,3.250263E-01,2.474298E-01,1.843037E-01,1.320325E-01,9.260228E-02,6.241913E-02,4.299502E-02,2.795760E-02,1.791065E-02,1.117211E-02,6.821101E-03,3.893052E-03,1.856905E-03,8.739182E-04,4.360270E-04,1.908953E-04,7.885099E-05,2.669780E-05,7.656545E-06,1.568462E-06
22.95744,40.60991,0.00000,9.376895E-01,9.126245E-01,8.783733E-01,8.336169E-01,7.779075E-01,7.160315E-01,6.453520E-01,5.663689E-01,4.859950E-01,4.049821E-01,3.250665E-01,2.474449E-01,1.843306E-01,1.320540E-01,9.261740E-02,6.241658E-02,4.299178E-02,2.796255E-02,1.790719E-02,1.116754E-02,6.816229E-03,3.887893E-03,1.851895E-03,8.741912E-04,4.343445E-04,1.898995E-04,7.888050E-05,2.671192E-05,7.602149E-06,1.570742E-06
22.95747,40.60953,0.00000,9.377002E-01,9.126422E-01,8.783959E-01,8.336389E-01,7.779601E-01,7.160620E-01,6.453807E-01,5.663937E-01,4.860144E-01,4.049962E-01,3.251066E-01,2.474470E-01,1.843579E-01,1.320752E-01,9.263243E-02,6.241339E-02,4.298835E-02,2.796745E-02,1.790371E-02,1.116283E-02,6.811190E-03,3.882593E-03,1.846783E-03,8.744715E-04,4.326277E-04,1.888806E-04,7.891375E-05,2.672654E-05,7.546700E-06,1.573115E-06
22.95750,40.60915,0.00000,9.377465E-01,9.127373E-01,8.785138E-01,8.337165E-01,7.781003E-01,7.161378E-01,6.454291E-01,5.664204E-01,4.860314E-01,4.050048E-01,3.251465E-01,2.474423E-01,1.843849E-01,1.320967E-01,9.264753E-02,6.240528E-02,4.298215E-02,2.797228E-02,1.789984E-02,1.115801E-02,6.806047E-03,3.877182E-03,1.841577E-03,8.747676E-04,4.308795E-04,1.878395E-04,7.894832E-05,2.674169E-05,7.490266E-06,1.575566E-06
22.95753,40.60877,0.00000,9.377570E-01,9.127541E-01,8.785353E-01,8.337371E-01,7.781376E-01,7.161661E-01,6.454550E-01,5.664424E-01,4.860491E-01,4.050181E-01,3.251867E-01,2.474537E-01,1.844120E-01,1.321179E-01,9.266272E-02,6.240207E-02,4.297873E-02,2.797718E-02,1.789616E-02,1.115305E-02,6.800722E-03,3.871591E-03,1.836273E-03,8.750680E-04,4.291019E-04,1.867774E-04,7.894851E-05,2.675731E-05,7.486234E-06,1.578089E-06
22.95756,40.60839,0.00000,9.377676E-01,9.127715E-01,8.785582E-01,8.337588E-01,7.781763E-01,7.161962E-01,6.454841E-01,5.664663E-01,4.860685E-01,4.050317E-01,3.252271E-01,2.474879E-01,1.844391E-01,1.321394E-01,9.267781E-02,6.239884E-02,4.297550E-02,2.798214E-02,1.789243E-02,1.114796E-02,6.795257E-03,3.865862E-03,1.830881E-03,8.753845E-04,4.272946E-04,1.856953E-04,7.843833E-05,2.677340E-05,7.492833E-06,1.564283E-06
22.95759,40.60801,0.00000,9.385146E-01,9.137619E-01,8.798804E-01,8.355804E-01,7.803167E-01,7.184596E-01,6.479756E-01,5.690894E-01,4.887599E-01,4.076843E-01,3.280072E-01,2.498912E-01,1.864204E-01,1.337076E-01,9.386767E-02,6.317274E-02,4.353535E-02,2.849049E-02,1.815480E-02,1.133254E-02,6.902204E-03,3.931107E-03,1.863033E-03,9.003054E-04,4.356129E-04,1.895085E-04,8.026781E-05,2.782997E-05,7.846769E-06,1.648754E-06
22.95762,40.60762,0.00000,9.385252E-01,9.137813E-01,8.799036E-01,8.356030E-01,7.803517E-01,7.184905E-01,6.480054E-01,5.691148E-01,4.887803E-01,4.076988E-01,3.280482E-01,2.499263E-01,1.864483E-01,1.337295E-01,9.388334E-02,6.316946E-02,4.353180E-02,2.849553E-02,1.815088E-02,1.132708E-02,6.896328E-03,3.924920E-03,1.863572E-03,9.006488E-04,4.336610E-04,1.883342E-04,7.971381E-05,2.784826E-05,7.854063E-06,1.629578E-06
22.95765,40.60724,0.00000,9.385356E-01,9.138001E-01,8.799263E-01,8.356245E-01,7.803857E-01,7.185214E-01,6.480345E-01,5.691384E-01,4.887996E-01,4.077135E-01,3.280896E-01,2.499606E-01,1.864759E-01,1.337512E-01,9.389868E-02,6.316757E-02,4.352842E-02,2.850062E-02,1.814697E-02,1.132168E-02,6.890490E-03,3.918770E-03,1.864119E-03,9.009920E-04,4.317363E-04,1.871738E-04,7.916681E-05,2.786661E-05,7.861364E-06,1.632226E-06
22.95768,40.60686,0.00000,9.385462E-01,9.138189E-01,8.799489E-01,8.356461E-01,7.804198E-01,7.185513E-01,6.480638E-01,5.691625E-01,4.888192E-01,4.077272E-01,3.281296E-01,2.499945E-01,1.865032E-01,1.337728E-01,9.391405E-02,6.317846E-02,4.352495E-02,2.850565E-02,1.814301E-02,1.131617E-02,6.884531E-03,3.912498E-03,1.864674E-03,9.013434E-04,4.297872E-04,1.860038E-04,7.861249E-05,2.788543E-05,7.868878E-06,1.635150E-06
22.95774,40.60648,0.00000,9.385567E-01,9.138379E-01,8.799715E-01,8.356680E-01,7.804545E-01,7.185825E-01,6.480938E-01,5.691888E-01,4.888401E-01,4.077439E-01,3.281712E-01,2.500300E-01,1.865312E-01,1.337952E-01,9.393001E-02,6.318985E-02,4.352221E-02,2.850869E-02,1.813924E-02,1.131077E-02,6.878672E-03,3.906364E-03,1.865311E-03,9.017483E-04,4.279001E-04,1.848675E-04,7.807455E-05,2.790590E-05,7.877707E-06,1.638470E-06
22.95783,40.60611,0.00000,9.385701E-01,9.138562E-01,8.799937E-01,8.356902E-01,7.804884E-01,7.186141E-01,6.481250E-01,5.692148E-01,4.888628E-01,4.077618E-01,3.282114E-01,2.500650E-01,1.865593E-01,1.338176E-01,9.394614E-02,6.320146E-02,4.352022E-02,2.851246E-02,1.813589E-02,1.130571E-02,6.873078E-03,3.900530E-03,1.866016E-03,9.021966E-04,4.261275E-04,1.837962E-04,7.756781E-05,2.792759E-05,7.887199E-06,1.642981E-06
22.95793,40.60574,0.00000,9.385880E-01,9.138749E-01,8.800163E-01,8.357121E-01,7.805228E-01,7.186455E-01,6.481563E-01,5.692425E-01,4.888864E-01,4.077801E-01,3.282520E-01,2.501000E-01,1.865878E-01,1.338403E-01,9.396254E-02,6.321324E-02,4.351827E-02,2.851818E-02,1.813253E-02,1.130064E-02,6.867441E-03,3.894655E-03,1.866754E-03,9.026694E-04,4.243579E-04,1.827250E-04,7.706122E-05,2.795011E-05,7.897229E-06,1.648363E-06
22.95804,40.60536,0.00000,9.386066E-01,9.138937E-01,8.800397E-01,8.357348E-01,7.805583E-01,7.186779E-01,6.481888E-01,5.692702E-01,4.889110E-01,4.077997E-01,3.282937E-01,2.501359E-01,1.866172E-01,1.338636E-01,9.397944E-02,6.322548E-02,4.351647E-02,2.852421E-02,1.812908E-02,1.129539E-02,6.861592E-03,3.888565E-03,1.867541E-03,9.031720E-04,4.225351E-04,1.816203E-04,7.653893E-05,2.797398E-05,7.907871E-06,1.654053E-06
22.95814,40.60499,0.00000,9.386243E-01,9.139102E-01,8.800532E-01,8.357444E-01,7.805844E-01,7.186927E-01,6.482016E-01,5.692805E-01,4.889201E-01,4.078078E-01,3.283350E-01,2.501716E-01,1.866456E-01,1.338864E-01,9.399578E-02,6.323728E-02,4.351462E-02,2.852998E-02,1.812563E-02,1.129012E-02,6.855732E-03,3.882470E-03,1.868299E-03,9.036571E-04,4.207183E-04,1.805193E-04,7.601879E-05,2.799744E-05,7.918272E-06,1.659562E-06
22.95825,40.60462,0.00000,9.386421E-01,9.139287E-01,8.800758E-01,8.357667E-01,7.806187E-01,7.187247E-01,6.482339E-01,5.693085E-01,4.889439E-01,4.078269E-01,3.283753E-01,2.502062E-01,1.866740E-01,1.339094E-01,9.401239E-02,6.324922E-02,4.351302E-02,2.853591E-02,1.812220E-02,1.128485E-02,6.849831E-03,3.876345E-03,1.869088E-03,9.041652E-04,4.189067E-04,1.796812E-04,7.550044E-05,2.802212E-05,7.929058E-06,1.665264E-06
22.95835,40.60424,0.00000,9.378884E-01,9.129563E-01,8.787987E-01,8.339868E-01,7.785979E-01,7.165201E-01,6.457986E-01,5.667307E-01,4.862885E-01,4.052016E-01,3.256704E-01,2.478672E-01,1.847437E-01,1.323811E-01,9.285069E-02,6.239761E-02,4.294678E-02,2.804011E-02,1.785146E-02,1.108869E-02,6.730586E-03,3.798746E-03,1.820664E-03,8.799444E-04,4.071725E-04,1.739235E-04,7.272568E-05,2.700038E-05,7.589355E-06,1.551124E-06
22.95846,40.60387,0.00000,9.378988E-01,9.129736E-01,8.788213E-01,8.340088E-01,7.786377E-01,7.165519E-01,6.458299E-01,5.667583E-01,4.863119E-01,4.052199E-01,3.257112E-01,2.479024E-01,1.847721E-01,1.324039E-01,9.286720E-02,6.240949E-02,4.294515E-02,2.804584E-02,1.784790E-02,1.108319E-02,6.724453E-03,3.792446E-03,1.821465E-03,8.804552E-04,4.053567E-04,1.740890E-04,7.220849E-05,2.678574E-05,7.600237E-06,1.557075E-06
22.95856,40.60350,0.00000,9.379089E-01,9.129909E-01,8.788438E-01,8.340309E-01,7.786773E-01,7.165842E-01,6.458607E-01,5.667850E-01,4.863357E-01,4.052387E-01,3.257516E-01,2.479371E-01,1.848004E-01,1.324264E-01,9.288342E-02,6.242124E-02,4.294314E-02,2.805159E-02,1.784417E-02,1.107754E-02,6.718155E-03,3.785976E-03,1.822249E-03,8.809564E-04,4.035000E-04,1.742525E-04,7.168071E-05,2.655595E-05,7.611073E-06,1.562942E-06
22.95867,40.60312,0.00000,9.379196E-01,9.130088E-01,8.788674E-01,8.340536E-01,7.787176E-01,7.166168E-01,6.458928E-01,5.668131E-01,4.863588E-01,4.052576E-01,3.257928E-01,2.479733E-01,1.848296E-01,1.324497E-01,9.290024E-02,6.243334E-02,4.294128E-02,2.805739E-02,1.784033E-02,1.107168E-02,6.711632E-03,3.779298E-03,1.823081E-03,8.814927E-04,4.015951E-04,1.744261E-04,7.113907E-05,2.632020E-05,7.622504E-06,1.569119E-06
22.95877,40.60275,0.00000,9.379374E-01,9.130336E-01,8.789004E-01,8.340904E-01,7.787703E-01,7.166681E-01,6.459448E-01,5.668593E-01,4.863975E-01,4.052866E-01,3.258342E-01,2.480082E-01,1.848578E-01,1.324723E-01,9.291650E-02,6.244511E-02,4.293945E-02,2.806301E-02,1.783652E-02,1.106582E-02,6.705160E-03,3.772658E-03,1.823882E-03,8.820214E-04,3.997103E-04,1.745946E-04,7.060378E-05,2.608746E-05,7.633627E-06,1.569197E-06
22.95879,40.60237,0.00000,9.379501E-01,9.130511E-01,8.789231E-01,8.341116E-01,7.788085E-01,7.166978E-01,6.459727E-01,5.668824E-01,4.864160E-01,4.053000E-01,3.258738E-01,2.480422E-01,1.848851E-01,1.324937E-01,9.293170E-02,6.245591E-02,4.293565E-02,2.806819E-02,1.783177E-02,1.105909E-02,6.697859E-03,3.765201E-03,1.824510E-03,8.824420E-04,3.975758E-04,1.747325E-04,7.000263E-05,2.582742E-05,7.643553E-06,1.548023E-06
22.95870,40.60199,0.00000,9.379625E-01,9.130678E-01,8.789446E-01,8.341317E-01,7.788438E-01,7.167236E-01,6.459969E-01,5.669003E-01,4.864275E-01,4.053049E-01,3.259118E-01,2.480740E-01,1.849097E-01,1.325126E-01,9.294485E-02,6.246502E-02,4.292951E-02,2.807222E-02,1.782590E-02,1.105136E-02,6.689752E-03,3.756931E-03,1.824877E-03,8.826953E-04,3.951921E-04,1.748213E-04,6.933780E-05,2.554164E-05,7.651382E-06,1.526385E-06
22.95861,40.60162,0.00000,9.379821E-01,9.130948E-01,8.789799E-01,8.341711E-01,7.788956E-01,7.167761E-01,6.460469E-01,5.669416E-01,4.864584E-01,4.053241E-01,3.259493E-01,2.481050E-01,1.849337E-01,1.325310E-01,9.295766E-02,6.247392E-02,4.292373E-02,2.807630E-02,1.782009E-02,1.104374E-02,6.681782E-03,3.755738E-03,1.825242E-03,8.829452E-04,3.928693E-04,1.749080E-04,6.869280E-05,2.527933E-05,7.659571E-06,1.506313E-06
22.95851,40.60124,0.00000,9.382371E-01,9.131117E-01,8.790014E-01,8.341908E-01,7.789308E-01,7.168021E-01,6.460704E-01,5.669586E-01,4.864689E-01,4.053282E-01,3.259871E-01,2.481367E-01,1.849580E-01,1.325498E-01,9.297058E-02,6.248284E-02,4.291739E-02,2.808029E-02,1.781403E-02,1.103582E-02,6.673481E-03,3.756369E-03,1.825606E-03,8.831958E-04,3.904724E-04,1.749947E-04,6.802933E-05,2.501310E-05,7.649646E-06,1.485961E-06
22.95842,40.60087,0.00000,9.382458E-01,9.131263E-01,8.790193E-01,8.342071E-01,7.789629E-01,7.168223E-01,6.460875E-01,5.669696E-01,4.864753E-01,4.053295E-01,3.260255E-01,2.481677E-01,1.849821E-01,1.325682E-01,9.298335E-02,6.249177E-02,4.291150E-02,2.808430E-02,1.780811E-02,1.102808E-02,6.665394E-03,3.757020E-03,1.825983E-03,8.834552E-04,3.881610E-04,1.750837E-04,6.739050E-05,2.475682E-05,7.583546E-06,1.466469E-06
22.95832,40.60050,0.00000,9.410264E-01,9.141364E-01,8.803347E-01,8.360220E-01,7.810060E-01,7.190762E-01,6.485697E-01,5.705236E-01,4.891591E-01,4.079741E-01,3.293178E-01,2.512113E-01,1.873330E-01,1.343207E-01,9.427326E-02,6.340887E-02,4.346922E-02,2.864501E-02,1.806969E-02,1.121116E-02,6.770365E-03,3.849792E-03,1.875710E-03,9.084403E-04,3.952407E-04,1.809088E-04,6.883591E-05,2.535762E-05,7.853366E-06,1.559491E-06
22.95815,40.60015,0.00000,9.410442E-01,9.141527E-01,8.803537E-01,8.360393E-01,7.810324E-01,7.190975E-01,6.485887E-01,5.705600E-01,4.891643E-01,4.079728E-01,3.293109E-01,2.512401E-01,1.873544E-01,1.343366E-01,9.428395E-02,6.341609E-02,4.346173E-02,2.864811E-02,1.806328E-02,1.120308E-02,6.762074E-03,3.850063E-03,1.875869E-03,9.085562E-04,3.928562E-04,1.796764E-04,6.817674E-05,2.509579E-05,7.784801E-06,1.539588E-06
22.95785,40.59984,0.00000,9.401181E-01,9.129829E-01,8.788237E-01,8.339085E-01,7.786961E-01,7.164487E-01,6.456602E-01,5.674180E-01,4.859695E-01,4.048152E-01,3.263424E-01,2.484256E-01,1.850331E-01,1.324993E-01,9.288809E-02,6.239279E-02,4.278331E-02,2.804943E-02,1.773888E-02,1.096834E-02,6.619517E-03,3.740535E-03,1.817177E-03,8.791299E-04,3.793851E-04,1.726613E-04,6.508281E-05,2.383281E-05,7.326767E-06,1.388740E-06
22.95747,40.59959,0.00000,9.401261E-01,9.129926E-01,8.788346E-01,8.339177E-01,7.787113E-01,7.164559E-01,6.456628E-01,5.674452E-01,4.859565E-01,4.047953E-01,3.263179E-01,2.484400E-01,1.850422E-01,1.325046E-01,9.289073E-02,6.239391E-02,4.277263E-02,2.804910E-02,1.773171E-02,1.096040E-02,6.611785E-03,3.739658E-03,1.816656E-03,8.788045E-04,3.771900E-04,1.715377E-04,6.449452E-05,2.360142E-05,7.267344E-06,1.371861E-06
22.95721,40.59927,0.00000,9.401361E-01,9.130051E-01,8.788497E-01,8.339300E-01,7.787354E-01,7.164693E-01,6.456724E-01,5.674797E-01,4.859518E-01,4.047847E-01,3.263023E-01,2.484633E-01,1.850589E-01,1.325166E-01,9.289846E-02,6.239876E-02,4.276380E-02,2.805084E-02,1.772472E-02,1.095203E-02,6.603403E-03,3.740028E-03,1.816832E-03,8.787528E-04,3.748760E-04,1.703528E-04,6.386724E-05,2.335522E-05,7.204239E-06,1.353623E-06
22.95716,40.59890,0.00000,9.401482E-01,9.130216E-01,8.788707E-01,8.339501E-01,7.787709E-01,7.164958E-01,6.456969E-01,5.675187E-01,4.859653E-01,4.047923E-01,3.263040E-01,2.484949E-01,1.850843E-01,1.325360E-01,9.291207E-02,6.240837E-02,4.275853E-02,2.805533E-02,1.771901E-02,1.094439E-02,6.595378E-03,3.740874E-03,1.817330E-03,8.790929E-04,3.727416E-04,1.692601E-04,6.328052E-05,2.312394E-05,7.145771E-06,1.336333E-06
22.95731,40.59854,0.00000,9.401603E-01,9.130384E-01,8.788932E-01,8.339725E-01,7.788102E-01,7.165281E-01,6.457292E-01,5.675552E-01,4.859907E-01,4.048132E-01,3.263198E-01,2.485310E-01,1.851134E-01,1.325595E-01,9.292915E-02,6.242079E-02,4.275747E-02,2.806167E-02,1.771528E-02,1.093854E-02,6.588876E-03,3.742556E-03,1.818312E-03,8.797472E-04,3.710793E-04,1.684088E-04,6.281509E-05,2.293948E-05,7.099916E-06,1.322386E-06
22.95766,40.59827,0.00000,9.401819E-01,9.130738E-01,8.789421E-01,8.340328E-01,7.788863E-01,7.166216E-01,6.458309E-01,5.675820E-01,4.860849E-01,4.048935E-01,3.263827E-01,2.485628E-01,1.851409E-01,1.325825E-01,9.294652E-02,6.243386E-02,4.276151E-02,2.806881E-02,1.771476E-02,1.093606E-02,6.585537E-03,3.744818E-03,1.819645E-03,8.806171E-04,3.703012E-04,1.680076E-04,6.258300E-05,2.284579E-05,7.077487E-06,1.314944E-06
22.95811,40.59811,0.00000,9.401875E-01,9.130828E-01,8.789557E-01,8.340474E-01,7.789139E-01,7.166483E-01,6.458614E-01,5.675975E-01,4.861207E-01,4.049299E-01,3.264178E-01,2.485881E-01,1.851628E-01,1.326016E-01,9.296141E-02,6.244542E-02,4.276897E-02,2.807537E-02,1.771682E-02,1.093652E-02,6.585104E-03,3.747191E-03,1.821040E-03,8.815276E-04,3.702996E-04,1.680011E-04,6.255844E-05,2.283307E-05,7.075507E-06,1.313301E-06
22.95852,40.59790,0.00000,9.397927E-01,9.125932E-01,8.783081E-01,8.331438E-01,7.780004E-01,7.155362E-01,6.446359E-01,5.660959E-01,4.847919E-01,4.036199E-01,3.251909E-01,2.474069E-01,1.841923E-01,1.318362E-01,9.238140E-02,6.202144E-02,4.249140E-02,2.782820E-02,1.758310E-02,1.083980E-02,6.526486E-03,3.703552E-03,1.797831E-03,8.701139E-04,3.653578E-04,1.654310E-04,6.144249E-05,2.237583E-05,6.905182E-06,1.256790E-06
22.95887,40.59763,0.00000,9.398053E-01,9.126182E-01,8.783420E-01,8.331850E-01,7.780574E-01,7.155965E-01,6.446986E-01,5.661228E-01,4.848472E-01,4.036657E-01,3.252280E-01,2.474393E-01,1.842195E-01,1.318590E-01,9.239858E-02,6.203443E-02,4.249497E-02,2.783528E-02,1.758248E-02,1.083709E-02,6.522947E-03,3.705814E-03,1.799164E-03,8.709863E-04,3.645105E-04,1.649897E-04,6.118917E-05,2.227317E-05,6.879540E-06,1.250321E-06
22.95921,40.59734,0.00000,9.398188E-01,9.126329E-01,8.783622E-01,8.332055E-01,7.780950E-01,7.156297E-01,6.447340E-01,5.661516E-01,4.848810E-01,4.036984E-01,3.252572E-01,2.474728E-01,1.842483E-01,1.318829E-01,9.241650E-02,6.204782E-02,4.249863E-02,2.784219E-02,1.758146E-02,1.083393E-02,6.518865E-03,3.708096E-03,1.800511E-03,8.718669E-04,3.635074E-04,1.644669E-04,6.089317E-05,2.215334E-05,6.848984E-06,1.242684E-06
22.95954,40.59706,0.00000,9.398320E-01,9.126469E-01,8.783818E-01,8.332254E-01,7.781316E-01,7.156610E-01,6.447677E-01,5.661792E-01,4.849139E-01,4.037297E-01,3.252847E-01,2.475057E-01,1.842760E-01,1.319059E-01,9.243378E-02,6.206079E-02,4.250230E-02,2.784895E-02,1.758049E-02,1.083084E-02,6.514886E-03,3.710323E-03,1.801818E-03,8.727267E-04,3.625167E-04,1.639490E-04,6.088073E-05,2.203464E-05,6.814063E-06,1.234910E-06
22.95983,40.59675,0.00000,9.398466E-01,9.127202E-01,8.784830E-01,8.333573E-01,7.782496E-01,7.158724E-01,6.450102E-01,5.662112E-01,4.851639E-01,4.039485E-01,3.254550E-01,2.475398E-01,1.843046E-01,1.319296E-01,9.245149E-02,6.207398E-02,4.250470E-02,2.785581E-02,1.757871E-02,1.082679E-02,6.509957E-03,3.712459E-03,1.803084E-03,8.735623E-04,3.612667E-04,1.632974E-04,6.094401E-05,2.188880E-05,6.761789E-06,1.225438E-06
22.96002,40.59640,0.00000,9.398638E-01,9.127370E-01,8.785055E-01,8.333792E-01,7.782895E-01,7.159055E-01,6.450434E-01,5.662472E-01,4.851915E-01,4.039718E-01,3.254731E-01,2.475754E-01,1.843341E-01,1.319536E-01,9.246894E-02,6.208681E-02,4.250470E-02,2.786224E-02,1.757533E-02,1.082114E-02,6.503546E-03,3.714316E-03,1.804179E-03,8.742893E-04,3.596084E-04,1.624565E-04,6.100527E-05,2.170199E-05,6.694215E-06,1.213585E-06
22.96022,40.59605,0.00000,9.398808E-01,9.127508E-01,8.785239E-01,8.333962E-01,7.783252E-01,7.159312E-01,6.450692E-01,5.662832E-01,4.852136E-01,4.039927E-01,3.254907E-01,2.476109E-01,1.843638E-01,1.319775E-01,9.248666E-02,6.209985E-02,4.250475E-02,2.786878E-02,1.757204E-02,1.081555E-02,6.497161E-03,3.716220E-03,1.805306E-03,8.750333E-04,3.591086E-04,1.616333E-04,6.106801E-05,2.151498E-05,6.626652E-06,1.201399E-06
22.96038,40.59569,0.00000,9.398986E-01,9.127677E-01,8.785464E-01,8.334181E-01,7.783647E-01,7.159638E-01,6.451016E-01,5.663196E-01,4.852393E-01,4.040135E-01,3.255069E-01,2.476482E-01,1.843933E-01,1.320013E-01,9.250391E-02,6.211242E-02,4.250384E-02,2.787510E-02,1.756819E-02,1.080942E-02,6.490310E-03,3.718002E-03,1.806359E-03,8.757304E-04,3.594742E-04,1.607448E-04,6.112968E-05,2.131513E-05,6.554182E-06,1.188276E-06
22.96051,40.59532,0.00000,9.399169E-01,9.127848E-01,8.785694E-01,8.334405E-01,7.784051E-01,7.159966E-01,6.451339E-01,5.663578E-01,4.852635E-01,4.040336E-01,3.255210E-01,2.476844E-01,1.844227E-01,1.320248E-01,9.252103E-02,6.212487E-02,4.250222E-02,2.788122E-02,1.756388E-02,1.080282E-02,6.483044E-03,3.719675E-03,1.807358E-03,8.763924E-04,3.598224E-04,1.598004E-04,6.119064E-05,2.110439E-05,6.477750E-06,1.174283E-06
22.96064,40.59495,0.00000,9.399352E-01,9.128023E-01,8.785922E-01,8.334628E-01,7.784454E-01,7.160290E-01,6.451657E-01,5.663959E-01,4.852873E-01,4.040532E-01,3.255360E-01,2.477205E-01,1.844522E-01,1.320485E-01,9.253829E-02,6.213730E-02,4.250046E-02,2.788747E-02,1.755957E-02,1.079619E-02,6.475777E-03,3.721372E-03,1.808360E-03,8.770588E-04,3.601721E-04,1.588511E-04,6.125194E-05,2.089306E-05,6.401055E-06,1.159951E-06
22.96077,40.59458,0.00000,9.399534E-01,9.128402E-01,8.786431E-01,8.335242E-01,7.785217E-01,7.161115E-01,6.452488E-01,5.664344E-01,4.853475E-01,4.040971E-01,3.255646E-01,2.477572E-01,1.844819E-01,1.320722E-01,9.255543E-02,6.214982E-02,4.249866E-02,2.789368E-02,1.755523E-02,1.078958E-02,6.468513E-03,3.723073E-03,1.809367E-03,8.738291E-04,3.605232E-04,1.578986E-04,6.131345E-05,2.068142E-05,6.324116E-06,1.145341E-06
22.96090,40.59422,0.00000,9.399713E-01,9.128571E-01,8.786654E-01,8.335457E-01,7.785605E-01,7.161433E-01,6.452798E-01,5.664708E-01,4.853716E-01,4.041166E-01,3.255790E-01,2.477925E-01,1.845108E-01,1.320952E-01,9.257219E-02,6.216202E-02,4.249705E-02,2.789976E-02,1.755100E-02,1.078315E-02,6.461441E-03,3.724745E-03,1.810358E-03,8.699729E-04,3.608693E-04,1.569718E-04,6.137378E-05,2.047575E-05,6.249436E-06,1.130897E-06
22.96106,40.59385,0.00000,9.399895E-01,9.128745E-01,8.786884E-01,8.335686E-01,7.786016E-01,7.161762E-01,6.453127E-01,5.665088E-01,4.853972E-01,4.041378E-01,3.255952E-01,2.478296E-01,1.845409E-01,1.321196E-01,9.259000E-02,6.217502E-02,4.249595E-02,2.790626E-02,1.754693E-02,1.077674E-02,6.454328E-03,3.726583E-03,1.811446E-03,8.660938E-04,3.612493E-04,1.560340E-04,6.143959E-05,2.026712E-05,6.173531E-06,1.117024E-06
22.96135,40.59355,0.00000,9.400036E-01,9.128894E-01,8.787086E-01,8.335891E-01,7.786387E-01,7.162086E-01,6.453463E-01,5.665397E-01,4.854280E-01,4.041665E-01,3.256209E-01,2.478635E-01,1.845692E-01,1.321429E-01,9.260742E-02,6.218805E-02,4.249830E-02,2.791306E-02,1.754515E-02,1.077269E-02,6.449418E-03,3.728757E-03,1.812734E-03,8.634377E-04,3.616904E-04,1.553711E-04,6.150632E-05,2.011426E-05,6.117752E-06,1.107151E-06
22.96174,40.59331,0.00000,9.400144E-01,9.129018E-01,8.787262E-01,8.336076E-01,7.786722E-01,7.162396E-01,6.453802E-01,5.665629E-01,4.854633E-01,4.042005E-01,3.256519E-01,2.478943E-01,1.845955E-01,1.321651E-01,9.262442E-02,6.220092E-02,4.250366E-02,2.791992E-02,1.754519E-02,1.077059E-02,6.446290E-03,3.731168E-03,1.814164E-03,8.617683E-04,3.621752E-04,1.549304E-04,6.157296E-05,2.000628E-05,6.078165E-06,1.099985E-06
22.96213,40.59307,0.00000,9.400252E-01,9.129143E-01,8.787442E-01,8.336261E-01,7.787061E-01,7.162704E-01,6.454137E-01,5.665867E-01,4.854982E-01,4.042345E-01,3.256839E-01,2.479245E-01,1.846219E-01,1.321873E-01,9.264141E-02,6.221377E-02,4.250904E-02,2.792677E-02,1.754528E-02,1.076841E-02,6.443121E-03,3.732063E-03,1.815592E-03,8.600657E-04,3.626615E-04,1.544802E-04,6.163987E-05,1.989605E-05,6.037675E-06,1.093108E-06
22.96256,40.59287,0.00000,9.400337E-01,9.129253E-01,8.787595E-01,8.336430E-01,7.787372E-01,7.162993E-01,6.454458E-01,5.666060E-01,4.855345E-01,4.042706E-01,3.257174E-01,2.479522E-01,1.846463E-01,1.322082E-01,9.265741E-02,6.222609E-02,4.251568E-02,2.793336E-02,1.754635E-02,1.076735E-02,6.440981E-03,3.729877E-03,1.817046E-03,8.589230E-04,3.631542E-04,1.541573E-04,6.170461E-05,1.981168E-05,6.006465E-06,1.087592E-06
22.96301,40.59270,0.00000,9.400408E-01,9.129349E-01,8.787737E-01,8.336585E-01,7.787659E-01,7.163269E-01,6.454767E-01,5.666224E-01,4.855698E-01,4.043070E-01,3.257529E-01,2.479776E-01,1.846689E-01,1.322278E-01,9.267261E-02,6.223793E-02,4.252325E-02,2.793984E-02,1.754807E-02,1.076702E-02,6.439534E-03,3.728346E-03,1.818495E-03,8.581614E-04,3.636429E-04,1.539214E-04,6.176693E-05,1.975974E-05,5.981602E-06,1.082856E-06
22.96350,40.59265,0.00000,9.400415E-01,9.129393E-01,8.787811E-01,8.336679E-01,7.787835E-01,7.163465E-01,6.455008E-01,5.666258E-01,4.856031E-01,4.043430E-01,3.257892E-01,2.479940E-01,1.846841E-01,1.322415E-01,9.268387E-02,6.224681E-02,4.253317E-02,2.794495E-02,1.755204E-02,1.076936E-02,6.440801E-03,3.729464E-03,1.819823E-03,8.588992E-04,3.640819E-04,1.540407E-04,6.181568E-05,1.978288E-05,5.983986E-06,1.081937E-06
22.96399,40.59270,0.00000,9.400373E-01,9.129392E-01,8.787827E-01,8.336719E-01,7.787910E-01,7.163585E-01,6.455178E-01,5.666198E-01,4.856318E-01,4.043760E-01,3.258251E-01,2.479994E-01,1.846922E-01,1.322497E-01,9.269102E-02,6.225294E-02,4.254445E-02,2.794873E-02,1.755747E-02,1.077371E-02,6.444163E-03,3.732628E-03,1.820954E-03,8.607968E-04,3.644525E-04,1.544399E-04,6.184950E-05,1.982035E-05,6.008185E-06,1.084199E-06
22.96449,40.59276,0.00000,9.400325E-01,9.129387E-01,8.787838E-01,8.336753E-01,7.787980E-01,7.163700E-01,6.455348E-01,5.666115E-01,4.856605E-01,4.044091E-01,3.258604E-01,2.480055E-01,1.846996E-01,1.322576E-01,9.269805E-02,6.225884E-02,4.255606E-02,2.795243E-02,1.756319E-02,1.077828E-02,6.447725E-03,3.735822E-03,1.822093E-03,8.628153E-04,3.648247E-04,1.548674E-04,6.188317E-05,1.989291E-05,6.034203E-06,1.086700E-06
22.96498,40.59281,0.00000,9.400283E-01,9.129423E-01,8.787909E-01,8.336866E-01,7.788110E-01,7.163928E-01,6.455640E-01,5.666038E-01,4.857010E-01,4.044517E-01,3.259021E-01,2.480124E-01,1.847073E-01,1.322656E-01,9.270519E-02,6.226493E-02,4.256746E-02,2.795614E-02,1.756866E-02,1.078255E-02,6.450976E-03,3.738491E-03,1.823235E-03,8.646612E-04,3.651926E-04,1.552553E-04,6.191744E-05,1.995663E-05,6.057158E-06,1.088752E-06
22.96548,40.59287,0.00000,9.400234E-01,9.129418E-01,8.787918E-01,8.336896E-01,7.788181E-01,7.164050E-01,6.455808E-01,5.666098E-01,4.857299E-01,4.044847E-01,3.259383E-01,2.480181E-01,1.847147E-01,1.322733E-01,9.271213E-02,6.227087E-02,4.257919E-02,2.795984E-02,1.757442E-02,1.078704E-02,6.454435E-03,3.741340E-03,1.824375E-03,8.666253E-04,3.655599E-04,1.556713E-04,6.195073E-05,2.002629E-05,6.081941E-06,1.091035E-06
22.96598,40.59292,0.00000,9.400191E-01,9.129416E-01,8.787934E-01,8.336933E-01,7.788255E-01,7.164170E-01,6.455981E-01,5.666330E-01,4.857588E-01,4.045185E-01,3.259740E-01,2.480239E-01,1.847226E-01,1.322815E-01,9.271947E-02,6.227705E-02,4.259090E-02,2.796368E-02,1.757996E-02,1.079130E-02,6.457621E-03,3.743921E-03,1.825530E-03,8.684395E-04,3.659311E-04,1.560526E-04,6.198639E-05,2.008756E-05,6.103655E-06,1.092865E-06
22.96647,40.59297,0.00000,9.400147E-01,9.130093E-01,8.788891E-01,8.338264E-01,7.789243E-01,7.166324E-01,6.458469E-01,5.669014E-01,4.860210E-01,4.047491E-01,3.260997E-01,2.480310E-01,1.847305E-01,1.322894E-01,9.272658E-02,6.228307E-02,4.260239E-02,2.796735E-02,1.758547E-02,1.079547E-02,6.460691E-03,3.746394E-03,1.826652E-03,8.702003E-04,3.662918E-04,1.564239E-04,6.202157E-05,2.014616E-05,6.124644E-06,1.094576E-06
22.96697,40.59303,0.00000,9.384501E-01,9.112854E-01,8.765872E-01,8.306353E-01,7.756657E-01,7.126992E-01,6.415146E-01,5.620627E-01,4.813321E-01,4.001378E-01,3.213348E-01,2.438830E-01,1.813225E-01,1.296014E-01,9.069100E-02,6.081070E-02,4.164248E-02,2.710288E-02,1.713018E-02,1.047268E-02,6.270124E-03,3.597250E-03,1.744063E-03,8.407010E-04,3.473008E-04,1.492787E-04,5.835710E-05,1.895619E-05,5.689350E-06,9.590684E-07
22.96746,40.59308,0.00000,9.384456E-01,9.112854E-01,8.765892E-01,8.306395E-01,7.756735E-01,7.127113E-01,6.415311E-01,5.620855E-01,4.813604E-01,4.001712E-01,3.213386E-01,2.438903E-01,1.813304E-01,1.296094E-01,9.069805E-02,6.082715E-02,4.165367E-02,2.710661E-02,1.713561E-02,1.047669E-02,6.273051E-03,3.599041E-03,1.745140E-03,8.423525E-04,3.476481E-04,1.496207E-04,5.838801E-05,1.900922E-05,5.707062E-06,9.604453E-07
22.96796,40.59313,0.00000,9.384412E-01,9.112853E-01,8.765910E-01,8.306441E-01,7.756816E-01,7.127235E-01,6.415495E-01,5.621091E-01,4.813900E-01,4.002044E-01,3.213420E-01,2.438967E-01,1.813382E-01,1.296176E-01,9.070530E-02,6.084371E-02,4.166545E-02,2.711020E-02,1.714114E-02,1.048070E-02,6.275957E-03,3.600867E-03,1.746234E-03,8.439944E-04,3.480006E-04,1.499643E-04,5.842130E-05,1.906145E-05,5.724191E-06,9.616987E-07
22.96845,40.59319,0.00000,9.384362E-01,9.112845E-01,8.765919E-01,8.306471E-01,7.756837E-01,7.127350E-01,6.415653E-01,5.621323E-01,4.814188E-01,4.002376E-01,3.213455E-01,2.439021E-01,1.813454E-01,1.296250E-01,9.071188E-02,6.086023E-02,4.167696E-02,2.711369E-02,1.714670E-02,1.048481E-02,6.278987E-03,3.602612E-03,1.747278E-03,8.457064E-04,3.483348E-04,1.503255E-04,5.845205E-05,1.911715E-05,5.742761E-06,9.631574E-07
22.96895,40.59324,0.00000,9.384317E-01,9.112844E-01,8.765937E-01,8.306510E-01,7.756912E-01,7.127473E-01,6.415826E-01,5.621553E-01,4.814479E-01,4.002710E-01,3.213488E-01,2.439091E-01,1.813536E-01,1.296332E-01,9.071916E-02,6.086439E-02,4.168875E-02,2.711734E-02,1.715219E-02,1.048873E-02,6.281784E-03,3.604430E-03,1.748358E-03,8.472858E-04,3.486808E-04,1.506551E-04,5.848465E-05,1.916487E-05,5.758348E-06,9.641660E-07
22.96945,40.59329,0.00000,9.384273E-01,9.112843E-01,8.765953E-01,8.306547E-01,7.756991E-01,7.127596E-01,6.416000E-01,5.621793E-01,4.814776E-01,4.003049E-01,3.213531E-01,2.439164E-01,1.813615E-01,1.296413E-01,9.072632E-02,6.086708E-02,4.170043E-02,2.712104E-02,1.715772E-02,1.049262E-02,6.284509E-03,3.606238E-03,1.749427E-03,8.488322E-04,3.490233E-04,1.509786E-04,5.851727E-05,1.921023E-05,5.773373E-06,9.650471E-07
22.96995,40.59331,0.00000,9.384243E-01,9.112754E-01,8.765851E-01,8.306414E-01,7.756972E-01,7.127492E-01,6.415932E-01,5.621803E-01,4.814889E-01,4.003261E-01,3.213600E-01,2.439253E-01,1.813716E-01,1.296512E-01,9.073468E-02,6.087092E-02,4.171195E-02,2.712519E-02,1.716278E-02,1.049579E-02,6.286515E-03,3.608133E-03,1.750547E-03,8.499805E-04,3.493834E-04,1.512089E-04,5.855390E-05,1.923474E-05,5.780727E-06,9.648430E-07
