lon,lat,PGV-0.0004,PGV-0.00167,PGV-0.008,PGA-0.0004,PGA-0.00167,PGA-0.008
22.92611,40.64528,1.000000E+01,1.000000E+01,9.302771E+00,5.708751E-01,3.474917E-01,1.635469E-01
22.92631,40.64517,1.000000E+01,1.000000E+01,9.303125E+00,5.711389E-01,3.475156E-01,1.635733E-01
22.92651,40.64507,1.000000E+01,1.000000E+01,9.303470E+00,5.714021E-01,3.475399E-01,1.635979E-01
22.92671,40.64496,1.000000E+01,1.000000E+01,9.303823E+00,5.715055E-01,3.475641E-01,1.636245E-01
22.92691,40.64486,1.000000E+01,1.000000E+01,9.304164E+00,5.715271E-01,3.475887E-01,1.636499E-01
22.92712,40.64475,1.000000E+01,1.000000E+01,9.304533E+00,5.715495E-01,3.476145E-01,1.636774E-01
22.92732,40.64465,1.000000E+01,1.000000E+01,9.304881E+00,5.715722E-01,3.476395E-01,1.637030E-01
22.92752,40.64454,1.000000E+01,1.000000E+01,9.305233E+00,5.715933E-01,3.476640E-01,1.637305E-01
22.92772,40.64443,1.000000E+01,1.000000E+01,9.305600E+00,5.716149E-01,3.476887E-01,1.637578E-01
22.92792,40.64433,1.000000E+01,1.000000E+01,9.305945E+00,5.716386E-01,3.477139E-01,1.637841E-01
22.92812,40.64422,1.000000E+01,1.000000E+01,9.341630E+00,5.716615E-01,3.477388E-01,1.638118E-01
22.92833,40.64412,1.000000E+01,1.000000E+01,9.341985E+00,5.716906E-01,3.477657E-01,1.638388E-01
22.92853,40.64401,1.000000E+01,1.000000E+01,9.342359E+00,5.717165E-01,3.477908E-01,1.638670E-01
22.92873,40.64391,1.000000E+01,1.000000E+01,9.342710E+00,5.717446E-01,3.478165E-01,1.638937E-01
22.92893,40.64380,1.000000E+01,1.000000E+01,9.343082E+00,5.717713E-01,3.478418E-01,1.639222E-01
22.92913,40.64370,1.000000E+01,1.000000E+01,9.343436E+00,5.718000E-01,3.478684E-01,1.639492E-01
22.92933,40.64359,1.000000E+01,1.000000E+01,9.343797E+00,5.718272E-01,3.478948E-01,1.639778E-01
22.92953,40.64349,1.000000E+01,1.000000E+01,9.344158E+00,5.718565E-01,3.479216E-01,1.640053E-01
22.92974,40.64338,1.000000E+01,1.000000E+01,9.344542E+00,5.718868E-01,3.479497E-01,1.640350E-01
22.92994,40.64328,1.000000E+01,1.000000E+01,9.344901E+00,5.719168E-01,3.479767E-01,1.640628E-01
22.93014,40.64317,1.000000E+01,1.000000E+01,9.345267E+00,5.719451E-01,3.480037E-01,1.640921E-01
22.93034,40.64307,1.000000E+01,1.000000E+01,9.345628E+00,5.719759E-01,3.480313E-01,1.641200E-01
22.93054,40.64296,1.000000E+01,1.000000E+01,9.345997E+00,5.720051E-01,3.480588E-01,1.641497E-01
22.93074,40.64286,1.000000E+01,1.000000E+01,9.346354E+00,5.720364E-01,3.480867E-01,1.641780E-01
22.93094,40.64275,1.000000E+01,1.000000E+01,9.346724E+00,5.720661E-01,3.481144E-01,1.642079E-01
22.93115,40.64265,1.000000E+01,1.000000E+01,9.347095E+00,5.721007E-01,3.481442E-01,1.642372E-01
22.93135,40.64254,1.000000E+01,1.000000E+01,9.347467E+00,5.721316E-01,3.481714E-01,1.642674E-01
22.93155,40.64244,1.000000E+01,1.000000E+01,9.347836E+00,5.721645E-01,3.481998E-01,1.642963E-01
22.93175,40.64233,1.000000E+01,1.000000E+01,9.348202E+00,5.721959E-01,3.482278E-01,1.643268E-01
22.93195,40.64222,1.000000E+01,1.000000E+01,9.356339E+00,5.722275E-01,3.482561E-01,1.643576E-01
22.93215,40.64212,1.000000E+01,1.000000E+01,9.356697E+00,5.722615E-01,3.482849E-01,1.643869E-01
22.93235,40.64201,1.000000E+01,1.000000E+01,9.357075E+00,5.722939E-01,3.483133E-01,1.644179E-01
22.93256,40.64191,1.000000E+01,1.000000E+01,9.357456E+00,5.723317E-01,3.483440E-01,1.644483E-01
22.93276,40.64180,1.000000E+01,1.000000E+01,9.357834E+00,5.726321E-01,3.483726E-01,1.644795E-01
22.93296,40.64170,1.000000E+01,1.000000E+01,9.358197E+00,5.729397E-01,3.484019E-01,1.645096E-01
22.93316,40.64159,1.000000E+01,1.000000E+01,9.745925E+00,5.788985E-01,3.521272E-01,1.662033E-01
22.93336,40.64149,1.000000E+01,1.000000E+01,9.147015E+00,5.703373E-01,3.463720E-01,1.636306E-01
22.93356,40.64139,1.000000E+01,1.000000E+01,9.147369E+00,5.706435E-01,3.464012E-01,1.636609E-01
22.93377,40.64128,1.000000E+01,1.000000E+01,9.147746E+00,5.709706E-01,3.464319E-01,1.636935E-01
22.93397,40.64118,1.000000E+01,1.000000E+01,9.148108E+00,5.712832E-01,3.464614E-01,1.637241E-01
22.93417,40.64107,1.000000E+01,1.000000E+01,9.148477E+00,5.716029E-01,3.464907E-01,1.637563E-01
22.93437,40.64097,1.000000E+01,1.000000E+01,9.148832E+00,5.718537E-01,3.465205E-01,1.637869E-01
22.93457,40.64086,1.000000E+01,1.000000E+01,9.149202E+00,5.718924E-01,3.465501E-01,1.638193E-01
22.93477,40.64076,1.000000E+01,1.000000E+01,9.149570E+00,5.719336E-01,3.465802E-01,1.638504E-01
22.93497,40.64065,1.000000E+01,1.000000E+01,9.149940E+00,5.719730E-01,3.466101E-01,1.638828E-01
22.93518,40.64055,1.000000E+01,1.000000E+01,9.150315E+00,5.720178E-01,3.466422E-01,1.639151E-01
22.93538,40.64044,1.000000E+01,1.000000E+01,9.150685E+00,5.720576E-01,3.466722E-01,1.639477E-01
22.93558,40.64034,1.000000E+01,1.000000E+01,9.151046E+00,5.721000E-01,3.467027E-01,1.639795E-01
22.93578,40.64023,1.000000E+01,1.000000E+01,9.151424E+00,5.721408E-01,3.467331E-01,1.640126E-01
22.93598,40.64013,1.000000E+01,1.000000E+01,9.151779E+00,5.721843E-01,3.467638E-01,1.640444E-01
22.93618,40.64002,1.000000E+01,1.000000E+01,9.152166E+00,5.722260E-01,3.467944E-01,1.640779E-01
22.93639,40.63992,1.000000E+01,1.000000E+01,9.152545E+00,5.722734E-01,3.468271E-01,1.641108E-01
22.93659,40.63981,1.000000E+01,1.000000E+01,9.152918E+00,5.723158E-01,3.468577E-01,1.641444E-01
22.93679,40.63971,1.000000E+01,1.000000E+01,9.153287E+00,5.725507E-01,3.468890E-01,1.641768E-01
22.93699,40.63960,1.000000E+01,1.000000E+01,9.153663E+00,5.728227E-01,3.469200E-01,1.642107E-01
22.93719,40.63950,1.000000E+01,1.000000E+01,9.154020E+00,5.730911E-01,3.469513E-01,1.642433E-01
22.93739,40.63939,1.000000E+01,1.000000E+01,9.154402E+00,5.733622E-01,3.469824E-01,1.642775E-01
22.93759,40.63928,1.000000E+01,1.000000E+01,9.154774E+00,5.736665E-01,3.470137E-01,1.643117E-01
22.93780,40.63918,1.000000E+01,1.000000E+01,9.155161E+00,5.742456E-01,3.470475E-01,1.643455E-01
22.93800,40.63907,1.000000E+01,1.000000E+01,9.155535E+00,5.748163E-01,3.470790E-01,1.643800E-01
22.93820,40.63897,1.000000E+01,1.000000E+01,9.155903E+00,5.753782E-01,3.471111E-01,1.644131E-01
22.93840,40.63886,1.000000E+01,1.000000E+01,9.157191E+00,5.759539E-01,3.471429E-01,1.644479E-01
22.93860,40.63876,1.000000E+01,1.000000E+01,9.157554E+00,5.765207E-01,3.471752E-01,1.644811E-01
22.93880,40.63865,1.000000E+01,1.000000E+01,9.157936E+00,5.771015E-01,3.472070E-01,1.645161E-01
22.93900,40.63855,1.000000E+01,1.000000E+01,9.158304E+00,5.776226E-01,3.472396E-01,1.645497E-01
22.93921,40.63844,1.000000E+01,1.000000E+01,9.158697E+00,5.779003E-01,3.472736E-01,1.645858E-01
22.93941,40.63834,1.000000E+01,1.000000E+01,9.159078E+00,5.781624E-01,3.473063E-01,1.646195E-01
22.93961,40.63823,1.000000E+01,1.000000E+01,9.159459E+00,5.782284E-01,3.473386E-01,1.646549E-01
22.93981,40.63813,1.000000E+01,1.000000E+01,9.159822E+00,5.782807E-01,3.473714E-01,1.646888E-01
22.94001,40.63802,1.000000E+01,1.000000E+01,9.160209E+00,5.783315E-01,3.474040E-01,1.647243E-01
22.94021,40.63792,1.000000E+01,1.000000E+01,9.160578E+00,5.783847E-01,3.474369E-01,1.647584E-01
22.94042,40.63781,1.000000E+01,1.000000E+01,9.160975E+00,5.784395E-01,3.474715E-01,1.647951E-01
22.94062,40.63771,1.000000E+01,1.000000E+01,9.161345E+00,5.784929E-01,3.475048E-01,1.648295E-01
22.94082,40.63760,1.000000E+01,1.000000E+01,9.161728E+00,5.785446E-01,3.475376E-01,1.648653E-01
22.94102,40.63750,1.000000E+01,1.000000E+01,9.162101E+00,5.785986E-01,3.475710E-01,1.648997E-01
22.94122,40.63739,1.000000E+01,1.000000E+01,9.162487E+00,5.787773E-01,3.476040E-01,1.649358E-01
22.94142,40.63729,1.000000E+01,1.000000E+01,9.162866E+00,5.791501E-01,3.476375E-01,1.649706E-01
22.94162,40.63718,1.000000E+01,1.000000E+01,9.163247E+00,5.795313E-01,3.476708E-01,1.650067E-01
22.94183,40.63708,1.000000E+01,1.000000E+01,8.703579E+00,5.726968E-01,3.431076E-01,1.629539E-01
22.94203,40.63697,1.000000E+01,1.000000E+01,8.703963E+00,5.730584E-01,3.431407E-01,1.629897E-01
22.94223,40.63686,1.000000E+01,1.000000E+01,8.704336E+00,5.734228E-01,3.431739E-01,1.630256E-01
22.94243,40.63675,1.000000E+01,1.000000E+01,8.704719E+00,5.735693E-01,3.432072E-01,1.630613E-01
22.94263,40.63664,1.000000E+01,1.000000E+01,8.705095E+00,5.736256E-01,3.432403E-01,1.630974E-01
22.94283,40.63653,1.000000E+01,1.000000E+01,8.705471E+00,5.736824E-01,3.432738E-01,1.631334E-01
22.94303,40.63642,1.000000E+01,1.000000E+01,8.705847E+00,5.737393E-01,3.433072E-01,1.631695E-01
22.94323,40.63631,1.000000E+01,1.000000E+01,8.706231E+00,5.737959E-01,3.433407E-01,1.632055E-01
22.94343,40.63620,1.000000E+01,1.000000E+01,8.706610E+00,5.738532E-01,3.433743E-01,1.632417E-01
22.94363,40.63610,1.000000E+01,1.000000E+01,8.706976E+00,5.739129E-01,3.434084E-01,1.632766E-01
22.94383,40.63599,1.000000E+01,1.000000E+01,8.707357E+00,5.739704E-01,3.434421E-01,1.633130E-01
22.94403,40.63588,1.000000E+01,1.000000E+01,8.707737E+00,5.740279E-01,3.434759E-01,1.633492E-01
22.94423,40.63578,1.000000E+01,1.000000E+01,8.708104E+00,5.740884E-01,3.435102E-01,1.633842E-01
22.94443,40.63567,1.000000E+01,1.000000E+01,8.708491E+00,5.741464E-01,3.435440E-01,1.634205E-01
22.94463,40.63557,1.000000E+01,1.000000E+01,8.708861E+00,5.742068E-01,3.435785E-01,1.634556E-01
22.94484,40.63546,1.000000E+01,1.000000E+01,8.709257E+00,5.743288E-01,3.436145E-01,1.634930E-01
22.94504,40.63535,1.000000E+01,1.000000E+01,8.709635E+00,5.746227E-01,3.436485E-01,1.635293E-01
22.94524,40.63525,1.000000E+01,1.000000E+01,8.710019E+00,5.749117E-01,3.436832E-01,1.635646E-01
22.94544,40.63514,1.000000E+01,1.000000E+01,8.710394E+00,5.754105E-01,3.437175E-01,1.636011E-01
22.94564,40.63503,1.000000E+01,1.000000E+01,8.710790E+00,5.760200E-01,3.437517E-01,1.636377E-01
22.94584,40.63493,1.000000E+01,1.000000E+01,8.711153E+00,5.766179E-01,3.437865E-01,1.636728E-01
22.94604,40.63482,1.000000E+01,1.000000E+01,8.711538E+00,5.772292E-01,3.438210E-01,1.637094E-01
22.94624,40.63471,1.000000E+01,1.000000E+01,8.711924E+00,5.778412E-01,3.438555E-01,1.637460E-01
22.94644,40.63461,1.000000E+01,1.000000E+01,8.712298E+00,5.784413E-01,3.438905E-01,1.637813E-01
22.94665,40.63450,1.000000E+01,1.000000E+01,8.712694E+00,5.790783E-01,3.439270E-01,1.638188E-01
22.94685,40.63440,1.000000E+01,1.000000E+01,8.713069E+00,5.796793E-01,3.439623E-01,1.638541E-01
22.94705,40.63430,1.000000E+01,1.000000E+01,8.713436E+00,5.802808E-01,3.439975E-01,1.638892E-01
22.94725,40.63419,1.000000E+01,1.000000E+01,8.713824E+00,5.808954E-01,3.440324E-01,1.639258E-01
22.94745,40.63409,1.000000E+01,1.000000E+01,8.714205E+00,5.813964E-01,3.440678E-01,1.639610E-01
22.94766,40.63399,1.000000E+01,1.000000E+01,8.714592E+00,5.818048E-01,3.441054E-01,1.639972E-01
22.94786,40.63388,1.000000E+01,1.000000E+01,8.714973E+00,5.822065E-01,3.441404E-01,1.640337E-01
22.94806,40.63378,1.000000E+01,1.000000E+01,8.715349E+00,5.826031E-01,3.441761E-01,1.640690E-01
22.94826,40.63368,1.000000E+01,1.000000E+01,8.715727E+00,5.830022E-01,3.442117E-01,1.641042E-01
22.94846,40.63357,1.000000E+01,1.000000E+01,8.716120E+00,5.834115E-01,3.442471E-01,1.641405E-01
22.94867,40.63347,1.000000E+01,1.000000E+01,8.716509E+00,5.838315E-01,3.442849E-01,1.641767E-01
22.94887,40.63336,1.000000E+01,1.000000E+01,8.716891E+00,5.842448E-01,3.443201E-01,1.642131E-01
22.94907,40.63326,1.000000E+01,1.000000E+01,9.299115E+00,5.940509E-01,3.501880E-01,1.669049E-01
22.94927,40.63316,1.000000E+01,1.000000E+01,9.299510E+00,5.944924E-01,3.502249E-01,1.669404E-01
22.94947,40.63305,1.000000E+01,1.000000E+01,9.299920E+00,5.949443E-01,3.502614E-01,1.669773E-01
22.94968,40.63295,1.000000E+01,1.000000E+01,9.300333E+00,5.954072E-01,3.503003E-01,1.670139E-01
22.94988,40.63285,1.000000E+01,1.000000E+01,9.300735E+00,5.958543E-01,3.503375E-01,1.670498E-01
22.95008,40.63274,1.000000E+01,1.000000E+01,8.919917E+00,5.900891E-01,3.465570E-01,1.653482E-01
22.95028,40.63264,1.000000E+01,1.000000E+01,8.920307E+00,5.905194E-01,3.465937E-01,1.653831E-01
22.95048,40.63254,1.000000E+01,1.000000E+01,8.920700E+00,5.909511E-01,3.466303E-01,1.654180E-01
22.95068,40.63243,1.000000E+01,1.000000E+01,8.921109E+00,5.913929E-01,3.466666E-01,1.654540E-01
22.95089,40.63233,1.000000E+01,1.000000E+01,8.921515E+00,5.918451E-01,3.467053E-01,1.654899E-01
22.95109,40.63222,1.000000E+01,1.000000E+01,8.921927E+00,5.922902E-01,3.467417E-01,1.655259E-01
22.95129,40.63212,1.000000E+01,1.000000E+01,8.922321E+00,5.927302E-01,3.467784E-01,1.655603E-01
22.95149,40.63202,1.000000E+01,1.000000E+01,8.922714E+00,5.931714E-01,3.468153E-01,1.655948E-01
22.95169,40.63191,1.000000E+01,1.000000E+01,8.923117E+00,5.936227E-01,3.468516E-01,1.656304E-01
22.95190,40.63181,1.000000E+01,1.000000E+01,8.923530E+00,5.940841E-01,3.468905E-01,1.656621E-01
22.95210,40.63171,1.000000E+01,1.000000E+01,8.923927E+00,5.945292E-01,3.469274E-01,1.656826E-01
22.95230,40.63160,1.000000E+01,1.000000E+01,8.924329E+00,5.949843E-01,3.469638E-01,1.657035E-01
22.95250,40.63150,1.000000E+01,1.000000E+01,8.924727E+00,5.955412E-01,3.470006E-01,1.657238E-01
22.95270,40.63140,1.000000E+01,1.000000E+01,8.925128E+00,5.961651E-01,3.470375E-01,1.657441E-01
22.95291,40.63129,1.000000E+01,1.000000E+01,8.925544E+00,5.968251E-01,3.470762E-01,1.657657E-01
22.95311,40.63119,1.000000E+01,1.000000E+01,8.997079E+00,5.974445E-01,3.471135E-01,1.657859E-01
22.95331,40.63108,1.000000E+01,1.000000E+01,8.997507E+00,5.980760E-01,3.471504E-01,1.658066E-01
22.95352,40.63100,1.000000E+01,1.000000E+01,8.997892E+00,5.986855E-01,3.471907E-01,1.658260E-01
22.95372,40.63092,1.000000E+01,1.000000E+01,8.998283E+00,5.992689E-01,3.472290E-01,1.658449E-01
22.95393,40.63084,1.000000E+01,1.000000E+01,8.998673E+00,5.998730E-01,3.472692E-01,1.658641E-01
22.95414,40.63076,1.000000E+01,1.000000E+01,8.999074E+00,6.004742E-01,3.473095E-01,1.658834E-01
22.95435,40.63069,1.000000E+01,1.000000E+01,8.999461E+00,6.010581E-01,3.473502E-01,1.659020E-01
22.95456,40.63061,1.000000E+01,1.000000E+01,8.999862E+00,6.016532E-01,3.473906E-01,1.659210E-01
22.95477,40.63053,1.000000E+01,1.000000E+01,9.000256E+00,6.022276E-01,3.474309E-01,1.659403E-01
22.95498,40.63046,1.000000E+01,1.000000E+01,9.000643E+00,6.026620E-01,3.474717E-01,1.659585E-01
22.95518,40.63038,1.000000E+01,1.000000E+01,9.001021E+00,6.030878E-01,3.475100E-01,1.659766E-01
22.95539,40.63029,1.000000E+01,1.000000E+01,9.001441E+00,6.035399E-01,3.475499E-01,1.659959E-01
22.95559,40.63019,1.000000E+01,1.000000E+01,9.001848E+00,6.039836E-01,3.475874E-01,1.660151E-01
22.95580,40.63009,1.000000E+01,1.000000E+01,9.002269E+00,6.044437E-01,3.476272E-01,1.660349E-01
22.95600,40.62998,1.000000E+01,1.000000E+01,9.002686E+00,6.048950E-01,3.476645E-01,1.660544E-01
22.95620,40.62987,1.000000E+01,1.000000E+01,9.003104E+00,6.053454E-01,3.477020E-01,1.660738E-01
22.95640,40.62977,1.000000E+01,1.000000E+01,9.003510E+00,6.057851E-01,3.477398E-01,1.660934E-01
22.95660,40.62966,1.000000E+01,1.000000E+01,9.003922E+00,6.062331E-01,3.477774E-01,1.661129E-01
22.95680,40.62955,1.000000E+01,1.000000E+01,9.004340E+00,6.066801E-01,3.478149E-01,1.661320E-01
22.95700,40.62945,1.000000E+01,1.000000E+01,9.004759E+00,6.071157E-01,3.478529E-01,1.661505E-01
22.95720,40.62934,1.000000E+01,1.000000E+01,9.005176E+00,6.076765E-01,3.478905E-01,1.661694E-01
22.95740,40.62924,1.000000E+01,1.000000E+01,9.005574E+00,6.082334E-01,3.479283E-01,1.661876E-01
22.95761,40.62913,1.000000E+01,1.000000E+01,9.006016E+00,6.088192E-01,3.479679E-01,1.662071E-01
22.95781,40.62902,1.000000E+01,1.000000E+01,9.006437E+00,6.093785E-01,3.480055E-01,1.662257E-01
22.95801,40.62892,1.000000E+01,1.000000E+01,9.006839E+00,6.099197E-01,3.480433E-01,1.662437E-01
22.95821,40.62880,1.000000E+01,1.000000E+01,9.007266E+00,6.104805E-01,3.480804E-01,1.662626E-01
22.95841,40.62869,1.000000E+01,1.000000E+01,9.127340E+00,5.884756E-01,3.370977E-01,1.605566E-01
22.95860,40.62856,1.000000E+01,1.000000E+01,9.127766E+00,5.888426E-01,3.372420E-01,1.605770E-01
22.95879,40.62842,1.000000E+01,1.000000E+01,9.128196E+00,5.892142E-01,3.373874E-01,1.605978E-01
22.95897,40.62826,1.000000E+01,1.000000E+01,9.128643E+00,5.895826E-01,3.375303E-01,1.606185E-01
22.95914,40.62809,1.000000E+01,1.000000E+01,9.129080E+00,5.899408E-01,3.376685E-01,1.606392E-01
22.95930,40.62789,1.000000E+01,1.000000E+01,9.129552E+00,5.903014E-01,3.377284E-01,1.606604E-01
22.95945,40.62769,1.000000E+01,1.000000E+01,9.129992E+00,5.906436E-01,3.377521E-01,1.606802E-01
22.95960,40.62748,1.000000E+01,1.000000E+01,9.130449E+00,5.909883E-01,3.377756E-01,1.607005E-01
22.95975,40.62728,1.000000E+01,1.000000E+01,9.130899E+00,5.913219E-01,3.377998E-01,1.607199E-01
22.95991,40.62708,1.000000E+01,1.000000E+01,9.131365E+00,5.916652E-01,3.378263E-01,1.607395E-01
22.96006,40.62688,1.000000E+01,1.000000E+01,9.131811E+00,5.919911E-01,3.378507E-01,1.607584E-01
22.96021,40.62667,1.000000E+01,1.000000E+01,9.132276E+00,5.923185E-01,3.378749E-01,1.607772E-01
22.96037,40.62647,1.000000E+01,1.000000E+01,9.132734E+00,5.926493E-01,3.379017E-01,1.607957E-01
22.96052,40.62627,1.000000E+01,1.000000E+01,9.133204E+00,5.929620E-01,3.379266E-01,1.608134E-01
22.96067,40.62606,1.000000E+01,1.000000E+01,9.133665E+00,5.932747E-01,3.379511E-01,1.608312E-01
22.96082,40.62586,1.000000E+01,1.000000E+01,9.134133E+00,5.936486E-01,3.379762E-01,1.608482E-01
22.96098,40.62566,1.000000E+01,1.000000E+01,9.134601E+00,5.940917E-01,3.380036E-01,1.608656E-01
22.96113,40.62545,1.000000E+01,1.000000E+01,9.135069E+00,5.945135E-01,3.380285E-01,1.608821E-01
22.96128,40.62525,1.000000E+01,1.000000E+01,9.135515E+00,5.949173E-01,3.380540E-01,1.608979E-01
22.96143,40.62505,1.000000E+01,1.000000E+01,9.135972E+00,5.953102E-01,3.380798E-01,1.609136E-01
22.96159,40.62485,1.000000E+01,1.000000E+01,9.747880E+00,6.424029E-01,3.618121E-01,1.728249E-01
22.96174,40.62464,1.000000E+01,1.000000E+01,9.748401E+00,6.427627E-01,3.618394E-01,1.728389E-01
22.96189,40.62443,1.000000E+01,1.000000E+01,9.748920E+00,6.431111E-01,3.618669E-01,1.728525E-01
22.96201,40.62420,1.000000E+01,1.000000E+01,9.749420E+00,6.434084E-01,3.618879E-01,1.728650E-01
22.96212,40.62395,1.000000E+01,1.000000E+01,9.749937E+00,6.436830E-01,3.619068E-01,1.728770E-01
22.96221,40.62369,1.000000E+01,1.000000E+01,9.750426E+00,6.439120E-01,3.619218E-01,1.728882E-01
22.96226,40.62341,1.000000E+01,1.000000E+01,9.750891E+00,6.440633E-01,3.619285E-01,1.728970E-01
22.96232,40.62313,1.000000E+01,1.000000E+01,9.751370E+00,6.442115E-01,3.619377E-01,1.729062E-01
22.96237,40.62286,1.000000E+01,1.000000E+01,9.751822E+00,6.443229E-01,3.619455E-01,1.729143E-01
22.96242,40.62258,1.000000E+01,1.000000E+01,9.752289E+00,6.444159E-01,3.619534E-01,1.729222E-01
22.96248,40.62230,1.000000E+01,1.000000E+01,9.752776E+00,6.445047E-01,3.619639E-01,1.729302E-01
22.96253,40.62202,1.000000E+01,1.000000E+01,9.753244E+00,6.445569E-01,3.619728E-01,1.729374E-01
22.96258,40.62175,1.000000E+01,1.000000E+01,9.753712E+00,6.445906E-01,3.619821E-01,1.729442E-01
22.96264,40.62147,1.000000E+01,1.000000E+01,9.754202E+00,6.446180E-01,3.619940E-01,1.729510E-01
22.96269,40.62119,1.000000E+01,1.000000E+01,9.754681E+00,6.446084E-01,3.620043E-01,1.729572E-01
22.96274,40.62091,1.000000E+01,1.000000E+01,9.755158E+00,6.445780E-01,3.620149E-01,1.729628E-01
22.96280,40.62064,1.000000E+01,1.000000E+01,9.755649E+00,6.445472E-01,3.620282E-01,1.729686E-01
22.96285,40.62036,1.000000E+01,1.000000E+01,9.756135E+00,6.444752E-01,3.620399E-01,1.729736E-01
22.96290,40.62008,1.000000E+01,1.000000E+01,9.756624E+00,6.443822E-01,3.620524E-01,1.729780E-01
22.96296,40.61980,1.000000E+01,1.000000E+01,9.757127E+00,6.442833E-01,3.620677E-01,1.729827E-01
22.96301,40.61952,1.000000E+01,1.000000E+01,9.757624E+00,6.441481E-01,3.620814E-01,1.729866E-01
22.96306,40.61925,1.000000E+01,1.000000E+01,9.758100E+00,6.440005E-01,3.620955E-01,1.729898E-01
22.96311,40.61897,1.000000E+01,1.000000E+01,9.758602E+00,6.438240E-01,3.621103E-01,1.729929E-01
22.96311,40.61869,1.000000E+01,1.000000E+01,9.759027E+00,6.435523E-01,3.621152E-01,1.729931E-01
22.96306,40.61841,1.000000E+01,1.000000E+01,9.759367E+00,6.431821E-01,3.621102E-01,1.729901E-01
22.96297,40.61815,1.000000E+01,1.000000E+01,9.759624E+00,6.427113E-01,3.620970E-01,1.729846E-01
22.96285,40.61791,1.000000E+01,1.000000E+01,9.759796E+00,6.422016E-01,3.620775E-01,1.729775E-01
22.96272,40.61768,1.000000E+01,1.000000E+01,9.759949E+00,6.416724E-01,3.620563E-01,1.729695E-01
22.96257,40.61748,1.000000E+01,1.000000E+01,9.760022E+00,6.411382E-01,3.620303E-01,1.729603E-01
22.96240,40.61731,1.000000E+01,1.000000E+01,9.760016E+00,6.406032E-01,3.619995E-01,1.729502E-01
22.96221,40.61716,1.000000E+01,1.000000E+01,9.759952E+00,6.400550E-01,3.619641E-01,1.729389E-01
22.96202,40.61702,1.000000E+01,1.000000E+01,9.759876E+00,6.395558E-01,3.619286E-01,1.729275E-01
22.96183,40.61689,1.000000E+01,1.000000E+01,9.759776E+00,6.390784E-01,3.618927E-01,1.729159E-01
22.96164,40.61675,1.000000E+01,1.000000E+01,9.759701E+00,6.385818E-01,3.618575E-01,1.729043E-01
22.96145,40.61661,1.000000E+01,1.000000E+01,1.000000E+01,6.657700E-01,3.782515E-01,1.807560E-01
22.96126,40.61648,1.000000E+01,1.000000E+01,1.000000E+01,6.651953E-01,3.781947E-01,1.807242E-01
22.96107,40.61634,1.000000E+01,1.000000E+01,1.000000E+01,6.645948E-01,3.781372E-01,1.806914E-01
22.96088,40.61621,1.000000E+01,1.000000E+01,1.000000E+01,6.640049E-01,3.780814E-01,1.806589E-01
22.96069,40.61607,1.000000E+01,1.000000E+01,1.000000E+01,6.634011E-01,3.780460E-01,1.806249E-01
22.96050,40.61593,1.000000E+01,1.000000E+01,1.000000E+01,6.627917E-01,3.780106E-01,1.805906E-01
22.96031,40.61580,1.000000E+01,1.000000E+01,1.000000E+01,6.621961E-01,3.779750E-01,1.805567E-01
22.96012,40.61566,1.000000E+01,1.000000E+01,1.000000E+01,6.615772E-01,3.779400E-01,1.805217E-01
22.95992,40.61553,1.000000E+01,1.000000E+01,1.000000E+01,6.609537E-01,3.779023E-01,1.804859E-01
22.95973,40.61539,1.000000E+01,1.000000E+01,1.000000E+01,6.603256E-01,3.778675E-01,1.804499E-01
22.95954,40.61525,1.000000E+01,1.000000E+01,1.000000E+01,6.596933E-01,3.778329E-01,1.804134E-01
22.95935,40.61512,1.000000E+01,1.000000E+01,1.000000E+01,6.590762E-01,3.777979E-01,1.803776E-01
22.95916,40.61498,1.000000E+01,1.000000E+01,1.000000E+01,6.584357E-01,3.777635E-01,1.803406E-01
22.95897,40.61485,1.000000E+01,1.000000E+01,1.000000E+01,6.578111E-01,3.777289E-01,1.803042E-01
22.95878,40.61471,1.000000E+01,1.000000E+01,1.000000E+01,6.571634E-01,3.776948E-01,1.802663E-01
22.95859,40.61457,1.000000E+01,1.000000E+01,1.000000E+01,6.565124E-01,3.776607E-01,1.802278E-01
22.95840,40.61444,1.000000E+01,1.000000E+01,1.000000E+01,6.558787E-01,3.776264E-01,1.801902E-01
22.95821,40.61430,1.000000E+01,1.000000E+01,9.485697E+00,6.146699E-01,3.526775E-01,1.685318E-01
22.95802,40.61416,1.000000E+01,1.000000E+01,9.485634E+00,6.141568E-01,3.526459E-01,1.685150E-01
22.95783,40.61403,1.000000E+01,1.000000E+01,9.485549E+00,6.136570E-01,3.526139E-01,1.684983E-01
22.95764,40.61389,1.000000E+01,1.000000E+01,9.485479E+00,6.130144E-01,3.525826E-01,1.684810E-01
22.95745,40.61374,1.000000E+01,1.000000E+01,9.485435E+00,6.123258E-01,3.525518E-01,1.684633E-01
22.95733,40.61351,1.000000E+01,1.000000E+01,9.485618E+00,6.115972E-01,3.525398E-01,1.684468E-01
22.95724,40.61326,1.000000E+01,1.000000E+01,9.485889E+00,6.108736E-01,3.525356E-01,1.684311E-01
22.95721,40.61297,1.000000E+01,1.000000E+01,9.486312E+00,6.101657E-01,3.525465E-01,1.684175E-01
22.95723,40.61269,1.000000E+01,1.000000E+01,9.486798E+00,6.095623E-01,3.525675E-01,1.683931E-01
22.95725,40.61240,1.000000E+01,1.000000E+01,9.487301E+00,6.089199E-01,3.525896E-01,1.683560E-01
22.95727,40.61212,1.000000E+01,1.000000E+01,9.487791E+00,6.082854E-01,3.526116E-01,1.683191E-01
22.95729,40.61183,1.000000E+01,1.000000E+01,9.488300E+00,6.076109E-01,3.526348E-01,1.682798E-01
22.95731,40.61155,1.000000E+01,1.000000E+01,9.488791E+00,6.071334E-01,3.526579E-01,1.682409E-01
22.95734,40.61126,1.000000E+01,1.000000E+01,9.489320E+00,6.066622E-01,3.526842E-01,1.682007E-01
22.95736,40.61098,1.000000E+01,1.000000E+01,9.489825E+00,6.061870E-01,3.527084E-01,1.681598E-01
22.95738,40.61069,1.000000E+01,1.000000E+01,9.490344E+00,6.056875E-01,3.527337E-01,1.681162E-01
22.95740,40.61041,1.000000E+01,1.000000E+01,9.490854E+00,6.052003E-01,3.527590E-01,1.680734E-01
22.95742,40.61012,1.000000E+01,1.000000E+01,9.491382E+00,6.046890E-01,3.527857E-01,1.680280E-01
22.95745,40.60984,1.000000E+01,1.000000E+01,9.491902E+00,6.042051E-01,3.528141E-01,1.679844E-01
22.95747,40.60955,1.000000E+01,1.000000E+01,9.492432E+00,6.036838E-01,3.528418E-01,1.679372E-01
22.95749,40.60927,1.000000E+01,1.000000E+01,9.492945E+00,6.031769E-01,3.528692E-01,1.678914E-01
22.95751,40.60898,1.000000E+01,1.000000E+01,9.493484E+00,6.026474E-01,3.528980E-01,1.678422E-01
22.95753,40.60870,1.000000E+01,1.000000E+01,9.494011E+00,6.021338E-01,3.529266E-01,1.677940E-01
22.95756,40.60841,1.000000E+01,1.000000E+01,9.494555E+00,6.016104E-01,3.529591E-01,1.677442E-01
22.95758,40.60813,1.000000E+01,1.000000E+01,9.585077E+00,6.024809E-01,3.538598E-01,1.680889E-01
22.95760,40.60784,1.000000E+01,1.000000E+01,9.585627E+00,6.019320E-01,3.538912E-01,1.680364E-01
22.95762,40.60756,1.000000E+01,1.000000E+01,9.586164E+00,6.013595E-01,3.539222E-01,1.679848E-01
22.95764,40.60727,1.000000E+01,1.000000E+01,9.586715E+00,6.005350E-01,3.539546E-01,1.679305E-01
22.95767,40.60699,1.000000E+01,1.000000E+01,9.587276E+00,5.997472E-01,3.539886E-01,1.678783E-01
22.95770,40.60671,1.000000E+01,1.000000E+01,9.587833E+00,5.989524E-01,3.540230E-01,1.678255E-01
22.95775,40.60643,1.000000E+01,1.000000E+01,9.588416E+00,5.981801E-01,3.540623E-01,1.677740E-01
22.95781,40.60616,1.000000E+01,1.000000E+01,9.589007E+00,5.974457E-01,3.541031E-01,1.677246E-01
22.95789,40.60589,1.000000E+01,1.000000E+01,9.589638E+00,5.967330E-01,3.541486E-01,1.676768E-01
22.95796,40.60562,1.000000E+01,1.000000E+01,9.590242E+00,5.959979E-01,3.541923E-01,1.676273E-01
22.95804,40.60535,1.000000E+01,1.000000E+01,9.590872E+00,5.952704E-01,3.542387E-01,1.675781E-01
22.95811,40.60508,1.000000E+01,1.000000E+01,9.591491E+00,5.946279E-01,3.542832E-01,1.675272E-01
22.95819,40.60481,1.000000E+01,1.000000E+01,9.592128E+00,5.941739E-01,3.543302E-01,1.674767E-01
22.95827,40.60455,1.000000E+01,1.000000E+01,9.592740E+00,5.937389E-01,3.543766E-01,1.674279E-01
22.95834,40.60428,1.000000E+01,1.000000E+01,1.000000E+01,6.779215E-01,4.015154E-01,1.900244E-01
22.95842,40.60401,1.000000E+01,1.000000E+01,1.000000E+01,6.780067E-01,4.015674E-01,1.899637E-01
22.95849,40.60374,1.000000E+01,1.000000E+01,1.000000E+01,6.780856E-01,4.016176E-01,1.899016E-01
22.95857,40.60347,1.000000E+01,1.000000E+01,1.000000E+01,6.781700E-01,4.016707E-01,1.898399E-01
22.95865,40.60320,1.000000E+01,1.000000E+01,1.000000E+01,6.773520E-01,4.017241E-01,1.897776E-01
22.95872,40.60294,1.000000E+01,1.000000E+01,1.000000E+01,6.764644E-01,4.017746E-01,1.897163E-01
22.95878,40.60266,1.000000E+01,1.000000E+01,1.000000E+01,6.754818E-01,4.018258E-01,1.896482E-01
22.95879,40.60238,1.000000E+01,1.000000E+01,1.000000E+01,6.744251E-01,4.018661E-01,1.895741E-01
22.95873,40.60210,1.000000E+01,1.000000E+01,1.000000E+01,6.735346E-01,4.018910E-01,1.894923E-01
22.95866,40.60183,1.000000E+01,1.000000E+01,1.000000E+01,6.735680E-01,4.019125E-01,1.894140E-01
22.95859,40.60156,1.000000E+01,1.000000E+01,1.000000E+01,6.736014E-01,4.019347E-01,1.893361E-01
22.95852,40.60129,1.000000E+01,1.000000E+01,1.000000E+01,6.736349E-01,4.019574E-01,1.892580E-01
22.95846,40.60101,1.000000E+01,1.000000E+01,1.000000E+01,6.736766E-01,4.019842E-01,1.891776E-01
22.95839,40.60074,1.000000E+01,1.000000E+01,1.000000E+01,6.737100E-01,4.020076E-01,1.890991E-01
22.95831,40.60047,1.000000E+01,1.000000E+01,9.633842E+00,5.918193E-01,3.548979E-01,1.664950E-01
22.95820,40.60023,1.000000E+01,1.000000E+01,9.634144E+00,5.909321E-01,3.549075E-01,1.664280E-01
22.95804,40.60004,1.000000E+01,1.000000E+01,9.634260E+00,5.901480E-01,3.548996E-01,1.663685E-01
22.95787,40.59986,1.000000E+01,1.000000E+01,1.000000E+01,6.613147E-01,3.954451E-01,1.856305E-01
22.95768,40.59973,1.000000E+01,1.000000E+01,1.000000E+01,6.612639E-01,3.954215E-01,1.855775E-01
22.95749,40.59960,1.000000E+01,1.000000E+01,1.000000E+01,6.612129E-01,3.953978E-01,1.855243E-01
22.95732,40.59941,1.000000E+01,1.000000E+01,1.000000E+01,6.611994E-01,3.953877E-01,1.854569E-01
22.95720,40.59919,1.000000E+01,1.000000E+01,1.000000E+01,6.612269E-01,3.953935E-01,1.853864E-01
22.95716,40.59891,1.000000E+01,1.000000E+01,1.000000E+01,6.613257E-01,3.954266E-01,1.853078E-01
22.95726,40.59866,1.000000E+01,1.000000E+01,1.000000E+01,6.610772E-01,3.954870E-01,1.852504E-01
22.95741,40.59846,1.000000E+01,1.000000E+01,1.000000E+01,6.605586E-01,3.955511E-01,1.852112E-01
22.95760,40.59831,1.000000E+01,1.000000E+01,1.000000E+01,6.602656E-01,3.956169E-01,1.851891E-01
22.95780,40.59822,1.000000E+01,1.000000E+01,1.000000E+01,6.601939E-01,3.956757E-01,1.851839E-01
22.95801,40.59815,1.000000E+01,1.000000E+01,1.000000E+01,6.602017E-01,3.957338E-01,1.851850E-01
22.95821,40.59806,1.000000E+01,1.000000E+01,1.000000E+01,6.601225E-01,3.957929E-01,1.851796E-01
22.95841,40.59795,1.000000E+01,1.000000E+01,1.000000E+01,6.585087E-01,3.948937E-01,1.847036E-01
22.95861,40.59783,1.000000E+01,1.000000E+01,1.000000E+01,6.583168E-01,3.949572E-01,1.846898E-01
22.95880,40.59769,1.000000E+01,1.000000E+01,1.000000E+01,6.580382E-01,3.950217E-01,1.846695E-01
22.95898,40.59754,1.000000E+01,1.000000E+01,1.000000E+01,6.577089E-01,3.950856E-01,1.846454E-01
22.95917,40.59738,1.000000E+01,1.000000E+01,1.000000E+01,6.573517E-01,3.951535E-01,1.846191E-01
22.95935,40.59723,1.000000E+01,1.000000E+01,1.000000E+01,6.570154E-01,3.952177E-01,1.845945E-01
22.95953,40.59707,1.000000E+01,1.000000E+01,1.000000E+01,6.566406E-01,3.952835E-01,1.845671E-01
22.95970,40.59689,1.000000E+01,1.000000E+01,1.000000E+01,6.561818E-01,3.953503E-01,1.845331E-01
22.95986,40.59670,1.000000E+01,1.000000E+01,1.000000E+01,6.556752E-01,3.954166E-01,1.844955E-01
22.95999,40.59647,1.000000E+01,1.000000E+01,1.000000E+01,6.557808E-01,3.954826E-01,1.844440E-01
22.96011,40.59624,1.000000E+01,1.000000E+01,1.000000E+01,6.559525E-01,3.955466E-01,1.843916E-01
22.96024,40.59600,1.000000E+01,1.000000E+01,1.000000E+01,6.561349E-01,3.956146E-01,1.843371E-01
22.96035,40.59576,1.000000E+01,1.000000E+01,1.000000E+01,6.563067E-01,3.956784E-01,1.842808E-01
22.96045,40.59550,1.000000E+01,1.000000E+01,1.000000E+01,6.564825E-01,3.957432E-01,1.842183E-01
22.96054,40.59524,1.000000E+01,1.000000E+01,1.000000E+01,6.566533E-01,3.958063E-01,1.841546E-01
22.96063,40.59498,1.000000E+01,1.000000E+01,1.000000E+01,6.568242E-01,3.958695E-01,1.840911E-01
22.96072,40.59472,1.000000E+01,1.000000E+01,1.000000E+01,6.569957E-01,3.959331E-01,1.840276E-01
22.96081,40.59446,1.000000E+01,1.000000E+01,1.000000E+01,6.571676E-01,3.959972E-01,1.839642E-01
22.96091,40.59421,1.000000E+01,1.000000E+01,1.000000E+01,6.573410E-01,3.960620E-01,1.839041E-01
22.96101,40.59396,1.000000E+01,1.000000E+01,1.000000E+01,6.575157E-01,3.961271E-01,1.838444E-01
22.96116,40.59375,1.000000E+01,1.000000E+01,1.000000E+01,6.577002E-01,3.961970E-01,1.837995E-01
22.96133,40.59357,1.000000E+01,1.000000E+01,1.000000E+01,6.578824E-01,3.962666E-01,1.837644E-01
22.96152,40.59345,1.000000E+01,1.000000E+01,1.000000E+01,6.580479E-01,3.963308E-01,1.837471E-01
22.96172,40.59332,1.000000E+01,1.000000E+01,1.000000E+01,6.582238E-01,3.963990E-01,1.837278E-01
22.96191,40.59320,1.000000E+01,1.000000E+01,1.000000E+01,6.583892E-01,3.964631E-01,1.837105E-01
22.96211,40.59308,1.000000E+01,1.000000E+01,1.000000E+01,6.585602E-01,3.965296E-01,1.836935E-01
22.96231,40.59298,1.000000E+01,1.000000E+01,1.000000E+01,6.587220E-01,3.965927E-01,1.836822E-01
22.96252,40.59289,1.000000E+01,1.000000E+01,1.000000E+01,6.588846E-01,3.966563E-01,1.836742E-01
22.96273,40.59281,1.000000E+01,1.000000E+01,1.000000E+01,6.590422E-01,3.967184E-01,1.836688E-01
22.96293,40.59273,1.000000E+01,1.000000E+01,1.000000E+01,6.591940E-01,3.967779E-01,1.836623E-01
22.96315,40.59269,1.000000E+01,1.000000E+01,1.000000E+01,6.593381E-01,3.968354E-01,1.836684E-01
22.96336,40.59267,1.000000E+01,1.000000E+01,1.000000E+01,6.594666E-01,3.968871E-01,1.836789E-01
22.96358,40.59266,1.000000E+01,1.000000E+01,1.000000E+01,6.595954E-01,3.969395E-01,1.836927E-01
22.96380,40.59268,1.000000E+01,1.000000E+01,1.000000E+01,6.597102E-01,3.969864E-01,1.837147E-01
22.96401,40.59271,1.000000E+01,1.000000E+01,1.000000E+01,6.598140E-01,3.970292E-01,1.837384E-01
22.96423,40.59273,1.000000E+01,1.000000E+01,1.000000E+01,6.599282E-01,3.970760E-01,1.837599E-01
22.96444,40.59275,1.000000E+01,1.000000E+01,1.000000E+01,6.600375E-01,3.971204E-01,1.837808E-01
22.96466,40.59278,1.000000E+01,1.000000E+01,1.000000E+01,6.601476E-01,3.971654E-01,1.838048E-01
22.96487,40.59280,1.000000E+01,1.000000E+01,1.000000E+01,6.602564E-01,3.972098E-01,1.838256E-01
22.96509,40.59282,1.000000E+01,1.000000E+01,1.000000E+01,6.603703E-01,3.972565E-01,1.838467E-01
22.96531,40.59285,1.000000E+01,1.000000E+01,1.000000E+01,6.604790E-01,3.973012E-01,1.838705E-01
22.96552,40.59287,1.000000E+01,1.000000E+01,1.000000E+01,6.605870E-01,3.973455E-01,1.838907E-01
22.96574,40.59289,1.000000E+01,1.000000E+01,1.000000E+01,6.607000E-01,3.973919E-01,1.839118E-01
22.96595,40.59292,1.000000E+01,1.000000E+01,1.000000E+01,6.608019E-01,3.974341E-01,1.839346E-01
22.96617,40.59294,1.000000E+01,1.000000E+01,1.000000E+01,6.609150E-01,3.974802E-01,1.839551E-01
22.96639,40.59296,1.000000E+01,1.000000E+01,1.000000E+01,6.610280E-01,3.975262E-01,1.839757E-01
22.96660,40.59299,1.000000E+01,1.000000E+01,1.000000E+01,6.611298E-01,3.975680E-01,1.839981E-01
22.96682,40.59301,1.000000E+01,1.000000E+01,1.000000E+01,6.369026E-01,3.845401E-01,1.777455E-01
22.96703,40.59303,1.000000E+01,1.000000E+01,1.000000E+01,6.370034E-01,3.845813E-01,1.777645E-01
22.96725,40.59306,1.000000E+01,1.000000E+01,1.000000E+01,6.371040E-01,3.846231E-01,1.777866E-01
22.96747,40.59308,1.000000E+01,1.000000E+01,1.000000E+01,6.372090E-01,3.846664E-01,1.778058E-01
22.96768,40.59310,1.000000E+01,1.000000E+01,1.000000E+01,6.373086E-01,3.847074E-01,1.778244E-01
22.96790,40.59313,1.000000E+01,1.000000E+01,1.000000E+01,6.374080E-01,3.847488E-01,1.778460E-01
22.96811,40.59315,1.000000E+01,1.000000E+01,1.000000E+01,6.375065E-01,3.847896E-01,1.778643E-01
22.96833,40.59317,1.000000E+01,1.000000E+01,1.000000E+01,6.376104E-01,3.848323E-01,1.778832E-01
22.96854,40.59320,1.000000E+01,1.000000E+01,1.000000E+01,6.377041E-01,3.848713E-01,1.779039E-01
22.96876,40.59322,1.000000E+01,1.000000E+01,1.000000E+01,6.378078E-01,3.849139E-01,1.779225E-01
22.96898,40.59324,1.000000E+01,1.000000E+01,1.000000E+01,6.379104E-01,3.849564E-01,1.779409E-01
22.96919,40.59327,1.000000E+01,1.000000E+01,1.000000E+01,6.380026E-01,3.849948E-01,1.779613E-01
22.96941,40.59329,1.000000E+01,1.000000E+01,1.000000E+01,6.381046E-01,3.850370E-01,1.779795E-01
22.96962,40.59330,1.000000E+01,1.000000E+01,1.000000E+01,6.382059E-01,3.850787E-01,1.779944E-01
22.96984,40.59331,1.000000E+01,1.000000E+01,1.000000E+01,6.383136E-01,3.851223E-01,1.780096E-01
22.97006,40.59329,1.000000E+01,1.000000E+01,1.000000E+01,6.384355E-01,3.851708E-01,1.780166E-01
22.97026,40.59318,1.000000E+01,1.000000E+01,1.000000E+01,6.385918E-01,3.852308E-01,1.779984E-01
22.97043,40.59302,1.000000E+01,1.000000E+01,1.000000E+01,6.387581E-01,3.852932E-01,1.779651E-01
22.97057,40.59279,1.000000E+01,1.000000E+01,1.000000E+01,6.389441E-01,3.853616E-01,1.779114E-01
22.97067,40.59254,1.000000E+01,1.000000E+01,1.000000E+01,6.391200E-01,3.854253E-01,1.778504E-01
22.97072,40.59226,1.000000E+01,1.000000E+01,1.000000E+01,6.392855E-01,3.854840E-01,1.777789E-01
22.97073,40.59198,1.000000E+01,1.000000E+01,1.000000E+01,6.394312E-01,3.855349E-01,1.777055E-01
22.97071,40.59169,1.000000E+01,1.000000E+01,1.000000E+01,6.395661E-01,3.855814E-01,1.776282E-01
22.97068,40.59141,1.000000E+01,1.000000E+01,1.000000E+01,6.465447E-01,3.899095E-01,1.796039E-01
22.97065,40.59113,1.000000E+01,1.000000E+01,1.000000E+01,6.455414E-01,3.899532E-01,1.795284E-01
22.97062,40.59084,1.000000E+01,1.000000E+01,1.000000E+01,6.445178E-01,3.899986E-01,1.794506E-01
22.97059,40.59056,1.000000E+01,1.000000E+01,1.000000E+01,6.435435E-01,3.900421E-01,1.793759E-01
22.97056,40.59027,1.000000E+01,1.000000E+01,1.000000E+01,6.425496E-01,3.900874E-01,1.792990E-01
22.97053,40.58999,1.000000E+01,1.000000E+01,1.000000E+01,6.416036E-01,3.901308E-01,1.792252E-01
22.97050,40.58971,1.000000E+01,1.000000E+01,1.000000E+01,6.406712E-01,3.901740E-01,1.791518E-01
22.97047,40.58942,1.000000E+01,1.000000E+01,1.000000E+01,6.402820E-01,3.902189E-01,1.790763E-01
22.97044,40.58914,1.000000E+01,1.000000E+01,1.000000E+01,6.403977E-01,3.902619E-01,1.790038E-01
22.97042,40.58886,1.000000E+01,1.000000E+01,1.000000E+01,6.405177E-01,3.903071E-01,1.789324E-01
22.97042,40.58857,1.000000E+01,1.000000E+01,1.000000E+01,6.406515E-01,3.903579E-01,1.788601E-01
22.97046,40.58829,1.000000E+01,1.000000E+01,1.000000E+01,6.407996E-01,3.904156E-01,1.787929E-01
22.97049,40.58800,1.000000E+01,1.000000E+01,1.000000E+01,6.409467E-01,3.904726E-01,1.787232E-01
22.97052,40.58772,1.000000E+01,1.000000E+01,1.000000E+01,6.410910E-01,3.905278E-01,1.786566E-01
22.97052,40.58743,1.000000E+01,1.000000E+01,1.000000E+01,6.412252E-01,3.905781E-01,1.785864E-01
22.97049,40.58715,1.000000E+01,1.000000E+01,1.000000E+01,6.413390E-01,3.906202E-01,1.785175E-01
22.97042,40.58688,1.000000E+01,1.000000E+01,1.000000E+01,6.414278E-01,3.906520E-01,1.784495E-01
22.97032,40.58663,1.000000E+01,1.000000E+01,1.000000E+01,6.414914E-01,3.906736E-01,1.783848E-01
22.97019,40.58639,1.000000E+01,1.000000E+01,1.000000E+01,6.415345E-01,3.906869E-01,1.783215E-01
22.97007,40.58616,1.000000E+01,1.000000E+01,1.000000E+01,6.415769E-01,3.907004E-01,1.782612E-01
22.96995,40.58592,1.000000E+01,1.000000E+01,1.000000E+01,6.416231E-01,3.907160E-01,1.781992E-01
22.96984,40.58567,1.000000E+01,1.000000E+01,1.000000E+01,6.416776E-01,3.907351E-01,1.781359E-01
22.96978,40.58540,1.000000E+01,1.000000E+01,1.000000E+01,6.417652E-01,3.907683E-01,1.780715E-01
22.96977,40.58511,1.000000E+01,1.000000E+01,1.000000E+01,6.418856E-01,3.908155E-01,1.780058E-01
22.96976,40.58483,1.000000E+01,1.000000E+01,1.000000E+01,6.420004E-01,3.908606E-01,1.779432E-01
22.96973,40.58454,1.000000E+01,1.000000E+01,1.000000E+01,6.421080E-01,3.909028E-01,1.778779E-01
22.96968,40.58427,1.000000E+01,1.000000E+01,1.000000E+01,6.421957E-01,3.909371E-01,1.778165E-01
22.96963,40.58399,1.000000E+01,1.000000E+01,1.000000E+01,6.422861E-01,3.909728E-01,1.777537E-01
22.96957,40.58371,1.000000E+01,1.000000E+01,1.000000E+01,6.423702E-01,3.910060E-01,1.776908E-01
22.96955,40.58343,1.000000E+01,1.000000E+01,1.000000E+01,6.424738E-01,3.910479E-01,1.776312E-01
22.96955,40.58314,1.000000E+01,1.000000E+01,1.000000E+01,6.983233E-01,4.234037E-01,1.932191E-01
22.96955,40.58286,1.000000E+01,1.000000E+01,1.000000E+01,6.983243E-01,4.233036E-01,1.931576E-01
