#,,"generated_by='OpenQuake engine 3.25.1', start_date='2026-06-20T14:34:54', checksum=2320380582"
rlz_id,branch_path,weight
0,B~SIOFHA,1.0000000e-03
1,B~SGEHGA,1.0000000e-03
2,B~KKHGHA,1.0000000e-03
3,B~IKKGHA,1.0000000e-03
4,B~SKKHHA,1.0000000e-03
5,B~HJKHIA,1.0000000e-03
6,B~QHKFHA,1.0000000e-03
7,B~EEHHKA,1.0000000e-03
8,B~KNKBLA,1.0000000e-03
9,B~KEHKHA,1.0000000e-03
10,B~IKEDLA,1.0000000e-03
11,B~HGHHGA,1.0000000e-03
12,B~QGHLJA,1.0000000e-03
13,B~LLHEHA,1.0000000e-03
14,B~FHEKEA,1.0000000e-03
15,B~HHIDIA,1.0000000e-03
16,B~IHFEJA,1.0000000e-03
17,B~HKHHHA,1.0000000e-03
18,B~GDKHHA,1.0000000e-03
19,B~EHHEKA,1.0000000e-03
20,B~KEHIIA,1.0000000e-03
21,B~IHIEKA,1.0000000e-03
22,B~JKEHHA,1.0000000e-03
23,B~PIIGKA,1.0000000e-03
24,B~HJKEHA,1.0000000e-03
25,B~KKDHHA,1.0000000e-03
26,A~DHICLA,1.0000000e-03
27,A~IEHHHA,1.0000000e-03
28,A~QKEIIA,1.0000000e-03
29,A~IIGKHA,1.0000000e-03
30,A~HKKKFA,1.0000000e-03
31,A~LGKHEA,1.0000000e-03
32,A~EHHIEA,1.0000000e-03
33,A~KHGKDA,1.0000000e-03
34,A~HHNKHA,1.0000000e-03
35,A~KGHDKA,1.0000000e-03
36,A~IEJDEA,1.0000000e-03
37,A~DHIHJA,1.0000000e-03
38,A~IIDKHA,1.0000000e-03
39,A~DHFGHA,1.0000000e-03
40,A~SIELLA,1.0000000e-03
41,A~HIGLKA,1.0000000e-03
42,A~HHCKIA,1.0000000e-03
43,A~GEHHHA,1.0000000e-03
44,A~EILEHA,1.0000000e-03
45,A~SKHNHA,1.0000000e-03
46,A~EHEEHA,1.0000000e-03
47,A~HHKCEA,1.0000000e-03
48,A~EAKEKA,1.0000000e-03
49,A~FDEEKA,1.0000000e-03
50,A~HEEHEA,1.0000000e-03
51,A~QGHIHA,1.0000000e-03
52,A~EDHEGA,1.0000000e-03
53,A~PMNHFA,1.0000000e-03
54,A~HKHBHA,1.0000000e-03
55,A~KBHHEA,1.0000000e-03
56,A~EHGGKA,1.0000000e-03
57,C~LEDHKA,1.0000000e-03
58,C~LHHIDA,1.0000000e-03
59,C~SEIHGA,1.0000000e-03
60,C~JKHIIA,1.0000000e-03
61,C~EHEGGA,1.0000000e-03
62,E~KBIKHA,1.0000000e-03
63,E~HLFEHA,1.0000000e-03
64,E~HHHHKA,1.0000000e-03
65,E~HHKKIA,1.0000000e-03
66,E~KHHEJA,1.0000000e-03
67,E~KHJFEA,1.0000000e-03
68,E~HKEEGA,1.0000000e-03
69,E~QEEHHA,1.0000000e-03
70,E~HCHEFA,1.0000000e-03
71,E~PEKKLA,1.0000000e-03
72,E~KHHHEA,1.0000000e-03
73,E~FHHGEA,1.0000000e-03
74,E~SFFKHA,1.0000000e-03
75,E~HKHKNA,1.0000000e-03
76,E~HHJKBA,1.0000000e-03
77,E~IHKHHA,1.0000000e-03
78,E~HHEHKA,1.0000000e-03
79,E~DEHEGA,1.0000000e-03
80,E~HKHGGA,1.0000000e-03
81,E~HJKDDA,1.0000000e-03
82,E~QDHEGA,1.0000000e-03
83,E~IGIKHA,1.0000000e-03
84,E~HEHJKA,1.0000000e-03
85,E~SFGIEA,1.0000000e-03
86,E~HJEKKA,1.0000000e-03
87,E~QFHHKA,1.0000000e-03
88,E~HIHDHA,1.0000000e-03
89,E~GHEKJA,1.0000000e-03
90,E~EHFHKA,1.0000000e-03
91,E~DBHIHA,1.0000000e-03
92,E~SKIHHA,1.0000000e-03
93,E~HKEHHA,1.0000000e-03
94,E~HHHKHA,1.0000000e-03
95,E~HFHEIA,1.0000000e-03
96,E~HMHEIA,1.0000000e-03
97,E~HHGGHA,1.0000000e-03
98,E~QGGHLA,1.0000000e-03
99,E~IIJKHA,1.0000000e-03
100,E~KHEGHA,1.0000000e-03
101,E~GHILIA,1.0000000e-03
102,E~GHGEHA,1.0000000e-03
103,E~KAHKHA,1.0000000e-03
104,E~PFHKEA,1.0000000e-03
105,E~PHHHHA,1.0000000e-03
106,E~SHLJHA,1.0000000e-03
107,E~KGKHHA,1.0000000e-03
108,E~HHHGGA,1.0000000e-03
109,E~KEGLKA,1.0000000e-03
110,E~SNHIIA,1.0000000e-03
111,E~HJLHDA,1.0000000e-03
112,E~JILHHA,1.0000000e-03
113,E~HKKHIA,1.0000000e-03
114,E~HHIIGA,1.0000000e-03
115,E~KKHEGA,1.0000000e-03
116,E~IFJEKA,1.0000000e-03
117,E~IHIHKA,1.0000000e-03
118,E~PIDHHA,1.0000000e-03
119,E~GHHIHA,1.0000000e-03
120,E~PKHGKA,1.0000000e-03
121,E~IKEKHA,1.0000000e-03
122,E~HLKHKA,1.0000000e-03
123,E~HKHFGA,1.0000000e-03
124,E~SGHHLA,1.0000000e-03
125,E~EKJHGA,1.0000000e-03
126,E~IFEHGA,1.0000000e-03
127,E~QIHHEA,1.0000000e-03
128,E~GIHNJA,1.0000000e-03
129,E~IHEKHA,1.0000000e-03
130,E~IHKIHA,1.0000000e-03
131,E~HLEHIA,1.0000000e-03
132,E~LIKNIA,1.0000000e-03
133,E~MGLBHA,1.0000000e-03
134,E~JJKHKA,1.0000000e-03
135,E~QEGHGA,1.0000000e-03
136,E~HFIGHA,1.0000000e-03
137,E~LHHJHA,1.0000000e-03
138,E~IHBKLA,1.0000000e-03
139,E~BHKJGA,1.0000000e-03
140,E~QGHGFA,1.0000000e-03
141,E~KJEKFA,1.0000000e-03
142,E~HFEIEA,1.0000000e-03
143,E~DIHKHA,1.0000000e-03
144,D~LIHIGA,1.0000000e-03
145,D~QEHGEA,1.0000000e-03
146,D~HKHKIA,1.0000000e-03
147,D~EKHEFA,1.0000000e-03
148,D~LJHLHA,1.0000000e-03
149,D~HGKHEA,1.0000000e-03
150,D~IKEEHA,1.0000000e-03
151,D~HGIKKA,1.0000000e-03
152,D~QFEELA,1.0000000e-03
153,D~SKEHHA,1.0000000e-03
154,D~HIGHEA,1.0000000e-03
155,D~DHIKIA,1.0000000e-03
156,D~KEGHHA,1.0000000e-03
157,D~QHGFHA,1.0000000e-03
158,D~GFHHHA,1.0000000e-03
159,D~SKHHLA,1.0000000e-03
160,D~HEIHGA,1.0000000e-03
161,D~LHHGHA,1.0000000e-03
162,D~KGIGHA,1.0000000e-03
163,D~GEHEKA,1.0000000e-03
164,D~LHLEEA,1.0000000e-03
165,D~HHHEDA,1.0000000e-03
166,D~HGHEHA,1.0000000e-03
167,D~HGNEKA,1.0000000e-03
168,D~HJHGHA,1.0000000e-03
169,D~HEGHHA,1.0000000e-03
170,D~KJDEHA,1.0000000e-03
171,D~EGKKEA,1.0000000e-03
172,D~IHEGHA,1.0000000e-03
173,D~HIIJHA,1.0000000e-03
174,D~BDKLGA,1.0000000e-03
175,D~QHHHLA,1.0000000e-03
176,D~HGKKHA,1.0000000e-03
177,D~SIKIHA,1.0000000e-03
178,D~HIKHCA,1.0000000e-03
179,D~EKGGLA,1.0000000e-03
180,D~DHHHGA,1.0000000e-03
181,D~KHLHKA,1.0000000e-03
182,D~HHHHJA,1.0000000e-03
183,D~HKHHEA,1.0000000e-03
184,D~GKLKGA,1.0000000e-03
185,D~EHHJHA,1.0000000e-03
186,D~EJKLBA,1.0000000e-03
187,D~JGEEIA,1.0000000e-03
188,D~KGGBHA,1.0000000e-03
189,D~KHHHEA,1.0000000e-03
190,D~PEKHKA,1.0000000e-03
191,D~HHKHEA,1.0000000e-03
192,D~PHJIIA,1.0000000e-03
193,D~HHHHKA,1.0000000e-03
194,D~JKEHIA,1.0000000e-03
195,D~BHLHHA,1.0000000e-03
196,D~EHHKHA,1.0000000e-03
197,D~QIHBHA,1.0000000e-03
198,D~SIIHKA,1.0000000e-03
199,D~LHIHHA,1.0000000e-03
200,D~KEJFIA,1.0000000e-03
201,D~QHEGKA,1.0000000e-03
202,D~FJGHIA,1.0000000e-03
203,D~EFKHFA,1.0000000e-03
204,D~GBHHGA,1.0000000e-03
205,D~PGIBKA,1.0000000e-03
206,D~JKHKIA,1.0000000e-03
207,D~GHIHHA,1.0000000e-03
208,D~ELHHNA,1.0000000e-03
209,D~GEHEDA,1.0000000e-03
210,D~PHHEEA,1.0000000e-03
211,D~KHIFDA,1.0000000e-03
212,D~NDHGLA,1.0000000e-03
213,D~QEHGHA,1.0000000e-03
214,D~SLKHGA,1.0000000e-03
215,D~HHKHHA,1.0000000e-03
216,D~EHIEHA,1.0000000e-03
217,D~QLIEHA,1.0000000e-03
218,D~HHEHGA,1.0000000e-03
219,D~HHELFA,1.0000000e-03
220,D~PKHHGA,1.0000000e-03
221,D~EHKHIA,1.0000000e-03
222,D~KHHHHA,1.0000000e-03
223,D~QHKIKA,1.0000000e-03
224,D~HHIHKA,1.0000000e-03
225,D~EBHHEA,1.0000000e-03
226,D~HHGIEA,1.0000000e-03
227,D~HGIHLA,1.0000000e-03
228,D~HEHKKA,1.0000000e-03
229,D~IHHEIA,1.0000000e-03
230,D~IHEKKA,1.0000000e-03
231,D~FHIHFA,1.0000000e-03
232,D~GKDDEA,1.0000000e-03
233,D~IGJHIA,1.0000000e-03
234,D~HFKHHA,1.0000000e-03
235,D~HKEHHA,1.0000000e-03
236,D~DEIFHA,1.0000000e-03
237,D~QHEHKA,1.0000000e-03
238,D~RGHHEA,1.0000000e-03
239,D~EHHGHA,1.0000000e-03
240,D~DIEKLA,1.0000000e-03
241,D~HELDHA,1.0000000e-03
242,D~GJIEHA,1.0000000e-03
243,D~GEHHHA,1.0000000e-03
244,D~ELFFCA,1.0000000e-03
245,D~LIFHKA,1.0000000e-03
246,D~QLLKEA,1.0000000e-03
247,D~HDHKHA,1.0000000e-03
248,D~DHKHJA,1.0000000e-03
249,D~HGEHKA,1.0000000e-03
250,F~HHKDHA,1.0000000e-03
251,F~KHGIEA,1.0000000e-03
252,F~HFFEEA,1.0000000e-03
253,F~RKHEHA,1.0000000e-03
254,F~RHJHHA,1.0000000e-03
255,F~QEKEIA,1.0000000e-03
256,F~SGEHHA,1.0000000e-03
257,F~GHKHEA,1.0000000e-03
258,F~DKHKLA,1.0000000e-03
259,F~KHKHGA,1.0000000e-03
260,F~RHIIEA,1.0000000e-03
261,F~JKIDHA,1.0000000e-03
262,F~HKIHIA,1.0000000e-03
263,F~QIGHHA,1.0000000e-03
264,F~HLKHHA,1.0000000e-03
265,F~EDEGHA,1.0000000e-03
266,F~QDHEHA,1.0000000e-03
267,F~LGHEEA,1.0000000e-03
268,F~BGHIEA,1.0000000e-03
269,F~EGIEHA,1.0000000e-03
270,H~GHDKHA,1.0000000e-03
271,H~EEHFHA,1.0000000e-03
272,H~EHFHHA,1.0000000e-03
273,H~IKIIKA,1.0000000e-03
274,H~QHKKHA,1.0000000e-03
275,H~SLHHDA,1.0000000e-03
276,H~DHGGKA,1.0000000e-03
277,H~KDFHDA,1.0000000e-03
278,H~SKLHHA,1.0000000e-03
279,H~SHKHHA,1.0000000e-03
280,H~HHEHLA,1.0000000e-03
281,H~HHKHKA,1.0000000e-03
282,H~ILHKLA,1.0000000e-03
283,H~EEFHEA,1.0000000e-03
284,H~SHHJHA,1.0000000e-03
285,H~IHGHEA,1.0000000e-03
286,H~HIHGEA,1.0000000e-03
287,H~SHEFHA,1.0000000e-03
288,H~RHHHHA,1.0000000e-03
289,H~QEHKEA,1.0000000e-03
290,H~JLEEHA,1.0000000e-03
291,H~HHHEIA,1.0000000e-03
292,H~KEHHIA,1.0000000e-03
293,H~HFEHIA,1.0000000e-03
294,H~HGGHHA,1.0000000e-03
295,G~GHKHLA,1.0000000e-03
296,G~HEGHHA,1.0000000e-03
297,G~EKDEHA,1.0000000e-03
298,G~HLNFEA,1.0000000e-03
299,G~SKGGJA,1.0000000e-03
300,G~EDEIKA,1.0000000e-03
301,G~ILHHIA,1.0000000e-03
302,G~PLKKHA,1.0000000e-03
303,G~GILHHA,1.0000000e-03
304,G~KLHGJA,1.0000000e-03
305,G~HHEHKA,1.0000000e-03
306,G~GJIGEA,1.0000000e-03
307,G~HEKGKA,1.0000000e-03
308,G~FKKKEA,1.0000000e-03
309,G~HHHHKA,1.0000000e-03
310,G~HKKEKA,1.0000000e-03
311,G~HHEJHA,1.0000000e-03
312,G~KHJEGA,1.0000000e-03
313,G~EHHHHA,1.0000000e-03
314,G~KJEEKA,1.0000000e-03
315,G~QEIKIA,1.0000000e-03
316,G~HIKKFA,1.0000000e-03
317,G~QHEKHA,1.0000000e-03
318,G~HGJFIA,1.0000000e-03
319,G~EFHECA,1.0000000e-03
320,G~HKNHDA,1.0000000e-03
321,G~HFEKJA,1.0000000e-03
322,G~HHGLGA,1.0000000e-03
323,I~FEDLHA,1.0000000e-03
324,I~EIHEIA,1.0000000e-03
325,I~EIHLHA,1.0000000e-03
326,I~HHHDHA,1.0000000e-03
327,I~HEHEKA,1.0000000e-03
328,I~BHHGHA,1.0000000e-03
329,I~EHHHHA,1.0000000e-03
330,K~EHHHHA,1.0000000e-03
331,K~GEAHEA,1.0000000e-03
332,K~HKHIIA,1.0000000e-03
333,K~HHEHFA,1.0000000e-03
334,K~PFKHHA,1.0000000e-03
335,K~KEKGKA,1.0000000e-03
336,K~EGJEHA,1.0000000e-03
337,K~HGHKEA,1.0000000e-03
338,K~KIDKKA,1.0000000e-03
339,K~KHHHHA,1.0000000e-03
340,K~HHKIKA,1.0000000e-03
341,K~GEHKHA,1.0000000e-03
342,K~SIGHHA,1.0000000e-03
343,K~KEKHEA,1.0000000e-03
344,K~SHEHHA,1.0000000e-03
345,K~EHKIKA,1.0000000e-03
346,K~FIHEIA,1.0000000e-03
347,K~HGIGKA,1.0000000e-03
348,K~GHHHHA,1.0000000e-03
349,K~HLHHKA,1.0000000e-03
350,K~IGHEJA,1.0000000e-03
351,K~DJFHHA,1.0000000e-03
352,K~EEFEJA,1.0000000e-03
353,K~PKHKHA,1.0000000e-03
354,K~KKGMEA,1.0000000e-03
355,K~PJEGIA,1.0000000e-03
356,K~GFDFIA,1.0000000e-03
357,K~EELKEA,1.0000000e-03
358,K~IHEIHA,1.0000000e-03
359,K~HDFGGA,1.0000000e-03
360,K~LHHGHA,1.0000000e-03
361,K~JEEHHA,1.0000000e-03
362,K~QHHFHA,1.0000000e-03
363,K~IGEHFA,1.0000000e-03
364,K~RHKHEA,1.0000000e-03
365,K~QGIHDA,1.0000000e-03
366,K~KHIKIA,1.0000000e-03
367,K~DIEEEA,1.0000000e-03
368,K~IHEJLA,1.0000000e-03
369,K~SHHEGA,1.0000000e-03
370,K~HEIHGA,1.0000000e-03
371,K~HHHHHA,1.0000000e-03
372,K~QEHHEA,1.0000000e-03
373,K~HGHFKA,1.0000000e-03
374,K~SJDHHA,1.0000000e-03
375,K~IIKKEA,1.0000000e-03
376,K~HHBGIA,1.0000000e-03
377,K~FIEHHA,1.0000000e-03
378,K~EGKEKA,1.0000000e-03
379,K~HIDJHA,1.0000000e-03
380,K~RKHEHA,1.0000000e-03
381,K~KHHHGA,1.0000000e-03
382,K~IHEFHA,1.0000000e-03
383,K~HEFKHA,1.0000000e-03
384,K~DEGHHA,1.0000000e-03
385,K~OGJEEA,1.0000000e-03
386,K~EKKLHA,1.0000000e-03
387,K~EIHHIA,1.0000000e-03
388,K~KHEDHA,1.0000000e-03
389,K~SKIHKA,1.0000000e-03
390,K~HDGLEA,1.0000000e-03
391,K~LHEHHA,1.0000000e-03
392,K~EKFHHA,1.0000000e-03
393,K~HKKHEA,1.0000000e-03
394,K~FHIEHA,1.0000000e-03
395,K~SFHHEA,1.0000000e-03
396,K~SIDIGA,1.0000000e-03
397,K~HCDHHA,1.0000000e-03
398,K~HCKIIA,1.0000000e-03
399,K~HIEKHA,1.0000000e-03
400,K~KEKKKA,1.0000000e-03
401,K~PIEHLA,1.0000000e-03
402,K~KEDJKA,1.0000000e-03
403,K~IEHGHA,1.0000000e-03
404,K~EKDEEA,1.0000000e-03
405,K~GHEEIA,1.0000000e-03
406,K~EFIJHA,1.0000000e-03
407,K~JHKELA,1.0000000e-03
408,K~NEEELA,1.0000000e-03
409,K~SIEHEA,1.0000000e-03
410,K~DKHIKA,1.0000000e-03
411,K~PHKHEA,1.0000000e-03
412,K~KDHEHA,1.0000000e-03
413,J~QFKHKA,1.0000000e-03
414,J~EHHGHA,1.0000000e-03
415,J~GLGJHA,1.0000000e-03
416,J~GDHHGA,1.0000000e-03
417,J~KKEBKA,1.0000000e-03
418,J~HDEKHA,1.0000000e-03
419,J~IGEJGA,1.0000000e-03
420,J~GLHNDA,1.0000000e-03
421,J~HFHHEA,1.0000000e-03
422,J~DEHHLA,1.0000000e-03
423,J~LHEKKA,1.0000000e-03
424,J~PFKHHA,1.0000000e-03
425,J~NHBEFA,1.0000000e-03
426,J~EKGLHA,1.0000000e-03
427,J~EKIHJA,1.0000000e-03
428,J~FGEKKA,1.0000000e-03
429,J~GHEEKA,1.0000000e-03
430,J~GHFIKA,1.0000000e-03
431,J~GHHIHA,1.0000000e-03
432,J~IGHHFA,1.0000000e-03
433,J~PFHHDA,1.0000000e-03
434,J~SKHEJA,1.0000000e-03
435,J~HJDHHA,1.0000000e-03
436,J~LHEIEA,1.0000000e-03
437,J~QHFGEA,1.0000000e-03
438,J~HHEKEA,1.0000000e-03
439,J~HKFHEA,1.0000000e-03
440,J~HFHIEA,1.0000000e-03
441,J~HHHKIA,1.0000000e-03
442,J~QFEIHA,1.0000000e-03
443,J~HEKKFA,1.0000000e-03
444,J~IHKKKA,1.0000000e-03
445,J~GKEHEA,1.0000000e-03
446,J~PIKKDA,1.0000000e-03
447,J~DHGGIA,1.0000000e-03
448,J~PHHKIA,1.0000000e-03
449,J~HGEHHA,1.0000000e-03
450,J~HHEHGA,1.0000000e-03
451,J~LGHLHA,1.0000000e-03
452,J~HKEKHA,1.0000000e-03
453,J~FFHKEA,1.0000000e-03
454,J~BEKHGA,1.0000000e-03
455,J~QGIKHA,1.0000000e-03
456,J~IHHFEA,1.0000000e-03
457,J~KHHHFA,1.0000000e-03
458,J~LJHHEA,1.0000000e-03
459,J~HEFEKA,1.0000000e-03
460,J~HEHKJA,1.0000000e-03
461,J~SKHIHA,1.0000000e-03
462,J~KGEHEA,1.0000000e-03
463,J~KDJHHA,1.0000000e-03
464,J~QLIFLA,1.0000000e-03
465,J~ENIEGA,1.0000000e-03
466,J~EDKHKA,1.0000000e-03
467,J~QDHFEA,1.0000000e-03
468,J~HHKDKA,1.0000000e-03
469,J~HEKEIA,1.0000000e-03
470,J~SKGKHA,1.0000000e-03
471,J~HKEFHA,1.0000000e-03
472,J~PHHHHA,1.0000000e-03
473,J~EJHEFA,1.0000000e-03
474,J~HEKLEA,1.0000000e-03
475,J~PIHHDA,1.0000000e-03
476,J~IIEHEA,1.0000000e-03
477,J~FEEHFA,1.0000000e-03
478,L~HBHEEA,1.0000000e-03
479,L~HKGHHA,1.0000000e-03
480,L~IHIKDA,1.0000000e-03
481,L~QFHKIA,1.0000000e-03
482,L~HIFHHA,1.0000000e-03
483,L~KHGHGA,1.0000000e-03
484,L~HDEHEA,1.0000000e-03
485,L~QDIJJA,1.0000000e-03
486,L~HHHLEA,1.0000000e-03
487,L~LKIEEA,1.0000000e-03
488,L~HCEHHA,1.0000000e-03
489,L~HHHGHA,1.0000000e-03
490,L~HHHIIA,1.0000000e-03
491,L~JGHGGA,1.0000000e-03
492,L~SGJKHA,1.0000000e-03
493,L~KIFLKA,1.0000000e-03
494,L~LIEDIA,1.0000000e-03
495,L~GABKDA,1.0000000e-03
496,L~HKJEHA,1.0000000e-03
497,L~KEHGHA,1.0000000e-03
498,L~HIHEGA,1.0000000e-03
499,L~LGKFKA,1.0000000e-03
500,L~HDHIHA,1.0000000e-03
501,L~EHHLHA,1.0000000e-03
502,L~HKHHKA,1.0000000e-03
503,L~KIHHHA,1.0000000e-03
504,L~GFHHEA,1.0000000e-03
505,L~QHGHEA,1.0000000e-03
506,L~EEHJHA,1.0000000e-03
507,L~IGGKEA,1.0000000e-03
508,L~HIHGGA,1.0000000e-03
509,L~SHKKKA,1.0000000e-03
510,L~HHEHHA,1.0000000e-03
511,L~KHHEHA,1.0000000e-03
512,L~PHEHIA,1.0000000e-03
513,L~HEEEGA,1.0000000e-03
514,L~HIHEHA,1.0000000e-03
515,L~HJKGEA,1.0000000e-03
516,L~HGEGJA,1.0000000e-03
517,L~SKIGBA,1.0000000e-03
518,L~HDKHKA,1.0000000e-03
519,L~HHKIGA,1.0000000e-03
520,L~PFFIFA,1.0000000e-03
521,L~HEKGKA,1.0000000e-03
522,L~HKKDLA,1.0000000e-03
523,L~KKLGGA,1.0000000e-03
524,L~RHEEEA,1.0000000e-03
525,L~PKDHEA,1.0000000e-03
526,L~IHDKJA,1.0000000e-03
527,L~KDEKGA,1.0000000e-03
528,L~HLKGEA,1.0000000e-03
529,L~KKIHGA,1.0000000e-03
530,L~QIEJHA,1.0000000e-03
531,L~PJHHEA,1.0000000e-03
532,L~JBLHEA,1.0000000e-03
533,L~SEGEEA,1.0000000e-03
534,L~EIHIHA,1.0000000e-03
535,L~IHGGKA,1.0000000e-03
536,L~HHHJJA,1.0000000e-03
537,L~IHHHKA,1.0000000e-03
538,L~KEIGHA,1.0000000e-03
539,L~EIGKIA,1.0000000e-03
540,L~IHHEKA,1.0000000e-03
541,Q~HHHDLA,1.0000000e-03
542,Q~IKEIFA,1.0000000e-03
543,Q~HKHIJA,1.0000000e-03
544,Q~LHHCHA,1.0000000e-03
545,Q~EHHEKA,1.0000000e-03
546,Q~EHFHEA,1.0000000e-03
547,Q~EHKHFA,1.0000000e-03
548,Q~HEHHIA,1.0000000e-03
549,Q~JJJKHA,1.0000000e-03
550,Q~HKIHHA,1.0000000e-03
551,Q~EJHHEA,1.0000000e-03
552,Q~HGGLGA,1.0000000e-03
553,Q~OHHHHA,1.0000000e-03
554,Q~RHIIIA,1.0000000e-03
555,Q~KGLDEA,1.0000000e-03
556,Q~FGEHHA,1.0000000e-03
557,Q~KKGHHA,1.0000000e-03
558,Q~HHIKHA,1.0000000e-03
559,Q~IHHHEA,1.0000000e-03
560,Q~KKDJKA,1.0000000e-03
561,Q~KHEHEA,1.0000000e-03
562,Q~SHFFHA,1.0000000e-03
563,Q~SHHFDA,1.0000000e-03
564,Q~KKHHEA,1.0000000e-03
565,Q~EEHHIA,1.0000000e-03
566,Q~KEGHEA,1.0000000e-03
567,Q~IHDKKA,1.0000000e-03
568,Q~HHIJIA,1.0000000e-03
569,Q~KEKEKA,1.0000000e-03
570,Q~EGHKLA,1.0000000e-03
571,Q~IJHKKA,1.0000000e-03
572,Q~PGEHGA,1.0000000e-03
573,Q~EFIHHA,1.0000000e-03
574,Q~KDKGGA,1.0000000e-03
575,Q~IKHFKA,1.0000000e-03
576,Q~IKIEHA,1.0000000e-03
577,Q~HHDEFA,1.0000000e-03
578,Q~EHHEFA,1.0000000e-03
579,Q~EGHIGA,1.0000000e-03
580,Q~RIGIIA,1.0000000e-03
581,Q~IFKHKA,1.0000000e-03
582,Q~KIHJHA,1.0000000e-03
583,Q~PIFEEA,1.0000000e-03
584,Q~HHHKHA,1.0000000e-03
585,Q~IHCHHA,1.0000000e-03
586,Q~SHJLHA,1.0000000e-03
587,Q~LGHKHA,1.0000000e-03
588,Q~BKHDIA,1.0000000e-03
589,Q~HHKGJA,1.0000000e-03
590,Q~HKKHJA,1.0000000e-03
591,Q~SGHHHA,1.0000000e-03
592,Q~QJHKIA,1.0000000e-03
593,Q~HFGFIA,1.0000000e-03
594,Q~LIKKBA,1.0000000e-03
595,Q~IHHHFA,1.0000000e-03
596,Q~QJIHIA,1.0000000e-03
597,Q~EJHLHA,1.0000000e-03
598,Q~GEIHHA,1.0000000e-03
599,Q~KDEGHA,1.0000000e-03
600,Q~GJEKDA,1.0000000e-03
601,Q~SEEHKA,1.0000000e-03
602,Q~FHHFKA,1.0000000e-03
603,Q~HLHGGA,1.0000000e-03
604,Q~PIFHHA,1.0000000e-03
605,Q~HIIEEA,1.0000000e-03
606,Q~KFGIKA,1.0000000e-03
607,Q~QGGHGA,1.0000000e-03
608,Q~EBKKKA,1.0000000e-03
609,Q~HJHHDA,1.0000000e-03
610,Q~HIIKHA,1.0000000e-03
611,Q~HKHKIA,1.0000000e-03
612,Q~EHKEHA,1.0000000e-03
613,Q~JEIGHA,1.0000000e-03
614,P~KIIKGA,1.0000000e-03
615,P~EHGHJA,1.0000000e-03
616,P~KHEGKA,1.0000000e-03
617,P~IEKHHA,1.0000000e-03
618,P~EBIHEA,1.0000000e-03
619,P~PKDKHA,1.0000000e-03
620,P~QGGHHA,1.0000000e-03
621,P~KGKIDA,1.0000000e-03
622,P~GGHKHA,1.0000000e-03
623,P~HEEHLA,1.0000000e-03
624,P~GHHKKA,1.0000000e-03
625,P~EGGKHA,1.0000000e-03
626,P~HHHFHA,1.0000000e-03
627,P~HFIIEA,1.0000000e-03
628,P~KKGHCA,1.0000000e-03
629,P~QHHHGA,1.0000000e-03
630,P~RHGHDA,1.0000000e-03
631,P~QEOKEA,1.0000000e-03
632,P~HOFGHA,1.0000000e-03
633,P~KHJEFA,1.0000000e-03
634,P~HIKEHA,1.0000000e-03
635,P~IHLHHA,1.0000000e-03
636,P~EHHGFA,1.0000000e-03
637,P~EHHHKA,1.0000000e-03
638,P~LKHHEA,1.0000000e-03
639,P~JHHGEA,1.0000000e-03
640,P~RJHHHA,1.0000000e-03
641,P~KGJKIA,1.0000000e-03
642,P~HKKEBA,1.0000000e-03
643,P~HKGGJA,1.0000000e-03
644,P~EJGKEA,1.0000000e-03
645,P~HDHLEA,1.0000000e-03
646,P~QHEHHA,1.0000000e-03
647,P~HLIHHA,1.0000000e-03
648,P~KJHFDA,1.0000000e-03
649,P~HHIDHA,1.0000000e-03
650,P~FHGHHA,1.0000000e-03
651,P~HHHJHA,1.0000000e-03
652,P~SHIKDA,1.0000000e-03
653,P~SEFHKA,1.0000000e-03
654,P~QHKAGA,1.0000000e-03
655,P~QHHDHA,1.0000000e-03
656,P~QFKHGA,1.0000000e-03
657,P~HHJHHA,1.0000000e-03
658,P~HEEGDA,1.0000000e-03
659,P~HKKHHA,1.0000000e-03
660,P~GKIHIA,1.0000000e-03
661,P~KFFFHA,1.0000000e-03
662,P~KHJHIA,1.0000000e-03
663,P~SEDDHA,1.0000000e-03
664,P~GEEHKA,1.0000000e-03
665,P~SIHKMA,1.0000000e-03
666,P~DHHKHA,1.0000000e-03
667,P~HHEHGA,1.0000000e-03
668,P~QEHKHA,1.0000000e-03
669,P~HKHHEA,1.0000000e-03
670,P~EIHHGA,1.0000000e-03
671,P~PHJDGA,1.0000000e-03
672,P~RILHHA,1.0000000e-03
673,P~HHEHLA,1.0000000e-03
674,P~HKHHBA,1.0000000e-03
675,P~DGEIEA,1.0000000e-03
676,P~EHHKHA,1.0000000e-03
677,P~HHHIIA,1.0000000e-03
678,P~HFKEHA,1.0000000e-03
679,P~IFEGHA,1.0000000e-03
680,P~GDJDEA,1.0000000e-03
681,P~EEBKDA,1.0000000e-03
682,P~SHEELA,1.0000000e-03
683,P~PHKGHA,1.0000000e-03
684,P~KHHFKA,1.0000000e-03
685,P~IHHKEA,1.0000000e-03
686,P~HGEEIA,1.0000000e-03
687,P~HHGDEA,1.0000000e-03
688,P~KKIHHA,1.0000000e-03
689,P~HKBKHA,1.0000000e-03
690,P~HKLIIA,1.0000000e-03
691,P~LEHEIA,1.0000000e-03
692,P~IKGHFA,1.0000000e-03
693,P~CKHCHA,1.0000000e-03
694,P~HHHKGA,1.0000000e-03
695,P~LIKHDA,1.0000000e-03
696,P~QGEHKA,1.0000000e-03
697,P~KBKHHA,1.0000000e-03
698,P~LFHGIA,1.0000000e-03
699,P~KJDHLA,1.0000000e-03
700,P~GIEDHA,1.0000000e-03
701,P~KKKHDA,1.0000000e-03
702,P~IFHKBA,1.0000000e-03
703,P~GJHHDA,1.0000000e-03
704,P~HDKHEA,1.0000000e-03
705,P~RKIDEA,1.0000000e-03
706,P~GHKKNA,1.0000000e-03
707,P~LHHEEA,1.0000000e-03
708,P~KJHGKA,1.0000000e-03
709,P~LHGHDA,1.0000000e-03
710,P~EHKHGA,1.0000000e-03
711,P~EHEGGA,1.0000000e-03
712,P~HBHKHA,1.0000000e-03
713,P~KDHDKA,1.0000000e-03
714,P~KHEHHA,1.0000000e-03
715,P~IGEEDA,1.0000000e-03
716,P~QEKEKA,1.0000000e-03
717,P~HIJKHA,1.0000000e-03
718,P~SEHDEA,1.0000000e-03
719,P~IKHHGA,1.0000000e-03
720,P~KIHFHA,1.0000000e-03
721,P~LFIHHA,1.0000000e-03
722,P~HMEGLA,1.0000000e-03
723,P~IHEFFA,1.0000000e-03
724,P~KIHHHA,1.0000000e-03
725,P~QKDIKA,1.0000000e-03
726,P~QHHHHA,1.0000000e-03
727,P~QFGJHA,1.0000000e-03
728,P~QFEGHA,1.0000000e-03
729,P~SHHHHA,1.0000000e-03
730,P~QKLHHA,1.0000000e-03
731,P~QIDLIA,1.0000000e-03
732,P~IDEKEA,1.0000000e-03
733,P~IGGDEA,1.0000000e-03
734,R~SJHHHA,1.0000000e-03
735,R~EGGKHA,1.0000000e-03
736,R~EHFGAA,1.0000000e-03
737,R~KDDJLA,1.0000000e-03
738,R~GGEEKA,1.0000000e-03
739,R~HKHEHA,1.0000000e-03
740,R~SHIHHA,1.0000000e-03
741,R~HDHHIA,1.0000000e-03
742,R~HHLKHA,1.0000000e-03
743,R~KEHHIA,1.0000000e-03
744,R~EHHHDA,1.0000000e-03
745,R~IHKGGA,1.0000000e-03
746,R~RHDIIA,1.0000000e-03
747,R~QFIKEA,1.0000000e-03
748,R~JDHGNA,1.0000000e-03
749,R~HKFHKA,1.0000000e-03
750,R~JHJHHA,1.0000000e-03
751,R~KHHEEA,1.0000000e-03
752,R~EDHKHA,1.0000000e-03
753,R~EHGDKA,1.0000000e-03
754,R~EKKHEA,1.0000000e-03
755,R~GFBKGA,1.0000000e-03
756,N~GFEJKA,1.0000000e-03
757,N~FEFHKA,1.0000000e-03
758,N~IHEHEA,1.0000000e-03
759,N~GKKKHA,1.0000000e-03
760,N~JKKHHA,1.0000000e-03
761,N~LHIHNA,1.0000000e-03
762,N~HKGGEA,1.0000000e-03
763,N~HKHEKA,1.0000000e-03
764,N~EGHHKA,1.0000000e-03
765,N~KEEKHA,1.0000000e-03
766,N~IDHDJA,1.0000000e-03
767,N~SJEFDA,1.0000000e-03
768,N~JIEHGA,1.0000000e-03
769,N~HGHIEA,1.0000000e-03
770,N~HEGEHA,1.0000000e-03
771,N~FHEJKA,1.0000000e-03
772,N~DHHKHA,1.0000000e-03
773,N~DOKKGA,1.0000000e-03
774,N~JEHEIA,1.0000000e-03
775,N~HHHEHA,1.0000000e-03
776,N~RKHHKA,1.0000000e-03
777,N~IMHDEA,1.0000000e-03
778,M~HLGJGA,1.0000000e-03
779,M~IEKHGA,1.0000000e-03
780,M~HHHHDA,1.0000000e-03
781,M~QKHCEA,1.0000000e-03
782,M~HIKHHA,1.0000000e-03
783,M~EKHHKA,1.0000000e-03
784,M~HHHJHA,1.0000000e-03
785,M~KEHHIA,1.0000000e-03
786,M~QKHKKA,1.0000000e-03
787,M~KHFIEA,1.0000000e-03
788,M~GGFEEA,1.0000000e-03
789,M~KHHAFA,1.0000000e-03
790,M~HHHKHA,1.0000000e-03
791,M~HEGEKA,1.0000000e-03
792,M~EDEKNA,1.0000000e-03
793,M~IGHKGA,1.0000000e-03
794,M~HEIFKA,1.0000000e-03
795,M~LHGGDA,1.0000000e-03
796,M~NHFHHA,1.0000000e-03
797,M~IEDFHA,1.0000000e-03
798,M~GHKHEA,1.0000000e-03
799,M~KGEJHA,1.0000000e-03
800,M~PIHHFA,1.0000000e-03
801,M~QFGIIA,1.0000000e-03
802,M~KEHHEA,1.0000000e-03
803,M~HGHEHA,1.0000000e-03
804,M~IGJHHA,1.0000000e-03
805,M~HEGKIA,1.0000000e-03
806,O~HKEGEA,1.0000000e-03
807,O~HHHGNA,1.0000000e-03
808,O~IGJKGA,1.0000000e-03
809,O~EHHEHA,1.0000000e-03
810,O~SLHHJA,1.0000000e-03
811,T~HHLJEA,1.0000000e-03
812,T~EHHLGA,1.0000000e-03
813,T~KEHHHA,1.0000000e-03
814,T~QKEGHA,1.0000000e-03
815,T~GDHKHA,1.0000000e-03
816,T~GCKJFA,1.0000000e-03
817,T~HIGEKA,1.0000000e-03
818,T~IGHIHA,1.0000000e-03
819,T~IIGEHA,1.0000000e-03
820,T~GGFHGA,1.0000000e-03
821,T~JKHEHA,1.0000000e-03
822,T~JHEFHA,1.0000000e-03
823,T~PIEHHA,1.0000000e-03
824,T~SHEKEA,1.0000000e-03
825,T~KJHIKA,1.0000000e-03
826,T~EIDEHA,1.0000000e-03
827,T~HHKKEA,1.0000000e-03
828,T~EJHHHA,1.0000000e-03
829,T~SHHHHA,1.0000000e-03
830,T~EKHKKA,1.0000000e-03
831,T~EIHDHA,1.0000000e-03
832,T~KKHHEA,1.0000000e-03
833,T~KEHHGA,1.0000000e-03
834,T~QIHDKA,1.0000000e-03
835,T~EFGHKA,1.0000000e-03
836,T~HLEJGA,1.0000000e-03
837,T~FJEEHA,1.0000000e-03
838,T~KEILKA,1.0000000e-03
839,T~KEGEEA,1.0000000e-03
840,T~EHEDHA,1.0000000e-03
841,T~KLHHFA,1.0000000e-03
842,T~KDEFEA,1.0000000e-03
843,T~IGHKHA,1.0000000e-03
844,T~EHHEKA,1.0000000e-03
845,T~LHHKDA,1.0000000e-03
846,T~HHIKIA,1.0000000e-03
847,T~KHHKHA,1.0000000e-03
848,T~EHKLHA,1.0000000e-03
849,T~QHIHKA,1.0000000e-03
850,T~EHGKHA,1.0000000e-03
851,T~QEFFEA,1.0000000e-03
852,T~IHHHGA,1.0000000e-03
853,T~PILHHA,1.0000000e-03
854,T~LHFHKA,1.0000000e-03
855,T~QLFHHA,1.0000000e-03
856,T~KLHLEA,1.0000000e-03
857,T~SFEEIA,1.0000000e-03
858,T~HHHIIA,1.0000000e-03
859,T~EJIIIA,1.0000000e-03
860,T~GHHHKA,1.0000000e-03
861,T~HHHEHA,1.0000000e-03
862,T~EKIEHA,1.0000000e-03
863,T~KHHKIA,1.0000000e-03
864,T~PHLHKA,1.0000000e-03
865,T~FEHBKA,1.0000000e-03
866,T~HIKKHA,1.0000000e-03
867,T~HEHKEA,1.0000000e-03
868,T~HKHHJA,1.0000000e-03
869,T~GJLIHA,1.0000000e-03
870,T~LIKHFA,1.0000000e-03
871,T~SHHEGA,1.0000000e-03
872,T~LKKKKA,1.0000000e-03
873,T~HEHKHA,1.0000000e-03
874,T~QGDHKA,1.0000000e-03
875,T~GHELGA,1.0000000e-03
876,T~EGHEIA,1.0000000e-03
877,T~SKKKIA,1.0000000e-03
878,T~QKHKIA,1.0000000e-03
879,T~KKJKHA,1.0000000e-03
880,T~HHIGEA,1.0000000e-03
881,T~HIHHHA,1.0000000e-03
882,T~HFEHLA,1.0000000e-03
883,T~HKNHIA,1.0000000e-03
884,T~HHHLFA,1.0000000e-03
885,T~DEIBKA,1.0000000e-03
886,T~IGNEKA,1.0000000e-03
887,S~KHEIHA,1.0000000e-03
888,S~HLHHEA,1.0000000e-03
889,S~IHEHHA,1.0000000e-03
890,S~HGHKHA,1.0000000e-03
891,S~KGHHDA,1.0000000e-03
892,S~KHHHEA,1.0000000e-03
893,S~LLEIEA,1.0000000e-03
894,S~LHEEIA,1.0000000e-03
895,S~HEIEKA,1.0000000e-03
896,S~PGHFEA,1.0000000e-03
897,S~SFEHHA,1.0000000e-03
898,S~RHLKEA,1.0000000e-03
899,S~EHHHHA,1.0000000e-03
900,S~LHFIHA,1.0000000e-03
901,S~PEHGHA,1.0000000e-03
902,S~SHKEIA,1.0000000e-03
903,S~LJGHLA,1.0000000e-03
904,S~HEKGLA,1.0000000e-03
905,S~LLHGKA,1.0000000e-03
906,S~FEHIHA,1.0000000e-03
907,S~RIJHHA,1.0000000e-03
908,S~HKHEGA,1.0000000e-03
909,S~KGKKEA,1.0000000e-03
910,S~ELKGEA,1.0000000e-03
911,S~GEIEIA,1.0000000e-03
912,S~GDHHHA,1.0000000e-03
913,S~EGHJHA,1.0000000e-03
914,S~HIGLFA,1.0000000e-03
915,S~SIEGHA,1.0000000e-03
916,S~QEHHKA,1.0000000e-03
917,S~HFEEEA,1.0000000e-03
918,S~ODHHIA,1.0000000e-03
919,S~QGOHEA,1.0000000e-03
920,S~HKHEHA,1.0000000e-03
921,S~KHKKJA,1.0000000e-03
922,S~KHHHKA,1.0000000e-03
923,S~HHHEHA,1.0000000e-03
924,S~HJHIKA,1.0000000e-03
925,S~HHHHKA,1.0000000e-03
926,S~KGDKNA,1.0000000e-03
927,S~KHEEEA,1.0000000e-03
928,S~EGEKGA,1.0000000e-03
929,S~IEHHHA,1.0000000e-03
930,S~EHEGHA,1.0000000e-03
931,S~QKHKEA,1.0000000e-03
932,S~GKHHGA,1.0000000e-03
933,S~KGHKHA,1.0000000e-03
934,S~EGHIKA,1.0000000e-03
935,S~KHFKHA,1.0000000e-03
936,S~HIKBHA,1.0000000e-03
937,S~HHGLDA,1.0000000e-03
938,S~SIEFLA,1.0000000e-03
939,S~QEHKKA,1.0000000e-03
940,S~EIGHFA,1.0000000e-03
941,S~EDHIKA,1.0000000e-03
942,S~LIEGKA,1.0000000e-03
943,S~EIHHKA,1.0000000e-03
944,S~JJIEHA,1.0000000e-03
945,S~KEHHFA,1.0000000e-03
946,S~FEHHJA,1.0000000e-03
947,S~KHGKFA,1.0000000e-03
948,S~BIHGEA,1.0000000e-03
949,S~BHHGHA,1.0000000e-03
950,S~GKHDEA,1.0000000e-03
951,S~HHIKIA,1.0000000e-03
952,S~GELILA,1.0000000e-03
953,S~HKHHEA,1.0000000e-03
954,S~KLKLEA,1.0000000e-03
955,S~HHEKHA,1.0000000e-03
956,S~HHEEEA,1.0000000e-03
957,S~HGHKHA,1.0000000e-03
958,S~SHHLHA,1.0000000e-03
959,S~GHJHKA,1.0000000e-03
960,S~EEKGHA,1.0000000e-03
961,S~LHEHGA,1.0000000e-03
962,S~ILKHHA,1.0000000e-03
963,S~KHIHHA,1.0000000e-03
964,S~GEEIIA,1.0000000e-03
965,S~HKKHHA,1.0000000e-03
966,S~KFKKGA,1.0000000e-03
967,S~EAGDLA,1.0000000e-03
968,S~HEHKEA,1.0000000e-03
969,S~IHDHHA,1.0000000e-03
970,S~GHEGHA,1.0000000e-03
971,S~GEKFHA,1.0000000e-03
972,S~RHIDHA,1.0000000e-03
973,S~KIHIHA,1.0000000e-03
974,S~SIKGHA,1.0000000e-03
975,S~BIHKEA,1.0000000e-03
976,S~HILNDA,1.0000000e-03
977,S~DHHHEA,1.0000000e-03
978,S~EHHHLA,1.0000000e-03
979,S~EHHFKA,1.0000000e-03
980,S~HEJJKA,1.0000000e-03
981,S~EHDKIA,1.0000000e-03
982,S~HBHKHA,1.0000000e-03
983,U~EEGEEA,1.0000000e-03
984,U~HKHJHA,1.0000000e-03
985,U~GHGKGA,1.0000000e-03
986,U~EMDEEA,1.0000000e-03
987,U~SHEKKA,1.0000000e-03
988,U~EHJKHA,1.0000000e-03
989,U~EHKEIA,1.0000000e-03
990,U~IMHEKA,1.0000000e-03
991,U~LFKHHA,1.0000000e-03
992,U~HDHLFA,1.0000000e-03
993,U~HHHKFA,1.0000000e-03
994,U~EEEADA,1.0000000e-03
995,U~HHHJHA,1.0000000e-03
996,U~QKEGIA,1.0000000e-03
997,U~HKLEGA,1.0000000e-03
998,U~JHGEMA,1.0000000e-03
999,U~IHHHLA,1.0000000e-03
