rlz_id,branch_path,weight
0,B~SIOFHA,4.8828125e-04
1,B~SGEHGA,4.8828125e-04
2,B~KKHGHA,4.8828125e-04
3,B~IKKGHA,4.8828125e-04
4,B~SKKHHA,4.8828125e-04
5,B~HJKHIA,4.8828125e-04
6,B~QHKFHA,4.8828125e-04
7,B~EEHHKA,4.8828125e-04
8,B~KNKBLA,4.8828125e-04
9,B~KEHKHA,4.8828125e-04
10,B~IKEDLA,4.8828125e-04
11,B~HGHHGA,4.8828125e-04
12,B~QGHLJA,4.8828125e-04
13,B~LLHEHA,4.8828125e-04
14,B~FHEKEA,4.8828125e-04
15,B~HHIDIA,4.8828125e-04
16,B~IHFEJA,4.8828125e-04
17,B~HKHHHA,4.8828125e-04
18,B~GDKHHA,4.8828125e-04
19,B~EHHEKA,4.8828125e-04
20,B~KEHIIA,4.8828125e-04
21,B~IHIEKA,4.8828125e-04
22,B~JKEHHA,4.8828125e-04
23,B~PIIGKA,4.8828125e-04
24,B~HJKEHA,4.8828125e-04
25,B~KKDHHA,4.8828125e-04
26,B~DHICLA,4.8828125e-04
27,B~IEHHHA,4.8828125e-04
28,B~QKEIIA,4.8828125e-04
29,B~IIGKHA,4.8828125e-04
30,B~HKKKFA,4.8828125e-04
31,B~LGKHEA,4.8828125e-04
32,B~EHHIEA,4.8828125e-04
33,B~KHGKDA,4.8828125e-04
34,B~HHNKHA,4.8828125e-04
35,B~KGHDKA,4.8828125e-04
36,B~IEJDEA,4.8828125e-04
37,B~DHIHJA,4.8828125e-04
38,B~IIDKHA,4.8828125e-04
39,B~DHFGHA,4.8828125e-04
40,B~SIELLA,4.8828125e-04
41,B~HIGLKA,4.8828125e-04
42,B~HHCKIA,4.8828125e-04
43,B~GEHHHA,4.8828125e-04
44,B~EILEHA,4.8828125e-04
45,A~SKHNHA,4.8828125e-04
46,A~EHEEHA,4.8828125e-04
47,A~HHKCEA,4.8828125e-04
48,A~EAKEKA,4.8828125e-04
49,A~FDEEKA,4.8828125e-04
50,A~HEEHEA,4.8828125e-04
51,A~QGHIHA,4.8828125e-04
52,A~EDHEGA,4.8828125e-04
53,A~PMNHFA,4.8828125e-04
54,A~HKHBHA,4.8828125e-04
55,A~KBHHEA,4.8828125e-04
56,A~EHGGKA,4.8828125e-04
57,A~LEDHKA,4.8828125e-04
58,A~LHHIDA,4.8828125e-04
59,A~SEIHGA,4.8828125e-04
60,A~JKHIIA,4.8828125e-04
61,A~EHEGGA,4.8828125e-04
62,A~KBIKHA,4.8828125e-04
63,A~HLFEHA,4.8828125e-04
64,A~HHHHKA,4.8828125e-04
65,A~HHKKIA,4.8828125e-04
66,A~KHHEJA,4.8828125e-04
67,A~KHJFEA,4.8828125e-04
68,A~HKEEGA,4.8828125e-04
69,A~QEEHHA,4.8828125e-04
70,A~HCHEFA,4.8828125e-04
71,A~PEKKLA,4.8828125e-04
72,A~KHHHEA,4.8828125e-04
73,A~FHHGEA,4.8828125e-04
74,A~SFFKHA,4.8828125e-04
75,A~HKHKNA,4.8828125e-04
76,A~HHJKBA,4.8828125e-04
77,A~IHKHHA,4.8828125e-04
78,A~HHEHKA,4.8828125e-04
79,A~DEHEGA,4.8828125e-04
80,A~HKHGGA,4.8828125e-04
81,A~HJKDDA,4.8828125e-04
82,A~QDHEGA,4.8828125e-04
83,A~IGIKHA,4.8828125e-04
84,A~HEHJKA,4.8828125e-04
85,A~SFGIEA,4.8828125e-04
86,A~HJEKKA,4.8828125e-04
87,A~QFHHKA,4.8828125e-04
88,A~HIHDHA,4.8828125e-04
89,A~GHEKJA,4.8828125e-04
90,A~EHFHKA,4.8828125e-04
91,A~DBHIHA,4.8828125e-04
92,A~SKIHHA,4.8828125e-04
93,A~HKEHHA,4.8828125e-04
94,A~HHHKHA,4.8828125e-04
95,A~HFHEIA,4.8828125e-04
96,A~HMHEIA,4.8828125e-04
97,A~HHGGHA,4.8828125e-04
98,A~QGGHLA,4.8828125e-04
99,A~IIJKHA,4.8828125e-04
100,A~KHEGHA,4.8828125e-04
101,A~GHILIA,4.8828125e-04
102,A~GHGEHA,4.8828125e-04
103,A~KAHKHA,4.8828125e-04
104,A~PFHKEA,4.8828125e-04
105,A~PHHHHA,4.8828125e-04
106,A~SHLJHA,4.8828125e-04
107,A~KGKHHA,4.8828125e-04
108,A~HHHGGA,4.8828125e-04
109,A~KEGLKA,4.8828125e-04
110,A~SNHIIA,4.8828125e-04
111,A~HJLHDA,4.8828125e-04
112,A~JILHHA,4.8828125e-04
113,C~HKKHIA,4.8828125e-04
114,C~HHIIGA,4.8828125e-04
115,C~KKHEGA,4.8828125e-04
116,C~IFJEKA,4.8828125e-04
117,C~IHIHKA,4.8828125e-04
118,C~PIDHHA,4.8828125e-04
119,C~GHHIHA,4.8828125e-04
120,C~PKHGKA,4.8828125e-04
121,E~IKEKHA,4.8828125e-04
122,E~HLKHKA,4.8828125e-04
123,E~HKHFGA,4.8828125e-04
124,E~SGHHLA,4.8828125e-04
125,E~EKJHGA,4.8828125e-04
126,E~IFEHGA,4.8828125e-04
127,E~QIHHEA,4.8828125e-04
128,E~GIHNJA,4.8828125e-04
129,E~IHEKHA,4.8828125e-04
130,E~IHKIHA,4.8828125e-04
131,E~HLEHIA,4.8828125e-04
132,E~LIKNIA,4.8828125e-04
133,E~MGLBHA,4.8828125e-04
134,E~JJKHKA,4.8828125e-04
135,E~QEGHGA,4.8828125e-04
136,E~HFIGHA,4.8828125e-04
137,E~LHHJHA,4.8828125e-04
138,E~IHBKLA,4.8828125e-04
139,E~BHKJGA,4.8828125e-04
140,E~QGHGFA,4.8828125e-04
141,E~KJEKFA,4.8828125e-04
142,E~HFEIEA,4.8828125e-04
143,E~DIHKHA,4.8828125e-04
144,E~LIHIGA,4.8828125e-04
145,E~QEHGEA,4.8828125e-04
146,E~HKHKIA,4.8828125e-04
147,E~EKHEFA,4.8828125e-04
148,E~LJHLHA,4.8828125e-04
149,E~HGKHEA,4.8828125e-04
150,E~IKEEHA,4.8828125e-04
151,E~HGIKKA,4.8828125e-04
152,E~QFEELA,4.8828125e-04
153,E~SKEHHA,4.8828125e-04
154,E~HIGHEA,4.8828125e-04
155,E~DHIKIA,4.8828125e-04
156,E~KEGHHA,4.8828125e-04
157,E~QHGFHA,4.8828125e-04
158,E~GFHHHA,4.8828125e-04
159,E~SKHHLA,4.8828125e-04
160,E~HEIHGA,4.8828125e-04
161,E~LHHGHA,4.8828125e-04
162,E~KGIGHA,4.8828125e-04
163,E~GEHEKA,4.8828125e-04
164,E~LHLEEA,4.8828125e-04
165,E~HHHEDA,4.8828125e-04
166,E~HGHEHA,4.8828125e-04
167,E~HGNEKA,4.8828125e-04
168,E~HJHGHA,4.8828125e-04
169,E~HEGHHA,4.8828125e-04
170,E~KJDEHA,4.8828125e-04
171,E~EGKKEA,4.8828125e-04
172,E~IHEGHA,4.8828125e-04
173,E~HIIJHA,4.8828125e-04
174,E~BDKLGA,4.8828125e-04
175,E~QHHHLA,4.8828125e-04
176,E~HGKKHA,4.8828125e-04
177,E~SIKIHA,4.8828125e-04
178,E~HIKHCA,4.8828125e-04
179,E~EKGGLA,4.8828125e-04
180,E~DHHHGA,4.8828125e-04
181,E~KHLHKA,4.8828125e-04
182,E~HHHHJA,4.8828125e-04
183,E~HKHHEA,4.8828125e-04
184,E~GKLKGA,4.8828125e-04
185,E~EHHJHA,4.8828125e-04
186,E~EJKLBA,4.8828125e-04
187,E~JGEEIA,4.8828125e-04
188,E~KGGBHA,4.8828125e-04
189,E~KHHHEA,4.8828125e-04
190,E~PEKHKA,4.8828125e-04
191,E~HHKHEA,4.8828125e-04
192,E~PHJIIA,4.8828125e-04
193,E~HHHHKA,4.8828125e-04
194,E~JKEHIA,4.8828125e-04
195,E~BHLHHA,4.8828125e-04
196,E~EHHKHA,4.8828125e-04
197,E~QIHBHA,4.8828125e-04
198,E~SIIHKA,4.8828125e-04
199,E~LHIHHA,4.8828125e-04
200,E~KEJFIA,4.8828125e-04
201,E~QHEGKA,4.8828125e-04
202,E~FJGHIA,4.8828125e-04
203,E~EFKHFA,4.8828125e-04
204,E~GBHHGA,4.8828125e-04
205,E~PGIBKA,4.8828125e-04
206,E~JKHKIA,4.8828125e-04
207,E~GHIHHA,4.8828125e-04
208,E~ELHHNA,4.8828125e-04
209,E~GEHEDA,4.8828125e-04
210,E~PHHEEA,4.8828125e-04
211,E~KHIFDA,4.8828125e-04
212,E~NDHGLA,4.8828125e-04
213,E~QEHGHA,4.8828125e-04
214,E~SLKHGA,4.8828125e-04
215,E~HHKHHA,4.8828125e-04
216,E~EHIEHA,4.8828125e-04
217,E~QLIEHA,4.8828125e-04
218,E~HHEHGA,4.8828125e-04
219,E~HHELFA,4.8828125e-04
220,E~PKHHGA,4.8828125e-04
221,E~EHKHIA,4.8828125e-04
222,E~KHHHHA,4.8828125e-04
223,E~QHKIKA,4.8828125e-04
224,E~HHIHKA,4.8828125e-04
225,E~EBHHEA,4.8828125e-04
226,E~HHGIEA,4.8828125e-04
227,E~HGIHLA,4.8828125e-04
228,E~HEHKKA,4.8828125e-04
229,E~IHHEIA,4.8828125e-04
230,E~IHEKKA,4.8828125e-04
231,E~FHIHFA,4.8828125e-04
232,E~GKDDEA,4.8828125e-04
233,E~IGJHIA,4.8828125e-04
234,E~HFKHHA,4.8828125e-04
235,E~HKEHHA,4.8828125e-04
236,E~DEIFHA,4.8828125e-04
237,E~QHEHKA,4.8828125e-04
238,E~RGHHEA,4.8828125e-04
239,E~EHHGHA,4.8828125e-04
240,E~DIEKLA,4.8828125e-04
241,E~HELDHA,4.8828125e-04
242,E~GJIEHA,4.8828125e-04
243,E~GEHHHA,4.8828125e-04
244,E~ELFFCA,4.8828125e-04
245,E~LIFHKA,4.8828125e-04
246,E~QLLKEA,4.8828125e-04
247,E~HDHKHA,4.8828125e-04
248,E~DHKHJA,4.8828125e-04
249,E~HGEHKA,4.8828125e-04
250,E~HHKDHA,4.8828125e-04
251,E~KHGIEA,4.8828125e-04
252,E~HFFEEA,4.8828125e-04
253,E~RKHEHA,4.8828125e-04
254,E~RHJHHA,4.8828125e-04
255,E~QEKEIA,4.8828125e-04
256,E~SGEHHA,4.8828125e-04
257,E~GHKHEA,4.8828125e-04
258,E~DKHKLA,4.8828125e-04
259,E~KHKHGA,4.8828125e-04
260,E~RHIIEA,4.8828125e-04
261,E~JKIDHA,4.8828125e-04
262,E~HKIHIA,4.8828125e-04
263,E~QIGHHA,4.8828125e-04
264,E~HLKHHA,4.8828125e-04
265,E~EDEGHA,4.8828125e-04
266,E~QDHEHA,4.8828125e-04
267,E~LGHEEA,4.8828125e-04
268,E~BGHIEA,4.8828125e-04
269,E~EGIEHA,4.8828125e-04
270,E~GHDKHA,4.8828125e-04
271,E~EEHFHA,4.8828125e-04
272,E~EHFHHA,4.8828125e-04
273,E~IKIIKA,4.8828125e-04
274,E~QHKKHA,4.8828125e-04
275,E~SLHHDA,4.8828125e-04
276,E~DHGGKA,4.8828125e-04
277,E~KDFHDA,4.8828125e-04
278,E~SKLHHA,4.8828125e-04
279,E~SHKHHA,4.8828125e-04
280,D~HHEHLA,4.8828125e-04
281,D~HHKHKA,4.8828125e-04
282,D~ILHKLA,4.8828125e-04
283,D~EEFHEA,4.8828125e-04
284,D~SHHJHA,4.8828125e-04
285,D~IHGHEA,4.8828125e-04
286,D~HIHGEA,4.8828125e-04
287,D~SHEFHA,4.8828125e-04
288,D~RHHHHA,4.8828125e-04
289,D~QEHKEA,4.8828125e-04
290,D~JLEEHA,4.8828125e-04
291,D~HHHEIA,4.8828125e-04
292,D~KEHHIA,4.8828125e-04
293,D~HFEHIA,4.8828125e-04
294,D~HGGHHA,4.8828125e-04
295,D~GHKHLA,4.8828125e-04
296,D~HEGHHA,4.8828125e-04
297,D~EKDEHA,4.8828125e-04
298,D~HLNFEA,4.8828125e-04
299,D~SKGGJA,4.8828125e-04
300,D~EDEIKA,4.8828125e-04
301,D~ILHHIA,4.8828125e-04
302,D~PLKKHA,4.8828125e-04
303,D~GILHHA,4.8828125e-04
304,D~KLHGJA,4.8828125e-04
305,D~HHEHKA,4.8828125e-04
306,D~GJIGEA,4.8828125e-04
307,D~HEKGKA,4.8828125e-04
308,D~FKKKEA,4.8828125e-04
309,D~HHHHKA,4.8828125e-04
310,D~HKKEKA,4.8828125e-04
311,D~HHEJHA,4.8828125e-04
312,D~KHJEGA,4.8828125e-04
313,D~EHHHHA,4.8828125e-04
314,D~KJEEKA,4.8828125e-04
315,D~QEIKIA,4.8828125e-04
316,D~HIKKFA,4.8828125e-04
317,D~QHEKHA,4.8828125e-04
318,D~HGJFIA,4.8828125e-04
319,D~EFHECA,4.8828125e-04
320,D~HKNHDA,4.8828125e-04
321,D~HFEKJA,4.8828125e-04
322,D~HHGLGA,4.8828125e-04
323,D~FEDLHA,4.8828125e-04
324,D~EIHEIA,4.8828125e-04
325,D~EIHLHA,4.8828125e-04
326,D~HHHDHA,4.8828125e-04
327,D~HEHEKA,4.8828125e-04
328,D~BHHGHA,4.8828125e-04
329,D~EHHHHA,4.8828125e-04
330,D~EHHHHA,4.8828125e-04
331,D~GEAHEA,4.8828125e-04
332,D~HKHIIA,4.8828125e-04
333,D~HHEHFA,4.8828125e-04
334,D~PFKHHA,4.8828125e-04
335,D~KEKGKA,4.8828125e-04
336,D~EGJEHA,4.8828125e-04
337,D~HGHKEA,4.8828125e-04
338,D~KIDKKA,4.8828125e-04
339,D~KHHHHA,4.8828125e-04
340,D~HHKIKA,4.8828125e-04
341,D~GEHKHA,4.8828125e-04
342,D~SIGHHA,4.8828125e-04
343,D~KEKHEA,4.8828125e-04
344,D~SHEHHA,4.8828125e-04
345,D~EHKIKA,4.8828125e-04
346,D~FIHEIA,4.8828125e-04
347,D~HGIGKA,4.8828125e-04
348,D~GHHHHA,4.8828125e-04
349,D~HLHHKA,4.8828125e-04
350,D~IGHEJA,4.8828125e-04
351,D~DJFHHA,4.8828125e-04
352,D~EEFEJA,4.8828125e-04
353,D~PKHKHA,4.8828125e-04
354,D~KKGMEA,4.8828125e-04
355,D~PJEGIA,4.8828125e-04
356,D~GFDFIA,4.8828125e-04
357,D~EELKEA,4.8828125e-04
358,D~IHEIHA,4.8828125e-04
359,D~HDFGGA,4.8828125e-04
360,D~LHHGHA,4.8828125e-04
361,D~JEEHHA,4.8828125e-04
362,D~QHHFHA,4.8828125e-04
363,D~IGEHFA,4.8828125e-04
364,D~RHKHEA,4.8828125e-04
365,D~QGIHDA,4.8828125e-04
366,D~KHIKIA,4.8828125e-04
367,D~DIEEEA,4.8828125e-04
368,D~IHEJLA,4.8828125e-04
369,D~SHHEGA,4.8828125e-04
370,D~HEIHGA,4.8828125e-04
371,D~HHHHHA,4.8828125e-04
372,D~QEHHEA,4.8828125e-04
373,D~HGHFKA,4.8828125e-04
374,D~SJDHHA,4.8828125e-04
375,D~IIKKEA,4.8828125e-04
376,D~HHBGIA,4.8828125e-04
377,D~FIEHHA,4.8828125e-04
378,D~EGKEKA,4.8828125e-04
379,D~HIDJHA,4.8828125e-04
380,D~RKHEHA,4.8828125e-04
381,D~KHHHGA,4.8828125e-04
382,D~IHEFHA,4.8828125e-04
383,D~HEFKHA,4.8828125e-04
384,D~DEGHHA,4.8828125e-04
385,D~OGJEEA,4.8828125e-04
386,D~EKKLHA,4.8828125e-04
387,D~EIHHIA,4.8828125e-04
388,D~KHEDHA,4.8828125e-04
389,D~SKIHKA,4.8828125e-04
390,D~HDGLEA,4.8828125e-04
391,D~LHEHHA,4.8828125e-04
392,D~EKFHHA,4.8828125e-04
393,D~HKKHEA,4.8828125e-04
394,D~FHIEHA,4.8828125e-04
395,D~SFHHEA,4.8828125e-04
396,D~SIDIGA,4.8828125e-04
397,D~HCDHHA,4.8828125e-04
398,D~HCKIIA,4.8828125e-04
399,D~HIEKHA,4.8828125e-04
400,D~KEKKKA,4.8828125e-04
401,D~PIEHLA,4.8828125e-04
402,D~KEDJKA,4.8828125e-04
403,D~IEHGHA,4.8828125e-04
404,D~EKDEEA,4.8828125e-04
405,D~GHEEIA,4.8828125e-04
406,D~EFIJHA,4.8828125e-04
407,D~JHKELA,4.8828125e-04
408,D~NEEELA,4.8828125e-04
409,D~SIEHEA,4.8828125e-04
410,D~DKHIKA,4.8828125e-04
411,D~PHKHEA,4.8828125e-04
412,D~KDHEHA,4.8828125e-04
413,D~QFKHKA,4.8828125e-04
414,D~EHHGHA,4.8828125e-04
415,D~GLGJHA,4.8828125e-04
416,D~GDHHGA,4.8828125e-04
417,D~KKEBKA,4.8828125e-04
418,D~HDEKHA,4.8828125e-04
419,D~IGEJGA,4.8828125e-04
420,D~GLHNDA,4.8828125e-04
421,D~HFHHEA,4.8828125e-04
422,D~DEHHLA,4.8828125e-04
423,D~LHEKKA,4.8828125e-04
424,D~PFKHHA,4.8828125e-04
425,D~NHBEFA,4.8828125e-04
426,D~EKGLHA,4.8828125e-04
427,D~EKIHJA,4.8828125e-04
428,D~FGEKKA,4.8828125e-04
429,D~GHEEKA,4.8828125e-04
430,D~GHFIKA,4.8828125e-04
431,D~GHHIHA,4.8828125e-04
432,D~IGHHFA,4.8828125e-04
433,D~PFHHDA,4.8828125e-04
434,D~SKHEJA,4.8828125e-04
435,D~HJDHHA,4.8828125e-04
436,D~LHEIEA,4.8828125e-04
437,D~QHFGEA,4.8828125e-04
438,D~HHEKEA,4.8828125e-04
439,D~HKFHEA,4.8828125e-04
440,D~HFHIEA,4.8828125e-04
441,D~HHHKIA,4.8828125e-04
442,D~QFEIHA,4.8828125e-04
443,D~HEKKFA,4.8828125e-04
444,D~IHKKKA,4.8828125e-04
445,D~GKEHEA,4.8828125e-04
446,D~PIKKDA,4.8828125e-04
447,D~DHGGIA,4.8828125e-04
448,D~PHHKIA,4.8828125e-04
449,D~HGEHHA,4.8828125e-04
450,D~HHEHGA,4.8828125e-04
451,D~LGHLHA,4.8828125e-04
452,D~HKEKHA,4.8828125e-04
453,D~FFHKEA,4.8828125e-04
454,D~BEKHGA,4.8828125e-04
455,D~QGIKHA,4.8828125e-04
456,D~IHHFEA,4.8828125e-04
457,D~KHHHFA,4.8828125e-04
458,D~LJHHEA,4.8828125e-04
459,D~HEFEKA,4.8828125e-04
460,D~HEHKJA,4.8828125e-04
461,D~SKHIHA,4.8828125e-04
462,D~KGEHEA,4.8828125e-04
463,D~KDJHHA,4.8828125e-04
464,D~QLIFLA,4.8828125e-04
465,D~ENIEGA,4.8828125e-04
466,D~EDKHKA,4.8828125e-04
467,D~QDHFEA,4.8828125e-04
468,D~HHKDKA,4.8828125e-04
469,D~HEKEIA,4.8828125e-04
470,D~SKGKHA,4.8828125e-04
471,D~HKEFHA,4.8828125e-04
472,D~PHHHHA,4.8828125e-04
473,D~EJHEFA,4.8828125e-04
474,D~HEKLEA,4.8828125e-04
475,F~PIHHDA,4.8828125e-04
476,F~IIEHEA,4.8828125e-04
477,F~FEEHFA,4.8828125e-04
478,F~HBHEEA,4.8828125e-04
479,F~HKGHHA,4.8828125e-04
480,F~IHIKDA,4.8828125e-04
481,F~QFHKIA,4.8828125e-04
482,F~HIFHHA,4.8828125e-04
483,F~KHGHGA,4.8828125e-04
484,F~HDEHEA,4.8828125e-04
485,F~QDIJJA,4.8828125e-04
486,F~HHHLEA,4.8828125e-04
487,F~LKIEEA,4.8828125e-04
488,F~HCEHHA,4.8828125e-04
489,F~HHHGHA,4.8828125e-04
490,F~HHHIIA,4.8828125e-04
491,F~JGHGGA,4.8828125e-04
492,F~SGJKHA,4.8828125e-04
493,F~KIFLKA,4.8828125e-04
494,F~LIEDIA,4.8828125e-04
495,F~GABKDA,4.8828125e-04
496,F~HKJEHA,4.8828125e-04
497,F~KEHGHA,4.8828125e-04
498,F~HIHEGA,4.8828125e-04
499,F~LGKFKA,4.8828125e-04
500,F~HDHIHA,4.8828125e-04
501,F~EHHLHA,4.8828125e-04
502,F~HKHHKA,4.8828125e-04
503,F~KIHHHA,4.8828125e-04
504,F~GFHHEA,4.8828125e-04
505,F~QHGHEA,4.8828125e-04
506,F~EEHJHA,4.8828125e-04
507,F~IGGKEA,4.8828125e-04
508,F~HIHGGA,4.8828125e-04
509,F~SHKKKA,4.8828125e-04
510,F~HHEHHA,4.8828125e-04
511,F~KHHEHA,4.8828125e-04
512,F~PHEHIA,4.8828125e-04
513,F~HEEEGA,4.8828125e-04
514,F~HIHEHA,4.8828125e-04
515,H~HJKGEA,4.8828125e-04
516,H~HGEGJA,4.8828125e-04
517,H~SKIGBA,4.8828125e-04
518,H~HDKHKA,4.8828125e-04
519,H~HHKIGA,4.8828125e-04
520,H~PFFIFA,4.8828125e-04
521,H~HEKGKA,4.8828125e-04
522,H~HKKDLA,4.8828125e-04
523,H~KKLGGA,4.8828125e-04
524,H~RHEEEA,4.8828125e-04
525,H~PKDHEA,4.8828125e-04
526,H~IHDKJA,4.8828125e-04
527,H~KDEKGA,4.8828125e-04
528,H~HLKGEA,4.8828125e-04
529,H~KKIHGA,4.8828125e-04
530,H~QIEJHA,4.8828125e-04
531,H~PJHHEA,4.8828125e-04
532,H~JBLHEA,4.8828125e-04
533,H~SEGEEA,4.8828125e-04
534,H~EIHIHA,4.8828125e-04
535,H~IHGGKA,4.8828125e-04
536,H~HHHJJA,4.8828125e-04
537,H~IHHHKA,4.8828125e-04
538,H~KEIGHA,4.8828125e-04
539,H~EIGKIA,4.8828125e-04
540,H~IHHEKA,4.8828125e-04
541,H~HHHDLA,4.8828125e-04
542,H~IKEIFA,4.8828125e-04
543,H~HKHIJA,4.8828125e-04
544,H~LHHCHA,4.8828125e-04
545,H~EHHEKA,4.8828125e-04
546,H~EHFHEA,4.8828125e-04
547,H~EHKHFA,4.8828125e-04
548,H~HEHHIA,4.8828125e-04
549,H~JJJKHA,4.8828125e-04
550,H~HKIHHA,4.8828125e-04
551,H~EJHHEA,4.8828125e-04
552,H~HGGLGA,4.8828125e-04
553,H~OHHHHA,4.8828125e-04
554,H~RHIIIA,4.8828125e-04
555,H~KGLDEA,4.8828125e-04
556,H~FGEHHA,4.8828125e-04
557,H~KKGHHA,4.8828125e-04
558,H~HHIKHA,4.8828125e-04
559,H~IHHHEA,4.8828125e-04
560,H~KKDJKA,4.8828125e-04
561,H~KHEHEA,4.8828125e-04
562,G~SHFFHA,4.8828125e-04
563,G~SHHFDA,4.8828125e-04
564,G~KKHHEA,4.8828125e-04
565,G~EEHHIA,4.8828125e-04
566,G~KEGHEA,4.8828125e-04
567,G~IHDKKA,4.8828125e-04
568,G~HHIJIA,4.8828125e-04
569,G~KEKEKA,4.8828125e-04
570,G~EGHKLA,4.8828125e-04
571,G~IJHKKA,4.8828125e-04
572,G~PGEHGA,4.8828125e-04
573,G~EFIHHA,4.8828125e-04
574,G~KDKGGA,4.8828125e-04
575,G~IKHFKA,4.8828125e-04
576,G~IKIEHA,4.8828125e-04
577,G~HHDEFA,4.8828125e-04
578,G~EHHEFA,4.8828125e-04
579,G~EGHIGA,4.8828125e-04
580,G~RIGIIA,4.8828125e-04
581,G~IFKHKA,4.8828125e-04
582,G~KIHJHA,4.8828125e-04
583,G~PIFEEA,4.8828125e-04
584,G~HHHKHA,4.8828125e-04
585,G~IHCHHA,4.8828125e-04
586,G~SHJLHA,4.8828125e-04
587,G~LGHKHA,4.8828125e-04
588,G~BKHDIA,4.8828125e-04
589,G~HHKGJA,4.8828125e-04
590,G~HKKHJA,4.8828125e-04
591,G~SGHHHA,4.8828125e-04
592,G~QJHKIA,4.8828125e-04
593,G~HFGFIA,4.8828125e-04
594,G~LIKKBA,4.8828125e-04
595,G~IHHHFA,4.8828125e-04
596,G~QJIHIA,4.8828125e-04
597,G~EJHLHA,4.8828125e-04
598,G~GEIHHA,4.8828125e-04
599,G~KDEGHA,4.8828125e-04
600,G~GJEKDA,4.8828125e-04
601,G~SEEHKA,4.8828125e-04
602,G~FHHFKA,4.8828125e-04
603,G~HLHGGA,4.8828125e-04
604,G~PIFHHA,4.8828125e-04
605,G~HIIEEA,4.8828125e-04
606,G~KFGIKA,4.8828125e-04
607,G~QGGHGA,4.8828125e-04
608,G~EBKKKA,4.8828125e-04
609,G~HJHHDA,4.8828125e-04
610,G~HIIKHA,4.8828125e-04
611,G~HKHKIA,4.8828125e-04
612,G~EHKEHA,4.8828125e-04
613,G~JEIGHA,4.8828125e-04
614,G~KIIKGA,4.8828125e-04
615,G~EHGHJA,4.8828125e-04
616,G~KHEGKA,4.8828125e-04
617,G~IEKHHA,4.8828125e-04
618,G~EBIHEA,4.8828125e-04
619,G~PKDKHA,4.8828125e-04
620,I~QGGHHA,4.8828125e-04
621,I~KGKIDA,4.8828125e-04
622,I~GGHKHA,4.8828125e-04
623,I~HEEHLA,4.8828125e-04
624,I~GHHKKA,4.8828125e-04
625,I~EGGKHA,4.8828125e-04
626,I~HHHFHA,4.8828125e-04
627,I~HFIIEA,4.8828125e-04
628,I~KKGHCA,4.8828125e-04
629,I~QHHHGA,4.8828125e-04
630,I~RHGHDA,4.8828125e-04
631,I~QEOKEA,4.8828125e-04
632,I~HOFGHA,4.8828125e-04
633,I~KHJEFA,4.8828125e-04
634,I~HIKEHA,4.8828125e-04
635,K~IHLHHA,4.8828125e-04
636,K~EHHGFA,4.8828125e-04
637,K~EHHHKA,4.8828125e-04
638,K~LKHHEA,4.8828125e-04
639,K~JHHGEA,4.8828125e-04
640,K~RJHHHA,4.8828125e-04
641,K~KGJKIA,4.8828125e-04
642,K~HKKEBA,4.8828125e-04
643,K~HKGGJA,4.8828125e-04
644,K~EJGKEA,4.8828125e-04
645,K~HDHLEA,4.8828125e-04
646,K~QHEHHA,4.8828125e-04
647,K~HLIHHA,4.8828125e-04
648,K~KJHFDA,4.8828125e-04
649,K~HHIDHA,4.8828125e-04
650,K~FHGHHA,4.8828125e-04
651,K~HHHJHA,4.8828125e-04
652,K~SHIKDA,4.8828125e-04
653,K~SEFHKA,4.8828125e-04
654,K~QHKAGA,4.8828125e-04
655,K~QHHDHA,4.8828125e-04
656,K~QFKHGA,4.8828125e-04
657,K~HHJHHA,4.8828125e-04
658,K~HEEGDA,4.8828125e-04
659,K~HKKHHA,4.8828125e-04
660,K~GKIHIA,4.8828125e-04
661,K~KFFFHA,4.8828125e-04
662,K~KHJHIA,4.8828125e-04
663,K~SEDDHA,4.8828125e-04
664,K~GEEHKA,4.8828125e-04
665,K~SIHKMA,4.8828125e-04
666,K~DHHKHA,4.8828125e-04
667,K~HHEHGA,4.8828125e-04
668,K~QEHKHA,4.8828125e-04
669,K~HKHHEA,4.8828125e-04
670,K~EIHHGA,4.8828125e-04
671,K~PHJDGA,4.8828125e-04
672,K~RILHHA,4.8828125e-04
673,K~HHEHLA,4.8828125e-04
674,K~HKHHBA,4.8828125e-04
675,K~DGEIEA,4.8828125e-04
676,K~EHHKHA,4.8828125e-04
677,K~HHHIIA,4.8828125e-04
678,K~HFKEHA,4.8828125e-04
679,K~IFEGHA,4.8828125e-04
680,K~GDJDEA,4.8828125e-04
681,K~EEBKDA,4.8828125e-04
682,K~SHEELA,4.8828125e-04
683,K~PHKGHA,4.8828125e-04
684,K~KHHFKA,4.8828125e-04
685,K~IHHKEA,4.8828125e-04
686,K~HGEEIA,4.8828125e-04
687,K~HHGDEA,4.8828125e-04
688,K~KKIHHA,4.8828125e-04
689,K~HKBKHA,4.8828125e-04
690,K~HKLIIA,4.8828125e-04
691,K~LEHEIA,4.8828125e-04
692,K~IKGHFA,4.8828125e-04
693,K~CKHCHA,4.8828125e-04
694,K~HHHKGA,4.8828125e-04
695,K~LIKHDA,4.8828125e-04
696,K~QGEHKA,4.8828125e-04
697,K~KBKHHA,4.8828125e-04
698,K~LFHGIA,4.8828125e-04
699,K~KJDHLA,4.8828125e-04
700,K~GIEDHA,4.8828125e-04
701,K~KKKHDA,4.8828125e-04
702,K~IFHKBA,4.8828125e-04
703,K~GJHHDA,4.8828125e-04
704,K~HDKHEA,4.8828125e-04
705,K~RKIDEA,4.8828125e-04
706,K~GHKKNA,4.8828125e-04
707,K~LHHEEA,4.8828125e-04
708,K~KJHGKA,4.8828125e-04
709,K~LHGHDA,4.8828125e-04
710,K~EHKHGA,4.8828125e-04
711,K~EHEGGA,4.8828125e-04
712,K~HBHKHA,4.8828125e-04
713,K~KDHDKA,4.8828125e-04
714,K~KHEHHA,4.8828125e-04
715,K~IGEEDA,4.8828125e-04
716,K~QEKEKA,4.8828125e-04
717,K~HIJKHA,4.8828125e-04
718,K~SEHDEA,4.8828125e-04
719,K~IKHHGA,4.8828125e-04
720,K~KIHFHA,4.8828125e-04
721,K~LFIHHA,4.8828125e-04
722,K~HMEGLA,4.8828125e-04
723,K~IHEFFA,4.8828125e-04
724,K~KIHHHA,4.8828125e-04
725,K~QKDIKA,4.8828125e-04
726,K~QHHHHA,4.8828125e-04
727,K~QFGJHA,4.8828125e-04
728,K~QFEGHA,4.8828125e-04
729,K~SHHHHA,4.8828125e-04
730,K~QKLHHA,4.8828125e-04
731,K~QIDLIA,4.8828125e-04
732,K~IDEKEA,4.8828125e-04
733,K~IGGDEA,4.8828125e-04
734,K~SJHHHA,4.8828125e-04
735,K~EGGKHA,4.8828125e-04
736,K~EHFGAA,4.8828125e-04
737,K~KDDJLA,4.8828125e-04
738,K~GGEEKA,4.8828125e-04
739,K~HKHEHA,4.8828125e-04
740,K~SHIHHA,4.8828125e-04
741,K~HDHHIA,4.8828125e-04
742,K~HHLKHA,4.8828125e-04
743,K~KEHHIA,4.8828125e-04
744,K~EHHHDA,4.8828125e-04
745,K~IHKGGA,4.8828125e-04
746,K~RHDIIA,4.8828125e-04
747,K~QFIKEA,4.8828125e-04
748,K~JDHGNA,4.8828125e-04
749,K~HKFHKA,4.8828125e-04
750,K~JHJHHA,4.8828125e-04
751,K~KHHEEA,4.8828125e-04
752,K~EDHKHA,4.8828125e-04
753,K~EHGDKA,4.8828125e-04
754,K~EKKHEA,4.8828125e-04
755,K~GFBKGA,4.8828125e-04
756,K~GFEJKA,4.8828125e-04
757,K~FEFHKA,4.8828125e-04
758,K~IHEHEA,4.8828125e-04
759,K~GKKKHA,4.8828125e-04
760,K~JKKHHA,4.8828125e-04
761,K~LHIHNA,4.8828125e-04
762,K~HKGGEA,4.8828125e-04
763,K~HKHEKA,4.8828125e-04
764,K~EGHHKA,4.8828125e-04
765,K~KEEKHA,4.8828125e-04
766,K~IDHDJA,4.8828125e-04
767,K~SJEFDA,4.8828125e-04
768,K~JIEHGA,4.8828125e-04
769,K~HGHIEA,4.8828125e-04
770,K~HEGEHA,4.8828125e-04
771,K~FHEJKA,4.8828125e-04
772,K~DHHKHA,4.8828125e-04
773,K~DOKKGA,4.8828125e-04
774,K~JEHEIA,4.8828125e-04
775,K~HHHEHA,4.8828125e-04
776,K~RKHHKA,4.8828125e-04
777,K~IMHDEA,4.8828125e-04
778,K~HLGJGA,4.8828125e-04
779,K~IEKHGA,4.8828125e-04
780,K~HHHHDA,4.8828125e-04
781,K~QKHCEA,4.8828125e-04
782,K~HIKHHA,4.8828125e-04
783,K~EKHHKA,4.8828125e-04
784,K~HHHJHA,4.8828125e-04
785,K~KEHHIA,4.8828125e-04
786,K~QKHKKA,4.8828125e-04
787,K~KHFIEA,4.8828125e-04
788,K~GGFEEA,4.8828125e-04
789,K~KHHAFA,4.8828125e-04
790,K~HHHKHA,4.8828125e-04
791,K~HEGEKA,4.8828125e-04
792,K~EDEKNA,4.8828125e-04
793,K~IGHKGA,4.8828125e-04
794,K~HEIFKA,4.8828125e-04
795,K~LHGGDA,4.8828125e-04
796,K~NHFHHA,4.8828125e-04
797,K~IEDFHA,4.8828125e-04
798,K~GHKHEA,4.8828125e-04
799,K~KGEJHA,4.8828125e-04
800,K~PIHHFA,4.8828125e-04
801,K~QFGIIA,4.8828125e-04
802,K~KEHHEA,4.8828125e-04
803,K~HGHEHA,4.8828125e-04
804,K~IGJHHA,4.8828125e-04
805,K~HEGKIA,4.8828125e-04
806,K~HKEGEA,4.8828125e-04
807,K~HHHGNA,4.8828125e-04
808,K~IGJKGA,4.8828125e-04
809,K~EHHEHA,4.8828125e-04
810,K~SLHHJA,4.8828125e-04
811,K~HHLJEA,4.8828125e-04
812,K~EHHLGA,4.8828125e-04
813,K~KEHHHA,4.8828125e-04
814,K~QKEGHA,4.8828125e-04
815,K~GDHKHA,4.8828125e-04
816,J~GCKJFA,4.8828125e-04
817,J~HIGEKA,4.8828125e-04
818,J~IGHIHA,4.8828125e-04
819,J~IIGEHA,4.8828125e-04
820,J~GGFHGA,4.8828125e-04
821,J~JKHEHA,4.8828125e-04
822,J~JHEFHA,4.8828125e-04
823,J~PIEHHA,4.8828125e-04
824,J~SHEKEA,4.8828125e-04
825,J~KJHIKA,4.8828125e-04
826,J~EIDEHA,4.8828125e-04
827,J~HHKKEA,4.8828125e-04
828,J~EJHHHA,4.8828125e-04
829,J~SHHHHA,4.8828125e-04
830,J~EKHKKA,4.8828125e-04
831,J~EIHDHA,4.8828125e-04
832,J~KKHHEA,4.8828125e-04
833,J~KEHHGA,4.8828125e-04
834,J~QIHDKA,4.8828125e-04
835,J~EFGHKA,4.8828125e-04
836,J~HLEJGA,4.8828125e-04
837,J~FJEEHA,4.8828125e-04
838,J~KEILKA,4.8828125e-04
839,J~KEGEEA,4.8828125e-04
840,J~EHEDHA,4.8828125e-04
841,J~KLHHFA,4.8828125e-04
842,J~KDEFEA,4.8828125e-04
843,J~IGHKHA,4.8828125e-04
844,J~EHHEKA,4.8828125e-04
845,J~LHHKDA,4.8828125e-04
846,J~HHIKIA,4.8828125e-04
847,J~KHHKHA,4.8828125e-04
848,J~EHKLHA,4.8828125e-04
849,J~QHIHKA,4.8828125e-04
850,J~EHGKHA,4.8828125e-04
851,J~QEFFEA,4.8828125e-04
852,J~IHHHGA,4.8828125e-04
853,J~PILHHA,4.8828125e-04
854,J~LHFHKA,4.8828125e-04
855,J~QLFHHA,4.8828125e-04
856,J~KLHLEA,4.8828125e-04
857,J~SFEEIA,4.8828125e-04
858,J~HHHIIA,4.8828125e-04
859,J~EJIIIA,4.8828125e-04
860,J~GHHHKA,4.8828125e-04
861,J~HHHEHA,4.8828125e-04
862,J~EKIEHA,4.8828125e-04
863,J~KHHKIA,4.8828125e-04
864,J~PHLHKA,4.8828125e-04
865,J~FEHBKA,4.8828125e-04
866,J~HIKKHA,4.8828125e-04
867,J~HEHKEA,4.8828125e-04
868,J~HKHHJA,4.8828125e-04
869,J~GJLIHA,4.8828125e-04
870,J~LIKHFA,4.8828125e-04
871,J~SHHEGA,4.8828125e-04
872,J~LKKKKA,4.8828125e-04
873,J~HEHKHA,4.8828125e-04
874,J~QGDHKA,4.8828125e-04
875,J~GHELGA,4.8828125e-04
876,J~EGHEIA,4.8828125e-04
877,J~SKKKIA,4.8828125e-04
878,J~QKHKIA,4.8828125e-04
879,J~KKJKHA,4.8828125e-04
880,J~HHIGEA,4.8828125e-04
881,J~HIHHHA,4.8828125e-04
882,J~HFEHLA,4.8828125e-04
883,J~HKNHIA,4.8828125e-04
884,J~HHHLFA,4.8828125e-04
885,J~DEIBKA,4.8828125e-04
886,J~IGNEKA,4.8828125e-04
887,J~KHEIHA,4.8828125e-04
888,J~HLHHEA,4.8828125e-04
889,J~IHEHHA,4.8828125e-04
890,J~HGHKHA,4.8828125e-04
891,J~KGHHDA,4.8828125e-04
892,J~KHHHEA,4.8828125e-04
893,J~LLEIEA,4.8828125e-04
894,J~LHEEIA,4.8828125e-04
895,J~HEIEKA,4.8828125e-04
896,J~PGHFEA,4.8828125e-04
897,J~SFEHHA,4.8828125e-04
898,J~RHLKEA,4.8828125e-04
899,J~EHHHHA,4.8828125e-04
900,J~LHFIHA,4.8828125e-04
901,J~PEHGHA,4.8828125e-04
902,J~SHKEIA,4.8828125e-04
903,J~LJGHLA,4.8828125e-04
904,J~HEKGLA,4.8828125e-04
905,J~LLHGKA,4.8828125e-04
906,J~FEHIHA,4.8828125e-04
907,J~RIJHHA,4.8828125e-04
908,J~HKHEGA,4.8828125e-04
909,J~KGKKEA,4.8828125e-04
910,J~ELKGEA,4.8828125e-04
911,J~GEIEIA,4.8828125e-04
912,J~GDHHHA,4.8828125e-04
913,J~EGHJHA,4.8828125e-04
914,J~HIGLFA,4.8828125e-04
915,J~SIEGHA,4.8828125e-04
916,J~QEHHKA,4.8828125e-04
917,J~HFEEEA,4.8828125e-04
918,J~ODHHIA,4.8828125e-04
919,J~QGOHEA,4.8828125e-04
920,J~HKHEHA,4.8828125e-04
921,J~KHKKJA,4.8828125e-04
922,J~KHHHKA,4.8828125e-04
923,J~HHHEHA,4.8828125e-04
924,J~HJHIKA,4.8828125e-04
925,J~HHHHKA,4.8828125e-04
926,J~KGDKNA,4.8828125e-04
927,J~KHEEEA,4.8828125e-04
928,J~EGEKGA,4.8828125e-04
929,J~IEHHHA,4.8828125e-04
930,J~EHEGHA,4.8828125e-04
931,J~QKHKEA,4.8828125e-04
932,J~GKHHGA,4.8828125e-04
933,J~KGHKHA,4.8828125e-04
934,J~EGHIKA,4.8828125e-04
935,J~KHFKHA,4.8828125e-04
936,J~HIKBHA,4.8828125e-04
937,J~HHGLDA,4.8828125e-04
938,J~SIEFLA,4.8828125e-04
939,J~QEHKKA,4.8828125e-04
940,J~EIGHFA,4.8828125e-04
941,J~EDHIKA,4.8828125e-04
942,J~LIEGKA,4.8828125e-04
943,J~EIHHKA,4.8828125e-04
944,J~JJIEHA,4.8828125e-04
945,J~KEHHFA,4.8828125e-04
946,J~FEHHJA,4.8828125e-04
947,L~KHGKFA,4.8828125e-04
948,L~BIHGEA,4.8828125e-04
949,L~BHHGHA,4.8828125e-04
950,L~GKHDEA,4.8828125e-04
951,L~HHIKIA,4.8828125e-04
952,L~GELILA,4.8828125e-04
953,L~HKHHEA,4.8828125e-04
954,L~KLKLEA,4.8828125e-04
955,L~HHEKHA,4.8828125e-04
956,L~HHEEEA,4.8828125e-04
957,L~HGHKHA,4.8828125e-04
958,L~SHHLHA,4.8828125e-04
959,L~GHJHKA,4.8828125e-04
960,L~EEKGHA,4.8828125e-04
961,L~LHEHGA,4.8828125e-04
962,L~ILKHHA,4.8828125e-04
963,L~KHIHHA,4.8828125e-04
964,L~GEEIIA,4.8828125e-04
965,L~HKKHHA,4.8828125e-04
966,L~KFKKGA,4.8828125e-04
967,L~EAGDLA,4.8828125e-04
968,L~HEHKEA,4.8828125e-04
969,L~IHDHHA,4.8828125e-04
970,L~GHEGHA,4.8828125e-04
971,L~GEKFHA,4.8828125e-04
972,L~RHIDHA,4.8828125e-04
973,L~KIHIHA,4.8828125e-04
974,L~SIKGHA,4.8828125e-04
975,L~BIHKEA,4.8828125e-04
976,L~HILNDA,4.8828125e-04
977,L~DHHHEA,4.8828125e-04
978,L~EHHHLA,4.8828125e-04
979,L~EHHFKA,4.8828125e-04
980,L~HEJJKA,4.8828125e-04
981,L~EHDKIA,4.8828125e-04
982,L~HBHKHA,4.8828125e-04
983,L~EEGEEA,4.8828125e-04
984,L~HKHJHA,4.8828125e-04
985,L~GHGKGA,4.8828125e-04
986,L~EMDEEA,4.8828125e-04
987,L~SHEKKA,4.8828125e-04
988,L~EHJKHA,4.8828125e-04
989,L~EHKEIA,4.8828125e-04
990,L~IMHEKA,4.8828125e-04
991,L~LFKHHA,4.8828125e-04
992,L~HDHLFA,4.8828125e-04
993,L~HHHKFA,4.8828125e-04
994,L~EEEADA,4.8828125e-04
995,L~HHHJHA,4.8828125e-04
996,L~QKEGIA,4.8828125e-04
997,L~HKLEGA,4.8828125e-04
998,L~JHGEMA,4.8828125e-04
999,L~IHHHLA,4.8828125e-04
1000,L~LGHKEA,4.8828125e-04
1001,L~HEKHEA,4.8828125e-04
1002,L~HHEHHA,4.8828125e-04
1003,L~HKJHEA,4.8828125e-04
1004,L~HKLHHA,4.8828125e-04
1005,L~FKJHEA,4.8828125e-04
1006,L~GGIHHA,4.8828125e-04
1007,L~HEHEIA,4.8828125e-04
1008,L~HGEGHA,4.8828125e-04
1009,L~KGJIKA,4.8828125e-04
1010,L~HKHHIA,4.8828125e-04
1011,L~HKENGA,4.8828125e-04
1012,L~HOKHHA,4.8828125e-04
1013,L~GKHGHA,4.8828125e-04
1014,L~HDKKGA,4.8828125e-04
1015,L~EAKIEA,4.8828125e-04
1016,L~DKHHIA,4.8828125e-04
1017,L~QLHLHA,4.8828125e-04
1018,L~HEHHHA,4.8828125e-04
1019,L~NHDHGA,4.8828125e-04
1020,L~HGLLHA,4.8828125e-04
1021,L~HHGNKA,4.8828125e-04
1022,L~QEGIFA,4.8828125e-04
1023,L~KLHEKA,4.8828125e-04
1024,L~SHHEKA,4.8828125e-04
1025,L~EHHKKA,4.8828125e-04
1026,L~KKDHJA,4.8828125e-04
1027,L~QHFKHA,4.8828125e-04
1028,L~KGHKIA,4.8828125e-04
1029,L~IKHHEA,4.8828125e-04
1030,L~EDJHFA,4.8828125e-04
1031,L~HGJIJA,4.8828125e-04
1032,L~FGHHLA,4.8828125e-04
1033,L~EKHJHA,4.8828125e-04
1034,L~HEHFHA,4.8828125e-04
1035,L~HGIHGA,4.8828125e-04
1036,L~HKFIHA,4.8828125e-04
1037,L~PIJHEA,4.8828125e-04
1038,L~QHHBHA,4.8828125e-04
1039,L~FEDKKA,4.8828125e-04
1040,L~HHJLKA,4.8828125e-04
1041,L~JEGIKA,4.8828125e-04
1042,L~IHHHHA,4.8828125e-04
1043,L~EHDHHA,4.8828125e-04
1044,L~HDELEA,4.8828125e-04
1045,L~HKHEDA,4.8828125e-04
1046,L~RELHEA,4.8828125e-04
1047,L~JIHHIA,4.8828125e-04
1048,L~EGEKDA,4.8828125e-04
1049,L~HHHEKA,4.8828125e-04
1050,L~HEFHLA,4.8828125e-04
1051,L~HKEEEA,4.8828125e-04
1052,L~GIHKKA,4.8828125e-04
1053,L~EHHGLA,4.8828125e-04
1054,L~LGEHEA,4.8828125e-04
1055,L~QDLFIA,4.8828125e-04
1056,L~EHEIIA,4.8828125e-04
1057,L~KIHHKA,4.8828125e-04
1058,L~GHKHHA,4.8828125e-04
1059,L~HKHHEA,4.8828125e-04
1060,L~DKGHHA,4.8828125e-04
1061,L~HJHIHA,4.8828125e-04
1062,L~HHEKIA,4.8828125e-04
1063,L~LHNHKA,4.8828125e-04
1064,L~HGEHIA,4.8828125e-04
1065,L~FIILIA,4.8828125e-04
1066,L~PEEKKA,4.8828125e-04
1067,Q~KHHDJA,4.8828125e-04
1068,Q~EHHIGA,4.8828125e-04
1069,Q~EDKHKA,4.8828125e-04
1070,Q~EHEHCA,4.8828125e-04
1071,Q~EHEKDA,4.8828125e-04
1072,Q~HHHHKA,4.8828125e-04
1073,Q~SGKKHA,4.8828125e-04
1074,Q~IHHKIA,4.8828125e-04
1075,Q~HKHHIA,4.8828125e-04
1076,Q~HJHGJA,4.8828125e-04
1077,Q~KEDFFA,4.8828125e-04
1078,Q~HHHEHA,4.8828125e-04
1079,Q~QKAHKA,4.8828125e-04
1080,Q~HDHHEA,4.8828125e-04
1081,Q~SHGLGA,4.8828125e-04
1082,Q~NKGHHA,4.8828125e-04
1083,Q~GGKKHA,4.8828125e-04
1084,Q~HJHHIA,4.8828125e-04
1085,Q~EHEJDA,4.8828125e-04
1086,Q~DHHGHA,4.8828125e-04
1087,Q~FHEHHA,4.8828125e-04
1088,Q~HIJIHA,4.8828125e-04
1089,Q~FDHEEA,4.8828125e-04
1090,Q~GHHGHA,4.8828125e-04
1091,Q~HLKHIA,4.8828125e-04
1092,Q~HEKHGA,4.8828125e-04
1093,Q~QHFFGA,4.8828125e-04
1094,Q~HHIHEA,4.8828125e-04
1095,Q~QIGHCA,4.8828125e-04
1096,Q~QHKHHA,4.8828125e-04
1097,Q~IGHKKA,4.8828125e-04
1098,Q~QIDIEA,4.8828125e-04
1099,Q~EHHHHA,4.8828125e-04
1100,Q~HEGKEA,4.8828125e-04
1101,Q~HJKHIA,4.8828125e-04
1102,Q~PEIJHA,4.8828125e-04
1103,Q~QNEHEA,4.8828125e-04
1104,Q~RHHHKA,4.8828125e-04
1105,Q~QHHKHA,4.8828125e-04
1106,Q~KEKHLA,4.8828125e-04
1107,Q~GGKAFA,4.8828125e-04
1108,Q~HLKHGA,4.8828125e-04
1109,Q~KGHFHA,4.8828125e-04
1110,Q~EIELEA,4.8828125e-04
1111,Q~PKKLEA,4.8828125e-04
1112,Q~EIJGHA,4.8828125e-04
1113,Q~QHHHHA,4.8828125e-04
1114,Q~IDEKKA,4.8828125e-04
1115,Q~HKHKIA,4.8828125e-04
1116,Q~HEEKHA,4.8828125e-04
1117,Q~CHIKIA,4.8828125e-04
1118,Q~HDGEIA,4.8828125e-04
1119,Q~HHKHIA,4.8828125e-04
1120,Q~KHEKHA,4.8828125e-04
1121,Q~RHHGEA,4.8828125e-04
1122,Q~IGLEHA,4.8828125e-04
1123,Q~KIHHHA,4.8828125e-04
1124,Q~KKGHDA,4.8828125e-04
1125,Q~EDHHLA,4.8828125e-04
1126,Q~QLEHIA,4.8828125e-04
1127,Q~SHGDEA,4.8828125e-04
1128,Q~HNEGHA,4.8828125e-04
1129,Q~FHEHGA,4.8828125e-04
1130,Q~FHFEHA,4.8828125e-04
1131,Q~HDEIHA,4.8828125e-04
1132,Q~HIKHKA,4.8828125e-04
1133,Q~GJHHHA,4.8828125e-04
1134,Q~SHHGGA,4.8828125e-04
1135,Q~QHHHHA,4.8828125e-04
1136,Q~PKEIEA,4.8828125e-04
1137,Q~KIHDHA,4.8828125e-04
1138,Q~HIHEEA,4.8828125e-04
1139,Q~ILGEKA,4.8828125e-04
1140,Q~HHEKGA,4.8828125e-04
1141,Q~PIHDHA,4.8828125e-04
1142,Q~HKHDLA,4.8828125e-04
1143,Q~HHHDHA,4.8828125e-04
1144,Q~KGIEKA,4.8828125e-04
1145,Q~LHKEHA,4.8828125e-04
1146,Q~IKGHEA,4.8828125e-04
1147,Q~HIKGIA,4.8828125e-04
1148,Q~HHHEEA,4.8828125e-04
1149,Q~IGLIHA,4.8828125e-04
1150,Q~IHFKHA,4.8828125e-04
1151,Q~QHGIEA,4.8828125e-04
1152,Q~HHHEEA,4.8828125e-04
1153,Q~KFHKEA,4.8828125e-04
1154,Q~PEHHEA,4.8828125e-04
1155,Q~JIKHGA,4.8828125e-04
1156,Q~KHEELA,4.8828125e-04
1157,Q~KKHHIA,4.8828125e-04
1158,Q~EHKHKA,4.8828125e-04
1159,Q~EEHIJA,4.8828125e-04
1160,Q~SDIHHA,4.8828125e-04
1161,Q~HHHOEA,4.8828125e-04
1162,Q~SEIOHA,4.8828125e-04
1163,Q~KBGEIA,4.8828125e-04
1164,Q~HILHJA,4.8828125e-04
1165,Q~DHLIHA,4.8828125e-04
1166,Q~HKKHHA,4.8828125e-04
1167,Q~KHHEHA,4.8828125e-04
1168,Q~ELGIKA,4.8828125e-04
1169,Q~RHKEKA,4.8828125e-04
1170,Q~EHHJHA,4.8828125e-04
1171,Q~IHHHKA,4.8828125e-04
1172,Q~HHHHHA,4.8828125e-04
1173,Q~EJGHLA,4.8828125e-04
1174,Q~KHJDEA,4.8828125e-04
1175,Q~JHDFEA,4.8828125e-04
1176,Q~HGEKHA,4.8828125e-04
1177,Q~QKLHLA,4.8828125e-04
1178,Q~GIEKKA,4.8828125e-04
1179,Q~DKLEHA,4.8828125e-04
1180,Q~IHHHKA,4.8828125e-04
1181,Q~EGEHGA,4.8828125e-04
1182,Q~DEHGHA,4.8828125e-04
1183,Q~LHKGHA,4.8828125e-04
1184,Q~KEKHHA,4.8828125e-04
1185,Q~HHLHHA,4.8828125e-04
1186,Q~HGHKHA,4.8828125e-04
1187,Q~HHKKEA,4.8828125e-04
1188,Q~KGHEJA,4.8828125e-04
1189,Q~KHFHHA,4.8828125e-04
1190,Q~HHEKDA,4.8828125e-04
1191,Q~LHKGIA,4.8828125e-04
1192,Q~QJFHKA,4.8828125e-04
1193,Q~LGLHHA,4.8828125e-04
1194,Q~AHGHFA,4.8828125e-04
1195,Q~HIEHGA,4.8828125e-04
1196,Q~IHIGDA,4.8828125e-04
1197,Q~JKKEHA,4.8828125e-04
1198,Q~HDEKHA,4.8828125e-04
1199,Q~QHHGHA,4.8828125e-04
1200,Q~EHLHEA,4.8828125e-04
1201,Q~HFHHEA,4.8828125e-04
1202,Q~JHKKHA,4.8828125e-04
1203,Q~HEJEHA,4.8828125e-04
1204,Q~EDHDEA,4.8828125e-04
1205,Q~EEIHLA,4.8828125e-04
1206,Q~PKHHEA,4.8828125e-04
1207,Q~LEKFHA,4.8828125e-04
1208,Q~GHHGHA,4.8828125e-04
1209,Q~PHEHHA,4.8828125e-04
1210,Q~QJDHKA,4.8828125e-04
1211,Q~NKHKHA,4.8828125e-04
1212,Q~SMFEEA,4.8828125e-04
1213,Q~IDEEHA,4.8828125e-04
1214,Q~NHIHHA,4.8828125e-04
1215,Q~IHGNLA,4.8828125e-04
1216,Q~SHELHA,4.8828125e-04
1217,Q~HEHGEA,4.8828125e-04
1218,Q~SIIHIA,4.8828125e-04
1219,Q~KEHHKA,4.8828125e-04
1220,P~EHHHHA,4.8828125e-04
1221,P~HGEKKA,4.8828125e-04
1222,P~JDKDHA,4.8828125e-04
1223,P~JHHEHA,4.8828125e-04
1224,P~FHKKKA,4.8828125e-04
1225,P~HFGGIA,4.8828125e-04
1226,P~HLHIKA,4.8828125e-04
1227,P~EJHEGA,4.8828125e-04
1228,P~HEKHDA,4.8828125e-04
1229,P~GIKEGA,4.8828125e-04
1230,P~EKIEKA,4.8828125e-04
1231,P~KIFHKA,4.8828125e-04
1232,P~KIENEA,4.8828125e-04
1233,P~GFEFEA,4.8828125e-04
1234,P~SLHDLA,4.8828125e-04
1235,P~KIEKLA,4.8828125e-04
1236,P~HHKHHA,4.8828125e-04
1237,P~QJHHHA,4.8828125e-04
1238,P~NHHHHA,4.8828125e-04
1239,P~PHEKNA,4.8828125e-04
1240,P~KLKKIA,4.8828125e-04
1241,P~HKGDKA,4.8828125e-04
1242,P~KGEELA,4.8828125e-04
1243,P~HHIKDA,4.8828125e-04
1244,P~IKKHHA,4.8828125e-04
1245,P~IELHJA,4.8828125e-04
1246,P~EELHIA,4.8828125e-04
1247,P~RFDFJA,4.8828125e-04
1248,P~HFILKA,4.8828125e-04
1249,P~KEKJJA,4.8828125e-04
1250,P~QHLBEA,4.8828125e-04
1251,P~EIHFKA,4.8828125e-04
1252,P~SIHEJA,4.8828125e-04
1253,P~NJHHIA,4.8828125e-04
1254,P~HIICEA,4.8828125e-04
1255,P~IGKHHA,4.8828125e-04
1256,P~HHKHKA,4.8828125e-04
1257,P~GGHHHA,4.8828125e-04
1258,P~OIKGEA,4.8828125e-04
1259,P~HHHBHA,4.8828125e-04
1260,P~HHLHIA,4.8828125e-04
1261,P~BKGEDA,4.8828125e-04
1262,P~HEKHHA,4.8828125e-04
1263,P~LDFGFA,4.8828125e-04
1264,P~BDILKA,4.8828125e-04
1265,P~EHHIIA,4.8828125e-04
1266,P~HHEFHA,4.8828125e-04
1267,P~HEEHHA,4.8828125e-04
1268,P~HJHEHA,4.8828125e-04
1269,P~KEDIIA,4.8828125e-04
1270,P~GEKIEA,4.8828125e-04
1271,P~FHEHIA,4.8828125e-04
1272,P~GEKLIA,4.8828125e-04
1273,P~IHEIHA,4.8828125e-04
1274,P~EKHEEA,4.8828125e-04
1275,P~IFEHHA,4.8828125e-04
1276,P~IHKEHA,4.8828125e-04
1277,P~LHEHHA,4.8828125e-04
1278,P~HHHKHA,4.8828125e-04
1279,P~RKGEHA,4.8828125e-04
1280,P~HGHKHA,4.8828125e-04
1281,P~DHIKKA,4.8828125e-04
1282,P~FKHIEA,4.8828125e-04
1283,P~IIHHGA,4.8828125e-04
1284,P~EHLIHA,4.8828125e-04
1285,P~QKKDKA,4.8828125e-04
1286,P~EHIHGA,4.8828125e-04
1287,P~SGHHEA,4.8828125e-04
1288,P~QHJDGA,4.8828125e-04
1289,P~HHJGHA,4.8828125e-04
1290,P~HHHIHA,4.8828125e-04
1291,P~HEKHEA,4.8828125e-04
1292,P~EKHHHA,4.8828125e-04
1293,P~HKGKHA,4.8828125e-04
1294,P~SKGGHA,4.8828125e-04
1295,P~EGEHEA,4.8828125e-04
1296,P~EHHKHA,4.8828125e-04
1297,P~GGHIHA,4.8828125e-04
1298,P~GKHLKA,4.8828125e-04
1299,P~GIHIKA,4.8828125e-04
1300,P~GEHJKA,4.8828125e-04
1301,P~HHIKIA,4.8828125e-04
1302,P~KDIGFA,4.8828125e-04
1303,P~SHIHJA,4.8828125e-04
1304,P~HFDIOA,4.8828125e-04
1305,P~SHIIHA,4.8828125e-04
1306,P~GIHKKA,4.8828125e-04
1307,P~HFHHEA,4.8828125e-04
1308,P~LLIEGA,4.8828125e-04
1309,P~HHLHKA,4.8828125e-04
1310,P~HGHLHA,4.8828125e-04
1311,P~HDDEHA,4.8828125e-04
1312,P~KJJHIA,4.8828125e-04
1313,P~JKHEHA,4.8828125e-04
1314,P~HKHJKA,4.8828125e-04
1315,P~ELIHKA,4.8828125e-04
1316,P~HEKHHA,4.8828125e-04
1317,P~QGGIDA,4.8828125e-04
1318,P~HBIEEA,4.8828125e-04
1319,P~HGEGGA,4.8828125e-04
1320,P~DEHKKA,4.8828125e-04
1321,P~HHBKIA,4.8828125e-04
1322,P~FHIKHA,4.8828125e-04
1323,P~REIHHA,4.8828125e-04
1324,P~EHDLKA,4.8828125e-04
1325,P~DKHJHA,4.8828125e-04
1326,P~HDIFEA,4.8828125e-04
1327,P~HHFKHA,4.8828125e-04
1328,P~ELKDHA,4.8828125e-04
1329,P~DHIIEA,4.8828125e-04
1330,P~EHGHHA,4.8828125e-04
1331,P~KHEELA,4.8828125e-04
1332,P~QKKKEA,4.8828125e-04
1333,P~PHHKEA,4.8828125e-04
1334,P~KFKHEA,4.8828125e-04
1335,P~JLDFHA,4.8828125e-04
1336,P~HLCHHA,4.8828125e-04
1337,P~HFKHKA,4.8828125e-04
1338,P~RHDEHA,4.8828125e-04
1339,P~EKHEHA,4.8828125e-04
1340,P~KHIELA,4.8828125e-04
1341,P~KHIEHA,4.8828125e-04
1342,P~HHHCHA,4.8828125e-04
1343,P~IKGHKA,4.8828125e-04
1344,P~EEHHKA,4.8828125e-04
1345,P~KIHGIA,4.8828125e-04
1346,P~SHFKHA,4.8828125e-04
1347,P~PGHKKA,4.8828125e-04
1348,P~HEHDHA,4.8828125e-04
1349,P~DKGGHA,4.8828125e-04
1350,P~RGHGKA,4.8828125e-04
1351,P~IHIHGA,4.8828125e-04
1352,P~IGGKEA,4.8828125e-04
1353,P~HEHLGA,4.8828125e-04
1354,P~NGHHEA,4.8828125e-04
1355,P~HFHHKA,4.8828125e-04
1356,P~MIHIEA,4.8828125e-04
1357,P~EEEHGA,4.8828125e-04
1358,P~HHLEKA,4.8828125e-04
1359,P~EIHKIA,4.8828125e-04
1360,P~HHEOHA,4.8828125e-04
1361,P~GHFEKA,4.8828125e-04
1362,P~HHHKEA,4.8828125e-04
1363,P~DHGHIA,4.8828125e-04
1364,P~GKGHHA,4.8828125e-04
1365,P~HELIKA,4.8828125e-04
1366,P~IEHGKA,4.8828125e-04
1367,P~MJHEEA,4.8828125e-04
1368,P~SHAEGA,4.8828125e-04
1369,P~HHKGHA,4.8828125e-04
1370,P~HGLKKA,4.8828125e-04
1371,P~QEHEEA,4.8828125e-04
1372,P~IHLGHA,4.8828125e-04
1373,P~NKEGJA,4.8828125e-04
1374,P~KDKDHA,4.8828125e-04
1375,P~FKIGHA,4.8828125e-04
1376,P~SIIEHA,4.8828125e-04
1377,P~QEJEEA,4.8828125e-04
1378,P~HKKHJA,4.8828125e-04
1379,P~HHGEGA,4.8828125e-04
1380,P~HDIFHA,4.8828125e-04
1381,P~KHHEHA,4.8828125e-04
1382,P~QEKNGA,4.8828125e-04
1383,P~HGHHEA,4.8828125e-04
1384,P~FKKIGA,4.8828125e-04
1385,P~SLHIEA,4.8828125e-04
1386,P~ELKHHA,4.8828125e-04
1387,P~IHGFGA,4.8828125e-04
1388,P~HHHHHA,4.8828125e-04
1389,P~EHGHKA,4.8828125e-04
1390,P~REHHHA,4.8828125e-04
1391,P~PHEKIA,4.8828125e-04
1392,P~KGFHDA,4.8828125e-04
1393,P~HDKHKA,4.8828125e-04
1394,P~KIGHHA,4.8828125e-04
1395,P~LFHKIA,4.8828125e-04
1396,P~PEHDHA,4.8828125e-04
1397,P~HHGLHA,4.8828125e-04
1398,P~HGHHIA,4.8828125e-04
1399,P~DHKKHA,4.8828125e-04
1400,P~QEKOHA,4.8828125e-04
1401,P~KIKHHA,4.8828125e-04
1402,P~GHGIHA,4.8828125e-04
1403,P~QGEHIA,4.8828125e-04
1404,P~KHHKHA,4.8828125e-04
1405,P~HHHGKA,4.8828125e-04
1406,P~HKHHJA,4.8828125e-04
1407,P~HHGHHA,4.8828125e-04
1408,P~SHGHGA,4.8828125e-04
1409,P~HGJGHA,4.8828125e-04
1410,P~QHIEEA,4.8828125e-04
1411,P~QHKHHA,4.8828125e-04
1412,P~ADHEHA,4.8828125e-04
1413,P~HLKDKA,4.8828125e-04
1414,P~LLKHLA,4.8828125e-04
1415,P~JEHJJA,4.8828125e-04
1416,P~HEFHHA,4.8828125e-04
1417,P~HHGEGA,4.8828125e-04
1418,P~HECHGA,4.8828125e-04
1419,P~GHIGHA,4.8828125e-04
1420,P~SHHFLA,4.8828125e-04
1421,P~IIGELA,4.8828125e-04
1422,P~HIHHHA,4.8828125e-04
1423,P~HAKEDA,4.8828125e-04
1424,P~HDKKKA,4.8828125e-04
1425,P~IHKHIA,4.8828125e-04
1426,P~HHKKHA,4.8828125e-04
1427,P~QBHKHA,4.8828125e-04
1428,P~HHLGHA,4.8828125e-04
1429,P~HHHEEA,4.8828125e-04
1430,P~KGIHEA,4.8828125e-04
1431,P~IEILDA,4.8828125e-04
1432,P~HJKHHA,4.8828125e-04
1433,P~GGKHHA,4.8828125e-04
1434,P~KHIKHA,4.8828125e-04
1435,P~BILHHA,4.8828125e-04
1436,P~GEKHHA,4.8828125e-04
1437,P~HHEGGA,4.8828125e-04
1438,P~NHHKIA,4.8828125e-04
1439,P~HEJEDA,4.8828125e-04
1440,P~ELKEIA,4.8828125e-04
1441,P~QHHIKA,4.8828125e-04
1442,P~HLHHHA,4.8828125e-04
1443,P~KJHHKA,4.8828125e-04
1444,P~QKIKKA,4.8828125e-04
1445,P~CHHHIA,4.8828125e-04
1446,P~KHJHHA,4.8828125e-04
1447,P~LLIEFA,4.8828125e-04
1448,P~HIKJGA,4.8828125e-04
1449,P~QIJHHA,4.8828125e-04
1450,P~SIKGFA,4.8828125e-04
1451,P~IEHJKA,4.8828125e-04
1452,P~INIKIA,4.8828125e-04
1453,P~LDEEKA,4.8828125e-04
1454,P~IIHIDA,4.8828125e-04
1455,P~GJIEGA,4.8828125e-04
1456,P~SIFGHA,4.8828125e-04
1457,P~KEHEJA,4.8828125e-04
1458,P~HHHHKA,4.8828125e-04
1459,P~IEGNJA,4.8828125e-04
1460,P~HLIAFA,4.8828125e-04
1461,P~RHJHEA,4.8828125e-04
1462,P~KGIIEA,4.8828125e-04
1463,P~GGHHEA,4.8828125e-04
1464,P~BKGGKA,4.8828125e-04
1465,P~REKHGA,4.8828125e-04
1466,P~HKEGDA,4.8828125e-04
1467,P~SGDHHA,4.8828125e-04
1468,P~IIHEKA,4.8828125e-04
1469,P~NGIKLA,4.8828125e-04
1470,P~AHHKKA,4.8828125e-04
1471,P~RDHILA,4.8828125e-04
1472,P~FKEHKA,4.8828125e-04
1473,P~DHHLGA,4.8828125e-04
1474,P~EIEDKA,4.8828125e-04
1475,P~SKDEHA,4.8828125e-04
1476,R~HEKIKA,4.8828125e-04
1477,R~IDHIHA,4.8828125e-04
1478,R~EDIEGA,4.8828125e-04
1479,R~DHKEAA,4.8828125e-04
1480,R~IDGHKA,4.8828125e-04
1481,R~HDHHGA,4.8828125e-04
1482,R~LHKIEA,4.8828125e-04
1483,R~JHHDGA,4.8828125e-04
1484,R~HHHHFA,4.8828125e-04
1485,R~HHELIA,4.8828125e-04
1486,R~AHKIHA,4.8828125e-04
1487,R~NGEGHA,4.8828125e-04
1488,R~QHEKHA,4.8828125e-04
1489,R~HEHEIA,4.8828125e-04
1490,R~HHLBGA,4.8828125e-04
1491,R~HKHKHA,4.8828125e-04
1492,R~HHHHEA,4.8828125e-04
1493,R~HLHEFA,4.8828125e-04
1494,R~HEHHIA,4.8828125e-04
1495,R~HHDHKA,4.8828125e-04
1496,R~EDHHHA,4.8828125e-04
1497,R~RHHKEA,4.8828125e-04
1498,R~HHIHEA,4.8828125e-04
1499,R~DHJHKA,4.8828125e-04
1500,R~FHHHHA,4.8828125e-04
1501,R~EILKHA,4.8828125e-04
1502,R~HFGGIA,4.8828125e-04
1503,R~JEEGLA,4.8828125e-04
1504,R~IBDHIA,4.8828125e-04
1505,R~HHFHHA,4.8828125e-04
1506,R~HLEKGA,4.8828125e-04
1507,R~JFKGKA,4.8828125e-04
1508,R~EKHFJA,4.8828125e-04
1509,R~QKEIIA,4.8828125e-04
1510,R~PHEKHA,4.8828125e-04
1511,R~EEKKIA,4.8828125e-04
1512,R~HHEKHA,4.8828125e-04
1513,R~HJKHBA,4.8828125e-04
1514,R~FHHHDA,4.8828125e-04
1515,R~HHLHEA,4.8828125e-04
1516,R~SHKHHA,4.8828125e-04
1517,R~DIHHHA,4.8828125e-04
1518,R~SGHGEA,4.8828125e-04
1519,R~QKDKLA,4.8828125e-04
1520,R~KKEFEA,4.8828125e-04
1521,R~IGHFEA,4.8828125e-04
1522,R~OHFHHA,4.8828125e-04
1523,R~JHKFHA,4.8828125e-04
1524,R~HGKLKA,4.8828125e-04
1525,R~IGKHGA,4.8828125e-04
1526,R~HLHEKA,4.8828125e-04
1527,R~IFEKGA,4.8828125e-04
1528,R~ILJHBA,4.8828125e-04
1529,N~RFHGEA,4.8828125e-04
1530,N~GLEKIA,4.8828125e-04
1531,N~EIHECA,4.8828125e-04
1532,N~RIHEHA,4.8828125e-04
1533,N~IEKIEA,4.8828125e-04
1534,N~EEHHHA,4.8828125e-04
1535,N~QHEEHA,4.8828125e-04
1536,N~SJLLHA,4.8828125e-04
1537,N~QIKJEA,4.8828125e-04
1538,N~HHEHHA,4.8828125e-04
1539,N~LDHHDA,4.8828125e-04
1540,N~QEHHIA,4.8828125e-04
1541,N~HGGLHA,4.8828125e-04
1542,N~KHIGKA,4.8828125e-04
1543,N~IJLLIA,4.8828125e-04
1544,N~GGEGIA,4.8828125e-04
1545,N~GHJHHA,4.8828125e-04
1546,N~HHFHEA,4.8828125e-04
1547,N~HHHHHA,4.8828125e-04
1548,N~SFHFKA,4.8828125e-04
1549,N~EKIHHA,4.8828125e-04
1550,N~QKHHEA,4.8828125e-04
1551,N~QLEJKA,4.8828125e-04
1552,N~FJHKDA,4.8828125e-04
1553,N~DCKGKA,4.8828125e-04
1554,N~JGHIKA,4.8828125e-04
1555,N~FHHHKA,4.8828125e-04
1556,N~HHBLNA,4.8828125e-04
1557,N~EHKHGA,4.8828125e-04
1558,N~PJEHGA,4.8828125e-04
1559,N~IFDGBA,4.8828125e-04
1560,N~HHGHIA,4.8828125e-04
1561,N~GEIKIA,4.8828125e-04
1562,N~KFIKIA,4.8828125e-04
1563,N~HKGKJA,4.8828125e-04
1564,N~KGHEHA,4.8828125e-04
1565,N~DKGHJA,4.8828125e-04
1566,N~JHHEJA,4.8828125e-04
1567,N~EIHFIA,4.8828125e-04
1568,N~HGIHHA,4.8828125e-04
1569,N~EEFEEA,4.8828125e-04
1570,N~EIBKEA,4.8828125e-04
1571,N~JEEDGA,4.8828125e-04
1572,N~HIEGGA,4.8828125e-04
1573,N~SJHKBA,4.8828125e-04
1574,N~QEHHEA,4.8828125e-04
1575,N~CEEGIA,4.8828125e-04
1576,N~DKHEKA,4.8828125e-04
1577,M~HMNEKA,4.8828125e-04
1578,M~LEGHHA,4.8828125e-04
1579,M~EEKEHA,4.8828125e-04
1580,M~PHHEHA,4.8828125e-04
1581,M~QKIEFA,4.8828125e-04
1582,M~HKKAIA,4.8828125e-04
1583,M~KHEHHA,4.8828125e-04
1584,M~QGHEJA,4.8828125e-04
1585,M~HHIIKA,4.8828125e-04
1586,M~RGKHIA,4.8828125e-04
1587,M~KEHHJA,4.8828125e-04
1588,M~GEDHHA,4.8828125e-04
1589,M~HEDGIA,4.8828125e-04
1590,M~HHIHHA,4.8828125e-04
1591,M~GDKFHA,4.8828125e-04
1592,M~SGLHHA,4.8828125e-04
1593,M~GEIMLA,4.8828125e-04
1594,M~QLKHIA,4.8828125e-04
1595,M~EKIEFA,4.8828125e-04
1596,M~EHIHJA,4.8828125e-04
1597,M~KJKIHA,4.8828125e-04
1598,M~HDGNEA,4.8828125e-04
1599,M~HJKHIA,4.8828125e-04
1600,M~FHEIKA,4.8828125e-04
1601,M~EEIHGA,4.8828125e-04
1602,M~KKKLKA,4.8828125e-04
1603,M~QHHFHA,4.8828125e-04
1604,M~HDBELA,4.8828125e-04
1605,M~QLDIHA,4.8828125e-04
1606,M~IGGJHA,4.8828125e-04
1607,M~SJEKHA,4.8828125e-04
1608,M~EHKKIA,4.8828125e-04
1609,M~RIFLIA,4.8828125e-04
1610,M~KAGIAA,4.8828125e-04
1611,M~SKGJIA,4.8828125e-04
1612,M~QHDGJA,4.8828125e-04
1613,M~HHFIEA,4.8828125e-04
1614,M~BIHGHA,4.8828125e-04
1615,M~KHHHHA,4.8828125e-04
1616,M~EEKHEA,4.8828125e-04
1617,M~SKHHFA,4.8828125e-04
1618,M~EHHEEA,4.8828125e-04
1619,M~EKEHHA,4.8828125e-04
1620,M~QIDGIA,4.8828125e-04
1621,M~HHGHEA,4.8828125e-04
1622,M~QIKGDA,4.8828125e-04
1623,M~LGHGEA,4.8828125e-04
1624,M~HHIHFA,4.8828125e-04
1625,M~EHGDGA,4.8828125e-04
1626,M~IEKEHA,4.8828125e-04
1627,O~RHFFJA,4.8828125e-04
1628,O~JLHGKA,4.8828125e-04
1629,O~KHHKHA,4.8828125e-04
1630,O~GKFHHA,4.8828125e-04
1631,O~NDIKHA,4.8828125e-04
1632,O~PEHEHA,4.8828125e-04
1633,O~EEHHHA,4.8828125e-04
1634,O~HHEHDA,4.8828125e-04
1635,O~QLHHIA,4.8828125e-04
1636,O~KJIIKA,4.8828125e-04
1637,T~KIHHHA,4.8828125e-04
1638,T~IEKIKA,4.8828125e-04
1639,T~HHEEHA,4.8828125e-04
1640,T~HHIHHA,4.8828125e-04
1641,T~QJGHEA,4.8828125e-04
1642,T~HEFNEA,4.8828125e-04
1643,T~HGHGHA,4.8828125e-04
1644,T~IKGEGA,4.8828125e-04
1645,T~HHHHGA,4.8828125e-04
1646,T~QDHFGA,4.8828125e-04
1647,T~HDGKIA,4.8828125e-04
1648,T~QGHHIA,4.8828125e-04
1649,T~FIEEDA,4.8828125e-04
1650,T~HHHHHA,4.8828125e-04
1651,T~RHLKHA,4.8828125e-04
1652,T~RIKKIA,4.8828125e-04
1653,T~FJHFHA,4.8828125e-04
1654,T~EGIHKA,4.8828125e-04
1655,T~KHLIIA,4.8828125e-04
1656,T~HGLHKA,4.8828125e-04
1657,T~EHIHGA,4.8828125e-04
1658,T~GKHGHA,4.8828125e-04
1659,T~PHHHEA,4.8828125e-04
1660,T~KEKLGA,4.8828125e-04
1661,T~HIHKEA,4.8828125e-04
1662,T~KHKIDA,4.8828125e-04
1663,T~HIEHFA,4.8828125e-04
1664,T~HLIHDA,4.8828125e-04
1665,T~HHGJHA,4.8828125e-04
1666,T~IFEHHA,4.8828125e-04
1667,T~EFHEHA,4.8828125e-04
1668,T~KKEKHA,4.8828125e-04
1669,T~EKHLEA,4.8828125e-04
1670,T~IGHIDA,4.8828125e-04
1671,T~RHEHFA,4.8828125e-04
1672,T~GHHIEA,4.8828125e-04
1673,T~KHHEEA,4.8828125e-04
1674,T~HHHHEA,4.8828125e-04
1675,T~BDFKHA,4.8828125e-04
1676,T~FHHLHA,4.8828125e-04
1677,T~KHEDKA,4.8828125e-04
1678,T~HDIGLA,4.8828125e-04
1679,T~HIKIIA,4.8828125e-04
1680,T~HGKEHA,4.8828125e-04
1681,T~GGEHFA,4.8828125e-04
1682,T~EEHHKA,4.8828125e-04
1683,T~HKGHHA,4.8828125e-04
1684,T~IIHKLA,4.8828125e-04
1685,T~IDNKHA,4.8828125e-04
1686,T~HHKHEA,4.8828125e-04
1687,T~QDFELA,4.8828125e-04
1688,T~PFHGOA,4.8828125e-04
1689,T~SHEGGA,4.8828125e-04
1690,T~HHHNHA,4.8828125e-04
1691,T~HIGKIA,4.8828125e-04
1692,T~GIHHHA,4.8828125e-04
1693,T~QFDFHA,4.8828125e-04
1694,T~KFJFIA,4.8828125e-04
1695,T~HHIHGA,4.8828125e-04
1696,T~HHLLGA,4.8828125e-04
1697,T~SEIHHA,4.8828125e-04
1698,T~HEDEGA,4.8828125e-04
1699,T~EKJEHA,4.8828125e-04
1700,T~HHHHEA,4.8828125e-04
1701,T~KHIEGA,4.8828125e-04
1702,T~KEHKEA,4.8828125e-04
1703,T~PKHJHA,4.8828125e-04
1704,T~EKDHHA,4.8828125e-04
1705,T~HDKGKA,4.8828125e-04
1706,T~KIGJHA,4.8828125e-04
1707,T~HEKHHA,4.8828125e-04
1708,T~KHKIHA,4.8828125e-04
1709,T~QIGFHA,4.8828125e-04
1710,T~KGJFEA,4.8828125e-04
1711,T~GEKKHA,4.8828125e-04
1712,T~EJHKHA,4.8828125e-04
1713,T~KJEHHA,4.8828125e-04
1714,T~SHGHGA,4.8828125e-04
1715,T~EFEKHA,4.8828125e-04
1716,T~IIEKHA,4.8828125e-04
1717,T~KDDGJA,4.8828125e-04
1718,T~GDHKFA,4.8828125e-04
1719,T~LHEHKA,4.8828125e-04
1720,T~QLJKIA,4.8828125e-04
1721,T~KHKILA,4.8828125e-04
1722,T~HKHKEA,4.8828125e-04
1723,T~HHKKLA,4.8828125e-04
1724,T~HNFGKA,4.8828125e-04
1725,T~IIJIKA,4.8828125e-04
1726,T~HJEEHA,4.8828125e-04
1727,T~HDKHHA,4.8828125e-04
1728,T~HJEHDA,4.8828125e-04
1729,T~EKGFKA,4.8828125e-04
1730,T~KHKKHA,4.8828125e-04
1731,T~EHHKHA,4.8828125e-04
1732,T~KFDHEA,4.8828125e-04
1733,T~HIHLHA,4.8828125e-04
1734,T~EKEGHA,4.8828125e-04
1735,T~HGKHHA,4.8828125e-04
1736,T~HEHIHA,4.8828125e-04
1737,T~KGHKIA,4.8828125e-04
1738,T~KKEHKA,4.8828125e-04
1739,T~EJKJFA,4.8828125e-04
1740,T~HFEGHA,4.8828125e-04
1741,T~IKGHHA,4.8828125e-04
1742,T~HFKIFA,4.8828125e-04
1743,T~PHFBKA,4.8828125e-04
1744,T~GHILDA,4.8828125e-04
1745,T~PEHGFA,4.8828125e-04
1746,T~KHKKIA,4.8828125e-04
1747,T~IEHGHA,4.8828125e-04
1748,T~HHEGIA,4.8828125e-04
1749,T~QLKHHA,4.8828125e-04
1750,T~JHDKFA,4.8828125e-04
1751,T~IDJEIA,4.8828125e-04
1752,T~QJHHEA,4.8828125e-04
1753,T~NHGJHA,4.8828125e-04
1754,T~KEIHGA,4.8828125e-04
1755,T~GHDHKA,4.8828125e-04
1756,T~HHLIHA,4.8828125e-04
1757,T~HEKHHA,4.8828125e-04
1758,T~IEEHHA,4.8828125e-04
1759,T~EJDIJA,4.8828125e-04
1760,T~HGHKLA,4.8828125e-04
1761,T~RDFHEA,4.8828125e-04
1762,T~KLFKKA,4.8828125e-04
1763,T~HJEKEA,4.8828125e-04
1764,T~KGJEKA,4.8828125e-04
1765,T~LJKHGA,4.8828125e-04
1766,T~QKDDGA,4.8828125e-04
1767,T~HHIIHA,4.8828125e-04
1768,T~KEEHHA,4.8828125e-04
1769,T~EKHHIA,4.8828125e-04
1770,T~HHEIHA,4.8828125e-04
1771,T~RKEEKA,4.8828125e-04
1772,T~EHHIKA,4.8828125e-04
1773,T~HEEKKA,4.8828125e-04
1774,T~HKOGMA,4.8828125e-04
1775,T~KIEGHA,4.8828125e-04
1776,T~LEADEA,4.8828125e-04
1777,T~QIIHDA,4.8828125e-04
1778,T~KEKHEA,4.8828125e-04
1779,T~FHJHLA,4.8828125e-04
1780,T~FDHHLA,4.8828125e-04
1781,T~HILKGA,4.8828125e-04
1782,T~HAHJEA,4.8828125e-04
1783,T~EHGHHA,4.8828125e-04
1784,T~HJKHKA,4.8828125e-04
1785,T~HLGHFA,4.8828125e-04
1786,T~SHEKBA,4.8828125e-04
1787,T~KGLHKA,4.8828125e-04
1788,T~EEDKGA,4.8828125e-04
1789,T~ILIKHA,4.8828125e-04
1790,T~IHKKNA,4.8828125e-04
1791,T~NHHHEA,4.8828125e-04
1792,T~FEIHDA,4.8828125e-04
1793,T~HLKHHA,4.8828125e-04
1794,T~FEHKEA,4.8828125e-04
1795,T~HHHIHA,4.8828125e-04
1796,T~QHJHEA,4.8828125e-04
1797,T~HDKKGA,4.8828125e-04
1798,T~HGEHEA,4.8828125e-04
1799,T~SHHEKA,4.8828125e-04
1800,T~KJEGLA,4.8828125e-04
1801,T~IHIHIA,4.8828125e-04
1802,T~PHEJDA,4.8828125e-04
1803,T~KGHHGA,4.8828125e-04
1804,T~RJFEHA,4.8828125e-04
1805,T~DKKHHA,4.8828125e-04
1806,T~HKHKJA,4.8828125e-04
1807,T~HGKHHA,4.8828125e-04
1808,T~EDHHHA,4.8828125e-04
1809,T~BHKEKA,4.8828125e-04
1810,T~EKKEHA,4.8828125e-04
1811,S~GBKHBA,4.8828125e-04
1812,S~IGKGKA,4.8828125e-04
1813,S~FIEHKA,4.8828125e-04
1814,S~KHKKKA,4.8828125e-04
1815,S~HEHEEA,4.8828125e-04
1816,S~QHEHKA,4.8828125e-04
1817,S~EIEHMA,4.8828125e-04
1818,S~KIKLEA,4.8828125e-04
1819,S~HKHHEA,4.8828125e-04
1820,S~SHEHHA,4.8828125e-04
1821,S~SGKEHA,4.8828125e-04
1822,S~KHHLHA,4.8828125e-04
1823,S~HGGHEA,4.8828125e-04
1824,S~FEEJEA,4.8828125e-04
1825,S~PHEHFA,4.8828125e-04
1826,S~LKHHNA,4.8828125e-04
1827,S~HKHHNA,4.8828125e-04
1828,S~FKGKEA,4.8828125e-04
1829,S~HJHHKA,4.8828125e-04
1830,S~HKKIEA,4.8828125e-04
1831,S~GFHKHA,4.8828125e-04
1832,S~EEHHHA,4.8828125e-04
1833,S~LJKIIA,4.8828125e-04
1834,S~HIKIHA,4.8828125e-04
1835,S~HIFGEA,4.8828125e-04
1836,S~GGEHKA,4.8828125e-04
1837,S~HHHGGA,4.8828125e-04
1838,S~NHIEBA,4.8828125e-04
1839,S~HHKLHA,4.8828125e-04
1840,S~HHIHEA,4.8828125e-04
1841,S~HGHBJA,4.8828125e-04
1842,S~EIFEKA,4.8828125e-04
1843,S~HFKEHA,4.8828125e-04
1844,S~KKHDHA,4.8828125e-04
1845,S~PHFHJA,4.8828125e-04
1846,S~IHHEHA,4.8828125e-04
1847,S~PKHEDA,4.8828125e-04
1848,S~HHHLGA,4.8828125e-04
1849,S~GHEEKA,4.8828125e-04
1850,S~HIHEHA,4.8828125e-04
1851,S~JHIHHA,4.8828125e-04
1852,S~EJEEGA,4.8828125e-04
1853,S~HEEELA,4.8828125e-04
1854,S~IHHFGA,4.8828125e-04
1855,S~KKGKHA,4.8828125e-04
1856,S~HJJIEA,4.8828125e-04
1857,S~HHKEJA,4.8828125e-04
1858,S~HHGJKA,4.8828125e-04
1859,S~GEHHEA,4.8828125e-04
1860,S~HHEEJA,4.8828125e-04
1861,S~DIGHEA,4.8828125e-04
1862,S~IGKIEA,4.8828125e-04
1863,S~IKEHDA,4.8828125e-04
1864,S~PIHHFA,4.8828125e-04
1865,S~EHIEEA,4.8828125e-04
1866,S~SEGHGA,4.8828125e-04
1867,S~EEHKGA,4.8828125e-04
1868,S~HFEIEA,4.8828125e-04
1869,S~JHKHHA,4.8828125e-04
1870,S~SKNHIA,4.8828125e-04
1871,S~LJKKDA,4.8828125e-04
1872,S~CGKEHA,4.8828125e-04
1873,S~MHHFGA,4.8828125e-04
1874,S~LEEHHA,4.8828125e-04
1875,S~KHHKGA,4.8828125e-04
1876,S~KLKKHA,4.8828125e-04
1877,S~KGKHEA,4.8828125e-04
1878,S~KHJHIA,4.8828125e-04
1879,S~HFHKIA,4.8828125e-04
1880,S~IFIGIA,4.8828125e-04
1881,S~HKIGEA,4.8828125e-04
1882,S~QLHHKA,4.8828125e-04
1883,S~KLGIGA,4.8828125e-04
1884,S~HHLIHA,4.8828125e-04
1885,S~DIHGIA,4.8828125e-04
1886,S~FHIHJA,4.8828125e-04
1887,S~QHHKHA,4.8828125e-04
1888,S~PKHLKA,4.8828125e-04
1889,S~DKHHIA,4.8828125e-04
1890,S~QEHJGA,4.8828125e-04
1891,S~QHHHGA,4.8828125e-04
1892,S~QDKKDA,4.8828125e-04
1893,S~HHHDKA,4.8828125e-04
1894,S~HKKKHA,4.8828125e-04
1895,S~KEHEIA,4.8828125e-04
1896,S~HHLGHA,4.8828125e-04
1897,S~GIDGJA,4.8828125e-04
1898,S~EJJHDA,4.8828125e-04
1899,S~HKIDIA,4.8828125e-04
1900,S~HJKEKA,4.8828125e-04
1901,S~HJLELA,4.8828125e-04
1902,S~HEKLHA,4.8828125e-04
1903,S~KGEIHA,4.8828125e-04
1904,S~HDGHKA,4.8828125e-04
1905,S~JBHDIA,4.8828125e-04
1906,S~RKDHHA,4.8828125e-04
1907,S~HKKEGA,4.8828125e-04
1908,S~SHFHEA,4.8828125e-04
1909,S~KELKHA,4.8828125e-04
1910,S~HHHHKA,4.8828125e-04
1911,S~HIHHHA,4.8828125e-04
1912,S~GHHGEA,4.8828125e-04
1913,S~HDIHKA,4.8828125e-04
1914,S~GEKJKA,4.8828125e-04
1915,S~HEGHJA,4.8828125e-04
1916,S~KKHHHA,4.8828125e-04
1917,S~HHHDIA,4.8828125e-04
1918,S~HKJEJA,4.8828125e-04
1919,S~EBHHGA,4.8828125e-04
1920,S~KHKHEA,4.8828125e-04
1921,S~HHHILA,4.8828125e-04
1922,S~JKHHHA,4.8828125e-04
1923,S~QHHKFA,4.8828125e-04
1924,S~RDHDHA,4.8828125e-04
1925,S~HEMKEA,4.8828125e-04
1926,S~EHKHFA,4.8828125e-04
1927,S~HFKKKA,4.8828125e-04
1928,S~EDLKKA,4.8828125e-04
1929,S~IHHHHA,4.8828125e-04
1930,S~HHHKFA,4.8828125e-04
1931,S~EHHKDA,4.8828125e-04
1932,S~HHKHKA,4.8828125e-04
1933,S~KHGEHA,4.8828125e-04
1934,S~QKGCIA,4.8828125e-04
1935,S~IGEEEA,4.8828125e-04
1936,S~EHFEHA,4.8828125e-04
1937,S~HEGGHA,4.8828125e-04
1938,S~GBEFKA,4.8828125e-04
1939,S~SEHHDA,4.8828125e-04
1940,S~HGKHDA,4.8828125e-04
1941,S~KEHHHA,4.8828125e-04
1942,S~GEHFIA,4.8828125e-04
1943,S~KIHHEA,4.8828125e-04
1944,S~HHHDKA,4.8828125e-04
1945,S~HIFELA,4.8828125e-04
1946,S~FKNHKA,4.8828125e-04
1947,S~DEIHIA,4.8828125e-04
1948,S~SEIKHA,4.8828125e-04
1949,S~HIKHHA,4.8828125e-04
1950,S~DIHIIA,4.8828125e-04
1951,S~DKHHIA,4.8828125e-04
1952,S~KGEEHA,4.8828125e-04
1953,S~KEHEHA,4.8828125e-04
1954,S~GEDKEA,4.8828125e-04
1955,S~HKIHEA,4.8828125e-04
1956,S~EKNHHA,4.8828125e-04
1957,S~EFHKHA,4.8828125e-04
1958,S~HHKKJA,4.8828125e-04
1959,S~KFGHKA,4.8828125e-04
1960,S~EEHEHA,4.8828125e-04
1961,S~IHHGHA,4.8828125e-04
1962,S~QHEHEA,4.8828125e-04
1963,S~EHGFGA,4.8828125e-04
1964,S~GKJKKA,4.8828125e-04
1965,S~HHHIKA,4.8828125e-04
1966,S~JKHEGA,4.8828125e-04
1967,S~IJKHEA,4.8828125e-04
1968,S~KIGHFA,4.8828125e-04
1969,S~HEDHHA,4.8828125e-04
1970,S~HEGDHA,4.8828125e-04
1971,S~HKHHDA,4.8828125e-04
1972,S~HIGHHA,4.8828125e-04
1973,S~HHHHIA,4.8828125e-04
1974,S~HGEGGA,4.8828125e-04
1975,S~HIHHIA,4.8828125e-04
1976,S~GHHHHA,4.8828125e-04
1977,S~HEKEKA,4.8828125e-04
1978,S~HGJGHA,4.8828125e-04
1979,S~QKKHIA,4.8828125e-04
1980,S~HEGGHA,4.8828125e-04
1981,S~GIIHEA,4.8828125e-04
1982,S~HHHDDA,4.8828125e-04
1983,S~KHGGHA,4.8828125e-04
1984,S~LLHHKA,4.8828125e-04
1985,S~IGCHKA,4.8828125e-04
1986,S~HKHHHA,4.8828125e-04
1987,S~GDEEKA,4.8828125e-04
1988,S~IHEHDA,4.8828125e-04
1989,S~PHGJHA,4.8828125e-04
1990,S~HKEHIA,4.8828125e-04
1991,S~HFIHFA,4.8828125e-04
1992,S~SLELHA,4.8828125e-04
1993,S~PIGHHA,4.8828125e-04
1994,S~GHIHJA,4.8828125e-04
1995,S~HKLIHA,4.8828125e-04
1996,S~BHIHHA,4.8828125e-04
1997,S~PDHJJA,4.8828125e-04
1998,S~GEHLFA,4.8828125e-04
1999,S~JGHHHA,4.8828125e-04
2000,S~IKKHEA,4.8828125e-04
2001,S~IHIIHA,4.8828125e-04
2002,S~HIKEGA,4.8828125e-04
2003,S~EKGKGA,4.8828125e-04
2004,S~PGDLHA,4.8828125e-04
2005,S~GHFHGA,4.8828125e-04
2006,S~EFIHEA,4.8828125e-04
2007,S~FHDGDA,4.8828125e-04
2008,U~LGKFIA,4.8828125e-04
2009,U~IIHOEA,4.8828125e-04
2010,U~EKEIEA,4.8828125e-04
2011,U~SDHHFA,4.8828125e-04
2012,U~HIKKIA,4.8828125e-04
2013,U~KEDKHA,4.8828125e-04
2014,U~GEHDEA,4.8828125e-04
2015,U~HHEHFA,4.8828125e-04
2016,U~EEEDHA,4.8828125e-04
2017,U~HHEFIA,4.8828125e-04
2018,U~EHHHGA,4.8828125e-04
2019,U~EEGIHA,4.8828125e-04
2020,U~HHKGDA,4.8828125e-04
2021,U~RHHHFA,4.8828125e-04
2022,U~LHLHKA,4.8828125e-04
2023,U~IHKIEA,4.8828125e-04
2024,U~JKHKGA,4.8828125e-04
2025,U~HMDHJA,4.8828125e-04
2026,U~HEIHEA,4.8828125e-04
2027,U~JHHCKA,4.8828125e-04
2028,U~HHEFLA,4.8828125e-04
2029,U~SEHHKA,4.8828125e-04
2030,U~KDHAHA,4.8828125e-04
2031,U~DHHGHA,4.8828125e-04
2032,U~HGHHFA,4.8828125e-04
2033,U~HEKFHA,4.8828125e-04
2034,U~HHDDJA,4.8828125e-04
2035,U~KHIIDA,4.8828125e-04
2036,U~GKLHIA,4.8828125e-04
2037,U~HGHKHA,4.8828125e-04
2038,U~GEHJLA,4.8828125e-04
2039,U~LKGFHA,4.8828125e-04
2040,U~PDEGIA,4.8828125e-04
2041,U~HDHEKA,4.8828125e-04
2042,U~PIHIDA,4.8828125e-04
2043,U~BHFHKA,4.8828125e-04
2044,U~IHFGGA,4.8828125e-04
2045,U~RHHLEA,4.8828125e-04
2046,U~KHNHHA,4.8828125e-04
2047,U~IEIHHA,4.8828125e-04
