sids,lon,lat,depth,geology,region,slope,vs30,xvf,vs30measured
0,22.93400,40.57880,0.00000,UNKNOWN,2,2.41845E-02,5.47774E+02,-1.50000E+02,0
1,22.93569,40.57880,0.00000,UNKNOWN,2,2.41845E-02,5.47774E+02,-1.50000E+02,0
2,22.93739,40.57880,0.00000,UNKNOWN,2,2.41845E-02,5.47774E+02,-1.50000E+02,0
3,22.93909,40.57880,0.00000,UNKNOWN,2,2.41845E-02,5.47774E+02,-1.50000E+02,0
4,22.94079,40.57880,0.00000,UNKNOWN,2,2.41845E-02,5.47774E+02,-1.50000E+02,0
5,22.94248,40.57880,0.00000,UNKNOWN,2,2.80341E-02,4.49078E+02,-1.50000E+02,0
6,22.94418,40.57880,0.00000,UNKNOWN,2,2.80341E-02,4.49078E+02,-1.50000E+02,0
7,22.94588,40.57880,0.00000,UNKNOWN,2,2.80341E-02,4.49078E+02,-1.50000E+02,0
8,22.94757,40.57880,0.00000,UNKNOWN,2,2.80341E-02,4.49078E+02,-1.50000E+02,0
9,22.94927,40.57880,0.00000,UNKNOWN,2,2.80341E-02,4.49078E+02,-1.50000E+02,0
10,22.95097,40.57880,0.00000,UNKNOWN,2,2.19443E-02,3.87964E+02,-1.50000E+02,0
11,22.95266,40.57880,0.00000,UNKNOWN,2,2.19443E-02,3.87964E+02,-1.50000E+02,0
12,22.95436,40.57880,0.00000,UNKNOWN,2,2.19443E-02,3.87964E+02,-1.50000E+02,0
13,22.95606,40.57880,0.00000,UNKNOWN,2,2.19443E-02,3.87964E+02,-1.50000E+02,0
14,22.95775,40.57880,0.00000,UNKNOWN,2,2.19443E-02,3.87964E+02,-1.50000E+02,0
15,22.95945,40.57880,0.00000,CENOZOIC,2,1.06393E-02,3.60769E+02,-1.50000E+02,0
16,22.96115,40.57880,0.00000,CENOZOIC,2,1.06393E-02,3.60769E+02,-1.50000E+02,0
17,22.96285,40.57880,0.00000,CENOZOIC,2,1.06393E-02,3.60769E+02,-1.50000E+02,0
18,22.96454,40.57880,0.00000,CENOZOIC,2,1.06393E-02,3.60769E+02,-1.50000E+02,0
19,22.96624,40.57880,0.00000,CENOZOIC,2,1.06393E-02,3.60769E+02,-1.50000E+02,0
20,22.96794,40.57880,0.00000,CENOZOIC,2,1.11031E-02,3.58301E+02,-1.50000E+02,0
21,22.96963,40.57880,0.00000,CENOZOIC,2,1.11031E-02,3.58301E+02,-1.50000E+02,0
22,22.97133,40.57880,0.00000,CENOZOIC,2,1.11031E-02,3.58301E+02,-1.50000E+02,0
23,22.97303,40.57880,0.00000,CENOZOIC,2,1.11031E-02,3.58301E+02,-1.50000E+02,0
24,22.93400,40.58123,0.00000,UNKNOWN,2,2.41845E-02,5.47774E+02,-1.50000E+02,0
25,22.93569,40.58123,0.00000,UNKNOWN,2,2.41845E-02,5.47774E+02,-1.50000E+02,0
26,22.93739,40.58123,0.00000,UNKNOWN,2,2.41845E-02,5.47774E+02,-1.50000E+02,0
27,22.93909,40.58123,0.00000,UNKNOWN,2,2.41845E-02,5.47774E+02,-1.50000E+02,0
28,22.94079,40.58123,0.00000,UNKNOWN,2,2.41845E-02,5.47774E+02,-1.50000E+02,0
29,22.94248,40.58123,0.00000,UNKNOWN,2,2.80341E-02,4.49078E+02,-1.50000E+02,0
30,22.94418,40.58123,0.00000,UNKNOWN,2,2.80341E-02,4.49078E+02,-1.50000E+02,0
31,22.94588,40.58123,0.00000,UNKNOWN,2,2.80341E-02,4.49078E+02,-1.50000E+02,0
32,22.94757,40.58123,0.00000,UNKNOWN,2,2.80341E-02,4.49078E+02,-1.50000E+02,0
33,22.94927,40.58123,0.00000,UNKNOWN,2,2.80341E-02,4.49078E+02,-1.50000E+02,0
34,22.95097,40.58123,0.00000,UNKNOWN,2,2.19443E-02,3.87964E+02,-1.50000E+02,0
35,22.95266,40.58123,0.00000,UNKNOWN,2,2.19443E-02,3.87964E+02,-1.50000E+02,0
36,22.95436,40.58123,0.00000,UNKNOWN,2,2.19443E-02,3.87964E+02,-1.50000E+02,0
37,22.95606,40.58123,0.00000,UNKNOWN,2,2.19443E-02,3.87964E+02,-1.50000E+02,0
38,22.95775,40.58123,0.00000,UNKNOWN,2,2.19443E-02,3.87964E+02,-1.50000E+02,0
39,22.95945,40.58123,0.00000,CENOZOIC,2,1.06393E-02,3.60769E+02,-1.50000E+02,0
40,22.96115,40.58123,0.00000,CENOZOIC,2,1.06393E-02,3.60769E+02,-1.50000E+02,0
41,22.96285,40.58123,0.00000,CENOZOIC,2,1.06393E-02,3.60769E+02,-1.50000E+02,0
42,22.96454,40.58123,0.00000,CENOZOIC,2,1.06393E-02,3.60769E+02,-1.50000E+02,0
43,22.96624,40.58123,0.00000,CENOZOIC,2,1.06393E-02,3.60769E+02,-1.50000E+02,0
44,22.96794,40.58123,0.00000,CENOZOIC,2,1.11031E-02,3.58301E+02,-1.50000E+02,0
45,22.96963,40.58123,0.00000,CENOZOIC,2,1.11031E-02,3.58301E+02,-1.50000E+02,0
46,22.97133,40.58123,0.00000,CENOZOIC,2,1.11031E-02,3.58301E+02,-1.50000E+02,0
47,22.97303,40.58123,0.00000,CENOZOIC,2,1.11031E-02,3.58301E+02,-1.50000E+02,0
48,22.93400,40.58366,0.00000,UNKNOWN,2,2.03918E-02,5.47774E+02,-1.50000E+02,0
49,22.93569,40.58366,0.00000,UNKNOWN,2,2.03918E-02,5.47774E+02,-1.50000E+02,0
50,22.93739,40.58366,0.00000,UNKNOWN,2,2.03918E-02,5.47774E+02,-1.50000E+02,0
51,22.93909,40.58366,0.00000,UNKNOWN,2,2.03918E-02,5.47774E+02,-1.50000E+02,0
52,22.94079,40.58366,0.00000,UNKNOWN,2,2.03918E-02,5.47774E+02,-1.50000E+02,0
53,22.94248,40.58366,0.00000,UNKNOWN,2,2.10909E-02,4.39889E+02,-1.50000E+02,0
54,22.94418,40.58366,0.00000,UNKNOWN,2,2.10909E-02,4.39889E+02,-1.50000E+02,0
55,22.94588,40.58366,0.00000,UNKNOWN,2,2.10909E-02,4.39889E+02,-1.50000E+02,0
56,22.94757,40.58366,0.00000,UNKNOWN,2,2.10909E-02,4.39889E+02,-1.50000E+02,0
57,22.94927,40.58366,0.00000,UNKNOWN,2,2.10909E-02,4.39889E+02,-1.50000E+02,0
58,22.95097,40.58366,0.00000,CENOZOIC,2,2.21183E-02,3.73225E+02,-1.50000E+02,0
59,22.95266,40.58366,0.00000,CENOZOIC,2,2.21183E-02,3.73225E+02,-1.50000E+02,0
60,22.95436,40.58366,0.00000,CENOZOIC,2,2.21183E-02,3.73225E+02,-1.50000E+02,0
61,22.95606,40.58366,0.00000,CENOZOIC,2,2.21183E-02,3.73225E+02,-1.50000E+02,0
62,22.95775,40.58366,0.00000,CENOZOIC,2,2.21183E-02,3.73225E+02,-1.50000E+02,0
63,22.95945,40.58366,0.00000,CENOZOIC,2,2.33197E-02,3.58743E+02,-1.50000E+02,0
64,22.96115,40.58366,0.00000,CENOZOIC,2,2.33197E-02,3.58743E+02,-1.50000E+02,0
65,22.96285,40.58366,0.00000,CENOZOIC,2,2.33197E-02,3.58743E+02,-1.50000E+02,0
66,22.96454,40.58366,0.00000,CENOZOIC,2,2.33197E-02,3.58743E+02,-1.50000E+02,0
67,22.96624,40.58366,0.00000,CENOZOIC,2,2.33197E-02,3.58743E+02,-1.50000E+02,0
68,22.96794,40.58366,0.00000,CENOZOIC,2,2.23813E-02,3.69049E+02,-1.50000E+02,0
69,22.96963,40.58366,0.00000,CENOZOIC,2,2.23813E-02,3.69049E+02,-1.50000E+02,0
70,22.97133,40.58366,0.00000,CENOZOIC,2,2.23813E-02,3.69049E+02,-1.50000E+02,0
71,22.97303,40.58366,0.00000,CENOZOIC,2,2.23813E-02,3.69049E+02,-1.50000E+02,0
72,22.93400,40.58609,0.00000,UNKNOWN,2,2.03918E-02,5.47774E+02,-1.50000E+02,0
73,22.93569,40.58609,0.00000,UNKNOWN,2,2.03918E-02,5.47774E+02,-1.50000E+02,0
74,22.93739,40.58609,0.00000,UNKNOWN,2,2.03918E-02,5.47774E+02,-1.50000E+02,0
75,22.93909,40.58609,0.00000,UNKNOWN,2,2.03918E-02,5.47774E+02,-1.50000E+02,0
76,22.94079,40.58609,0.00000,UNKNOWN,2,2.03918E-02,5.47774E+02,-1.50000E+02,0
77,22.94248,40.58609,0.00000,UNKNOWN,2,2.10909E-02,4.39889E+02,-1.50000E+02,0
78,22.94418,40.58609,0.00000,UNKNOWN,2,2.10909E-02,4.39889E+02,-1.50000E+02,0
79,22.94588,40.58609,0.00000,UNKNOWN,2,2.10909E-02,4.39889E+02,-1.50000E+02,0
80,22.94757,40.58609,0.00000,UNKNOWN,2,2.10909E-02,4.39889E+02,-1.50000E+02,0
81,22.94927,40.58609,0.00000,UNKNOWN,2,2.10909E-02,4.39889E+02,-1.50000E+02,0
82,22.95097,40.58609,0.00000,CENOZOIC,2,2.21183E-02,3.73225E+02,-1.50000E+02,0
83,22.95266,40.58609,0.00000,CENOZOIC,2,2.21183E-02,3.73225E+02,-1.50000E+02,0
84,22.95436,40.58609,0.00000,CENOZOIC,2,2.21183E-02,3.73225E+02,-1.50000E+02,0
85,22.95606,40.58609,0.00000,CENOZOIC,2,2.21183E-02,3.73225E+02,-1.50000E+02,0
86,22.95775,40.58609,0.00000,CENOZOIC,2,2.21183E-02,3.73225E+02,-1.50000E+02,0
87,22.95945,40.58609,0.00000,CENOZOIC,2,2.33197E-02,3.58743E+02,-1.50000E+02,0
88,22.96115,40.58609,0.00000,CENOZOIC,2,2.33197E-02,3.58743E+02,-1.50000E+02,0
89,22.96285,40.58609,0.00000,CENOZOIC,2,2.33197E-02,3.58743E+02,-1.50000E+02,0
90,22.96454,40.58609,0.00000,CENOZOIC,2,2.33197E-02,3.58743E+02,-1.50000E+02,0
91,22.96624,40.58609,0.00000,CENOZOIC,2,2.33197E-02,3.58743E+02,-1.50000E+02,0
92,22.96794,40.58609,0.00000,CENOZOIC,2,2.23813E-02,3.69049E+02,-1.50000E+02,0
93,22.96963,40.58609,0.00000,CENOZOIC,2,2.23813E-02,3.69049E+02,-1.50000E+02,0
94,22.97133,40.58609,0.00000,CENOZOIC,2,2.23813E-02,3.69049E+02,-1.50000E+02,0
95,22.97303,40.58609,0.00000,CENOZOIC,2,2.23813E-02,3.69049E+02,-1.50000E+02,0
96,22.93400,40.58853,0.00000,UNKNOWN,2,2.03918E-02,5.47774E+02,-1.50000E+02,0
97,22.93569,40.58853,0.00000,UNKNOWN,2,2.03918E-02,5.47774E+02,-1.50000E+02,0
98,22.93739,40.58853,0.00000,UNKNOWN,2,2.03918E-02,5.47774E+02,-1.50000E+02,0
99,22.93909,40.58853,0.00000,UNKNOWN,2,2.03918E-02,5.47774E+02,-1.50000E+02,0
100,22.94079,40.58853,0.00000,UNKNOWN,2,2.03918E-02,5.47774E+02,-1.50000E+02,0
101,22.94248,40.58853,0.00000,UNKNOWN,2,2.10909E-02,4.39889E+02,-1.50000E+02,0
102,22.94418,40.58853,0.00000,UNKNOWN,2,2.10909E-02,4.39889E+02,-1.50000E+02,0
103,22.94588,40.58853,0.00000,UNKNOWN,2,2.10909E-02,4.39889E+02,-1.50000E+02,0
104,22.94757,40.58853,0.00000,UNKNOWN,2,2.10909E-02,4.39889E+02,-1.50000E+02,0
105,22.94927,40.58853,0.00000,UNKNOWN,2,2.10909E-02,4.39889E+02,-1.50000E+02,0
106,22.95097,40.58853,0.00000,CENOZOIC,2,2.21183E-02,3.73225E+02,-1.50000E+02,0
107,22.95266,40.58853,0.00000,CENOZOIC,2,2.21183E-02,3.73225E+02,-1.50000E+02,0
108,22.95436,40.58853,0.00000,CENOZOIC,2,2.21183E-02,3.73225E+02,-1.50000E+02,0
109,22.95606,40.58853,0.00000,CENOZOIC,2,2.21183E-02,3.73225E+02,-1.50000E+02,0
110,22.95775,40.58853,0.00000,CENOZOIC,2,2.21183E-02,3.73225E+02,-1.50000E+02,0
111,22.95945,40.58853,0.00000,CENOZOIC,2,2.33197E-02,3.58743E+02,-1.50000E+02,0
112,22.96115,40.58853,0.00000,CENOZOIC,2,2.33197E-02,3.58743E+02,-1.50000E+02,0
113,22.96285,40.58853,0.00000,CENOZOIC,2,2.33197E-02,3.58743E+02,-1.50000E+02,0
114,22.96454,40.58853,0.00000,CENOZOIC,2,2.33197E-02,3.58743E+02,-1.50000E+02,0
115,22.96624,40.58853,0.00000,CENOZOIC,2,2.33197E-02,3.58743E+02,-1.50000E+02,0
116,22.96794,40.58853,0.00000,CENOZOIC,2,2.23813E-02,3.69049E+02,-1.50000E+02,0
117,22.96963,40.58853,0.00000,CENOZOIC,2,2.23813E-02,3.69049E+02,-1.50000E+02,0
118,22.97133,40.58853,0.00000,CENOZOIC,2,2.23813E-02,3.69049E+02,-1.50000E+02,0
119,22.97303,40.58853,0.00000,CENOZOIC,2,2.23813E-02,3.69049E+02,-1.50000E+02,0
120,22.93400,40.59096,0.00000,UNKNOWN,2,2.03918E-02,5.47774E+02,-1.50000E+02,0
121,22.93569,40.59096,0.00000,UNKNOWN,2,2.03918E-02,5.47774E+02,-1.50000E+02,0
122,22.93739,40.59096,0.00000,UNKNOWN,2,2.03918E-02,5.47774E+02,-1.50000E+02,0
123,22.93909,40.59096,0.00000,UNKNOWN,2,2.03918E-02,5.47774E+02,-1.50000E+02,0
124,22.94079,40.59096,0.00000,UNKNOWN,2,2.03918E-02,5.47774E+02,-1.50000E+02,0
125,22.94248,40.59096,0.00000,UNKNOWN,2,2.10909E-02,4.39889E+02,-1.50000E+02,0
126,22.94418,40.59096,0.00000,UNKNOWN,2,2.10909E-02,4.39889E+02,-1.50000E+02,0
127,22.94588,40.59096,0.00000,UNKNOWN,2,2.10909E-02,4.39889E+02,-1.50000E+02,0
128,22.94757,40.59096,0.00000,UNKNOWN,2,2.10909E-02,4.39889E+02,-1.50000E+02,0
129,22.94927,40.59096,0.00000,UNKNOWN,2,2.10909E-02,4.39889E+02,-1.50000E+02,0
130,22.95097,40.59096,0.00000,CENOZOIC,2,2.21183E-02,3.73225E+02,-1.50000E+02,0
131,22.95266,40.59096,0.00000,CENOZOIC,2,2.21183E-02,3.73225E+02,-1.50000E+02,0
132,22.95436,40.59096,0.00000,CENOZOIC,2,2.21183E-02,3.73225E+02,-1.50000E+02,0
133,22.95606,40.59096,0.00000,CENOZOIC,2,2.21183E-02,3.73225E+02,-1.50000E+02,0
134,22.95775,40.59096,0.00000,CENOZOIC,2,2.21183E-02,3.73225E+02,-1.50000E+02,0
135,22.95945,40.59096,0.00000,CENOZOIC,2,2.33197E-02,3.58743E+02,-1.50000E+02,0
136,22.96115,40.59096,0.00000,CENOZOIC,2,2.33197E-02,3.58743E+02,-1.50000E+02,0
137,22.96285,40.59096,0.00000,CENOZOIC,2,2.33197E-02,3.58743E+02,-1.50000E+02,0
138,22.96454,40.59096,0.00000,CENOZOIC,2,2.33197E-02,3.58743E+02,-1.50000E+02,0
139,22.96624,40.59096,0.00000,CENOZOIC,2,2.33197E-02,3.58743E+02,-1.50000E+02,0
140,22.96794,40.59096,0.00000,CENOZOIC,2,2.23813E-02,3.69049E+02,-1.50000E+02,0
141,22.96963,40.59096,0.00000,CENOZOIC,2,2.23813E-02,3.69049E+02,-1.50000E+02,0
142,22.97133,40.59096,0.00000,CENOZOIC,2,2.23813E-02,3.69049E+02,-1.50000E+02,0
143,22.97303,40.59096,0.00000,CENOZOIC,2,2.23813E-02,3.69049E+02,-1.50000E+02,0
144,22.94248,40.59339,0.00000,UNKNOWN,2,2.13668E-02,4.80628E+02,-1.50000E+02,0
145,22.94418,40.59339,0.00000,UNKNOWN,2,2.13668E-02,4.80628E+02,-1.50000E+02,0
146,22.94588,40.59339,0.00000,UNKNOWN,2,2.13668E-02,4.80628E+02,-1.50000E+02,0
147,22.94757,40.59339,0.00000,UNKNOWN,2,2.13668E-02,4.80628E+02,-1.50000E+02,0
148,22.94927,40.59339,0.00000,UNKNOWN,2,2.13668E-02,4.80628E+02,-1.50000E+02,0
149,22.95097,40.59339,0.00000,CENOZOIC,2,1.80584E-02,3.63381E+02,-1.50000E+02,0
150,22.95266,40.59339,0.00000,CENOZOIC,2,1.80584E-02,3.63381E+02,-1.50000E+02,0
151,22.95436,40.59339,0.00000,CENOZOIC,2,1.80584E-02,3.63381E+02,-1.50000E+02,0
152,22.95606,40.59339,0.00000,CENOZOIC,2,1.80584E-02,3.63381E+02,-1.50000E+02,0
153,22.95775,40.59339,0.00000,CENOZOIC,2,1.80584E-02,3.63381E+02,-1.50000E+02,0
154,22.95945,40.59339,0.00000,CENOZOIC,2,1.84413E-02,3.68616E+02,-1.50000E+02,0
155,22.96115,40.59339,0.00000,CENOZOIC,2,1.84413E-02,3.68616E+02,-1.50000E+02,0
156,22.96285,40.59339,0.00000,CENOZOIC,2,1.84413E-02,3.68616E+02,-1.50000E+02,0
157,22.96454,40.59339,0.00000,CENOZOIC,2,1.84413E-02,3.68616E+02,-1.50000E+02,0
158,22.96624,40.59339,0.00000,CENOZOIC,2,1.84413E-02,3.68616E+02,-1.50000E+02,0
159,22.96794,40.59339,0.00000,CENOZOIC,2,2.46374E-02,3.86847E+02,-1.50000E+02,0
160,22.96963,40.59339,0.00000,CENOZOIC,2,2.46374E-02,3.86847E+02,-1.50000E+02,0
161,22.97133,40.59339,0.00000,CENOZOIC,2,2.46374E-02,3.86847E+02,-1.50000E+02,0
162,22.97303,40.59339,0.00000,CENOZOIC,2,2.46374E-02,3.86847E+02,-1.50000E+02,0
163,22.94248,40.59582,0.00000,UNKNOWN,2,2.13668E-02,4.80628E+02,-1.50000E+02,0
164,22.94418,40.59582,0.00000,UNKNOWN,2,2.13668E-02,4.80628E+02,-1.50000E+02,0
165,22.94588,40.59582,0.00000,UNKNOWN,2,2.13668E-02,4.80628E+02,-1.50000E+02,0
166,22.94757,40.59582,0.00000,UNKNOWN,2,2.13668E-02,4.80628E+02,-1.50000E+02,0
167,22.94927,40.59582,0.00000,UNKNOWN,2,2.13668E-02,4.80628E+02,-1.50000E+02,0
168,22.95097,40.59582,0.00000,CENOZOIC,2,1.80584E-02,3.63381E+02,-1.50000E+02,0
169,22.95266,40.59582,0.00000,CENOZOIC,2,1.80584E-02,3.63381E+02,-1.50000E+02,0
170,22.95436,40.59582,0.00000,CENOZOIC,2,1.80584E-02,3.63381E+02,-1.50000E+02,0
171,22.95606,40.59582,0.00000,CENOZOIC,2,1.80584E-02,3.63381E+02,-1.50000E+02,0
172,22.95775,40.59582,0.00000,CENOZOIC,2,1.80584E-02,3.63381E+02,-1.50000E+02,0
173,22.95945,40.59582,0.00000,CENOZOIC,2,1.84413E-02,3.68616E+02,-1.50000E+02,0
174,22.96115,40.59582,0.00000,CENOZOIC,2,1.84413E-02,3.68616E+02,-1.50000E+02,0
175,22.96285,40.59582,0.00000,CENOZOIC,2,1.84413E-02,3.68616E+02,-1.50000E+02,0
176,22.96454,40.59582,0.00000,CENOZOIC,2,1.84413E-02,3.68616E+02,-1.50000E+02,0
177,22.96624,40.59582,0.00000,CENOZOIC,2,1.84413E-02,3.68616E+02,-1.50000E+02,0
178,22.96794,40.59582,0.00000,CENOZOIC,2,2.46374E-02,3.86847E+02,-1.50000E+02,0
179,22.96963,40.59582,0.00000,CENOZOIC,2,2.46374E-02,3.86847E+02,-1.50000E+02,0
180,22.97133,40.59582,0.00000,CENOZOIC,2,2.46374E-02,3.86847E+02,-1.50000E+02,0
181,22.97303,40.59582,0.00000,CENOZOIC,2,2.46374E-02,3.86847E+02,-1.50000E+02,0
182,22.94248,40.59826,0.00000,UNKNOWN,2,2.13668E-02,4.80628E+02,-1.50000E+02,0
183,22.94418,40.59826,0.00000,UNKNOWN,2,2.13668E-02,4.80628E+02,-1.50000E+02,0
184,22.94588,40.59826,0.00000,UNKNOWN,2,2.13668E-02,4.80628E+02,-1.50000E+02,0
185,22.94757,40.59826,0.00000,UNKNOWN,2,2.13668E-02,4.80628E+02,-1.50000E+02,0
186,22.94927,40.59826,0.00000,UNKNOWN,2,2.13668E-02,4.80628E+02,-1.50000E+02,0
187,22.95097,40.59826,0.00000,CENOZOIC,2,1.80584E-02,3.63381E+02,-1.50000E+02,0
188,22.95266,40.59826,0.00000,CENOZOIC,2,1.80584E-02,3.63381E+02,-1.50000E+02,0
189,22.95436,40.59826,0.00000,CENOZOIC,2,1.80584E-02,3.63381E+02,-1.50000E+02,0
190,22.95606,40.59826,0.00000,CENOZOIC,2,1.80584E-02,3.63381E+02,-1.50000E+02,0
191,22.95775,40.59826,0.00000,CENOZOIC,2,1.80584E-02,3.63381E+02,-1.50000E+02,0
192,22.95945,40.59826,0.00000,CENOZOIC,2,1.84413E-02,3.68616E+02,-1.50000E+02,0
193,22.96115,40.59826,0.00000,CENOZOIC,2,1.84413E-02,3.68616E+02,-1.50000E+02,0
194,22.96285,40.59826,0.00000,CENOZOIC,2,1.84413E-02,3.68616E+02,-1.50000E+02,0
195,22.96454,40.59826,0.00000,CENOZOIC,2,1.84413E-02,3.68616E+02,-1.50000E+02,0
196,22.96624,40.59826,0.00000,CENOZOIC,2,1.84413E-02,3.68616E+02,-1.50000E+02,0
197,22.96794,40.59826,0.00000,CENOZOIC,2,2.46374E-02,3.86847E+02,-1.50000E+02,0
198,22.96963,40.59826,0.00000,CENOZOIC,2,2.46374E-02,3.86847E+02,-1.50000E+02,0
199,22.97133,40.59826,0.00000,CENOZOIC,2,2.46374E-02,3.86847E+02,-1.50000E+02,0
200,22.97303,40.59826,0.00000,CENOZOIC,2,2.46374E-02,3.86847E+02,-1.50000E+02,0
201,22.95097,40.60069,0.00000,UNKNOWN,2,2.20586E-02,3.51231E+02,-1.50000E+02,0
202,22.95266,40.60069,0.00000,UNKNOWN,2,2.20586E-02,3.51231E+02,-1.50000E+02,0
203,22.95436,40.60069,0.00000,UNKNOWN,2,2.20586E-02,3.51231E+02,-1.50000E+02,0
204,22.95606,40.60069,0.00000,UNKNOWN,2,2.20586E-02,3.51231E+02,-1.50000E+02,0
205,22.95775,40.60069,0.00000,UNKNOWN,2,2.20586E-02,3.51231E+02,-1.50000E+02,0
206,22.95945,40.60069,0.00000,CENOZOIC,2,1.56729E-02,3.61462E+02,-1.50000E+02,0
207,22.96115,40.60069,0.00000,CENOZOIC,2,1.56729E-02,3.61462E+02,-1.50000E+02,0
208,22.96285,40.60069,0.00000,CENOZOIC,2,1.56729E-02,3.61462E+02,-1.50000E+02,0
209,22.96454,40.60069,0.00000,CENOZOIC,2,1.56729E-02,3.61462E+02,-1.50000E+02,0
210,22.96624,40.60069,0.00000,CENOZOIC,2,1.56729E-02,3.61462E+02,-1.50000E+02,0
211,22.96794,40.60069,0.00000,CENOZOIC,2,1.94085E-02,3.81516E+02,-1.50000E+02,0
212,22.96963,40.60069,0.00000,CENOZOIC,2,1.94085E-02,3.81516E+02,-1.50000E+02,0
213,22.97133,40.60069,0.00000,CENOZOIC,2,1.94085E-02,3.81516E+02,-1.50000E+02,0
214,22.97303,40.60069,0.00000,CENOZOIC,2,1.94085E-02,3.81516E+02,-1.50000E+02,0
215,22.95097,40.60312,0.00000,UNKNOWN,2,2.20586E-02,3.51231E+02,-1.50000E+02,0
216,22.95266,40.60312,0.00000,UNKNOWN,2,2.20586E-02,3.51231E+02,-1.50000E+02,0
217,22.95436,40.60312,0.00000,UNKNOWN,2,2.20586E-02,3.51231E+02,-1.50000E+02,0
218,22.95606,40.60312,0.00000,UNKNOWN,2,2.20586E-02,3.51231E+02,-1.50000E+02,0
219,22.95775,40.60312,0.00000,UNKNOWN,2,2.20586E-02,3.51231E+02,-1.50000E+02,0
220,22.95945,40.60312,0.00000,CENOZOIC,2,1.56729E-02,3.61462E+02,-1.50000E+02,0
221,22.96115,40.60312,0.00000,CENOZOIC,2,1.56729E-02,3.61462E+02,-1.50000E+02,0
222,22.96285,40.60312,0.00000,CENOZOIC,2,1.56729E-02,3.61462E+02,-1.50000E+02,0
223,22.96454,40.60312,0.00000,CENOZOIC,2,1.56729E-02,3.61462E+02,-1.50000E+02,0
224,22.96624,40.60312,0.00000,CENOZOIC,2,1.56729E-02,3.61462E+02,-1.50000E+02,0
225,22.96794,40.60312,0.00000,CENOZOIC,2,1.94085E-02,3.81516E+02,-1.50000E+02,0
226,22.96963,40.60312,0.00000,CENOZOIC,2,1.94085E-02,3.81516E+02,-1.50000E+02,0
227,22.97133,40.60312,0.00000,CENOZOIC,2,1.94085E-02,3.81516E+02,-1.50000E+02,0
228,22.97303,40.60312,0.00000,CENOZOIC,2,1.94085E-02,3.81516E+02,-1.50000E+02,0
229,22.95097,40.60555,0.00000,UNKNOWN,2,2.20586E-02,3.51231E+02,-1.50000E+02,0
230,22.95266,40.60555,0.00000,UNKNOWN,2,2.20586E-02,3.51231E+02,-1.50000E+02,0
231,22.95436,40.60555,0.00000,UNKNOWN,2,2.20586E-02,3.51231E+02,-1.50000E+02,0
232,22.95606,40.60555,0.00000,UNKNOWN,2,2.20586E-02,3.51231E+02,-1.50000E+02,0
233,22.95775,40.60555,0.00000,UNKNOWN,2,2.20586E-02,3.51231E+02,-1.50000E+02,0
234,22.95945,40.60555,0.00000,CENOZOIC,2,1.56729E-02,3.61462E+02,-1.50000E+02,0
235,22.96115,40.60555,0.00000,CENOZOIC,2,1.56729E-02,3.61462E+02,-1.50000E+02,0
236,22.96285,40.60555,0.00000,CENOZOIC,2,1.56729E-02,3.61462E+02,-1.50000E+02,0
237,22.96454,40.60555,0.00000,CENOZOIC,2,1.56729E-02,3.61462E+02,-1.50000E+02,0
238,22.96624,40.60555,0.00000,CENOZOIC,2,1.56729E-02,3.61462E+02,-1.50000E+02,0
239,22.96794,40.60555,0.00000,CENOZOIC,2,1.94085E-02,3.81516E+02,-1.50000E+02,0
240,22.96963,40.60555,0.00000,CENOZOIC,2,1.94085E-02,3.81516E+02,-1.50000E+02,0
241,22.97133,40.60555,0.00000,CENOZOIC,2,1.94085E-02,3.81516E+02,-1.50000E+02,0
242,22.97303,40.60555,0.00000,CENOZOIC,2,1.94085E-02,3.81516E+02,-1.50000E+02,0
243,22.95097,40.60799,0.00000,UNKNOWN,2,2.20586E-02,3.51231E+02,-1.50000E+02,0
244,22.95266,40.60799,0.00000,UNKNOWN,2,2.20586E-02,3.51231E+02,-1.50000E+02,0
245,22.95436,40.60799,0.00000,UNKNOWN,2,2.20586E-02,3.51231E+02,-1.50000E+02,0
246,22.95606,40.60799,0.00000,UNKNOWN,2,2.20586E-02,3.51231E+02,-1.50000E+02,0
247,22.95775,40.60799,0.00000,UNKNOWN,2,2.20586E-02,3.51231E+02,-1.50000E+02,0
248,22.95945,40.60799,0.00000,CENOZOIC,2,1.56729E-02,3.61462E+02,-1.50000E+02,0
249,22.96115,40.60799,0.00000,CENOZOIC,2,1.56729E-02,3.61462E+02,-1.50000E+02,0
250,22.96285,40.60799,0.00000,CENOZOIC,2,1.56729E-02,3.61462E+02,-1.50000E+02,0
251,22.96454,40.60799,0.00000,CENOZOIC,2,1.56729E-02,3.61462E+02,-1.50000E+02,0
252,22.96624,40.60799,0.00000,CENOZOIC,2,1.56729E-02,3.61462E+02,-1.50000E+02,0
253,22.96794,40.60799,0.00000,CENOZOIC,2,1.94085E-02,3.81516E+02,-1.50000E+02,0
254,22.96963,40.60799,0.00000,CENOZOIC,2,1.94085E-02,3.81516E+02,-1.50000E+02,0
255,22.97133,40.60799,0.00000,CENOZOIC,2,1.94085E-02,3.81516E+02,-1.50000E+02,0
256,22.97303,40.60799,0.00000,CENOZOIC,2,1.94085E-02,3.81516E+02,-1.50000E+02,0
257,22.95097,40.61042,0.00000,UNKNOWN,2,2.42215E-02,3.61443E+02,-1.50000E+02,0
258,22.95266,40.61042,0.00000,UNKNOWN,2,2.42215E-02,3.61443E+02,-1.50000E+02,0
259,22.95436,40.61042,0.00000,UNKNOWN,2,2.42215E-02,3.61443E+02,-1.50000E+02,0
260,22.95606,40.61042,0.00000,UNKNOWN,2,2.42215E-02,3.61443E+02,-1.50000E+02,0
261,22.95775,40.61042,0.00000,UNKNOWN,2,2.42215E-02,3.61443E+02,-1.50000E+02,0
262,22.95945,40.61042,0.00000,CENOZOIC,2,2.66517E-02,3.91938E+02,-1.50000E+02,0
263,22.96115,40.61042,0.00000,CENOZOIC,2,2.66517E-02,3.91938E+02,-1.50000E+02,0
264,22.96285,40.61042,0.00000,CENOZOIC,2,2.66517E-02,3.91938E+02,-1.50000E+02,0
265,22.96454,40.61042,0.00000,CENOZOIC,2,2.66517E-02,3.91938E+02,-1.50000E+02,0
266,22.96624,40.61042,0.00000,CENOZOIC,2,2.66517E-02,3.91938E+02,-1.50000E+02,0
267,22.96794,40.61042,0.00000,CENOZOIC,2,3.34091E-02,4.23400E+02,-1.50000E+02,0
268,22.96963,40.61042,0.00000,CENOZOIC,2,3.34091E-02,4.23400E+02,-1.50000E+02,0
269,22.97133,40.61042,0.00000,CENOZOIC,2,3.34091E-02,4.23400E+02,-1.50000E+02,0
270,22.97303,40.61042,0.00000,CENOZOIC,2,3.34091E-02,4.23400E+02,-1.50000E+02,0
271,22.95097,40.61285,0.00000,UNKNOWN,2,2.42215E-02,3.61443E+02,-1.50000E+02,0
272,22.95266,40.61285,0.00000,UNKNOWN,2,2.42215E-02,3.61443E+02,-1.50000E+02,0
273,22.95436,40.61285,0.00000,UNKNOWN,2,2.42215E-02,3.61443E+02,-1.50000E+02,0
274,22.95606,40.61285,0.00000,UNKNOWN,2,2.42215E-02,3.61443E+02,-1.50000E+02,0
275,22.95775,40.61285,0.00000,UNKNOWN,2,2.42215E-02,3.61443E+02,-1.50000E+02,0
276,22.95945,40.61285,0.00000,CENOZOIC,2,2.66517E-02,3.91938E+02,-1.50000E+02,0
277,22.96115,40.61285,0.00000,CENOZOIC,2,2.66517E-02,3.91938E+02,-1.50000E+02,0
278,22.96285,40.61285,0.00000,CENOZOIC,2,2.66517E-02,3.91938E+02,-1.50000E+02,0
279,22.96454,40.61285,0.00000,CENOZOIC,2,2.66517E-02,3.91938E+02,-1.50000E+02,0
280,22.96624,40.61285,0.00000,CENOZOIC,2,2.66517E-02,3.91938E+02,-1.50000E+02,0
281,22.96794,40.61285,0.00000,CENOZOIC,2,3.34091E-02,4.23400E+02,-1.50000E+02,0
282,22.96963,40.61285,0.00000,CENOZOIC,2,3.34091E-02,4.23400E+02,-1.50000E+02,0
283,22.97133,40.61285,0.00000,CENOZOIC,2,3.34091E-02,4.23400E+02,-1.50000E+02,0
284,22.97303,40.61285,0.00000,CENOZOIC,2,3.34091E-02,4.23400E+02,-1.50000E+02,0
285,22.95097,40.61528,0.00000,UNKNOWN,2,2.42215E-02,3.61443E+02,-1.50000E+02,0
286,22.95266,40.61528,0.00000,UNKNOWN,2,2.42215E-02,3.61443E+02,-1.50000E+02,0
287,22.95436,40.61528,0.00000,UNKNOWN,2,2.42215E-02,3.61443E+02,-1.50000E+02,0
288,22.95606,40.61528,0.00000,UNKNOWN,2,2.42215E-02,3.61443E+02,-1.50000E+02,0
289,22.95775,40.61528,0.00000,UNKNOWN,2,2.42215E-02,3.61443E+02,-1.50000E+02,0
290,22.95945,40.61528,0.00000,CENOZOIC,2,2.66517E-02,3.91938E+02,-1.50000E+02,0
291,22.96115,40.61528,0.00000,CENOZOIC,2,2.66517E-02,3.91938E+02,-1.50000E+02,0
292,22.96285,40.61528,0.00000,CENOZOIC,2,2.66517E-02,3.91938E+02,-1.50000E+02,0
293,22.96454,40.61528,0.00000,CENOZOIC,2,2.66517E-02,3.91938E+02,-1.50000E+02,0
294,22.96624,40.61528,0.00000,CENOZOIC,2,2.66517E-02,3.91938E+02,-1.50000E+02,0
295,22.96794,40.61528,0.00000,CENOZOIC,2,3.34091E-02,4.23400E+02,-1.50000E+02,0
296,22.96963,40.61528,0.00000,CENOZOIC,2,3.34091E-02,4.23400E+02,-1.50000E+02,0
297,22.97133,40.61528,0.00000,CENOZOIC,2,3.34091E-02,4.23400E+02,-1.50000E+02,0
298,22.97303,40.61528,0.00000,CENOZOIC,2,3.34091E-02,4.23400E+02,-1.50000E+02,0
299,22.94248,40.61772,0.00000,UNKNOWN,2,1.98933E-02,4.79329E+02,-1.50000E+02,0
300,22.94418,40.61772,0.00000,UNKNOWN,2,1.98933E-02,4.79329E+02,-1.50000E+02,0
301,22.94588,40.61772,0.00000,UNKNOWN,2,1.98933E-02,4.79329E+02,-1.50000E+02,0
302,22.94757,40.61772,0.00000,UNKNOWN,2,1.98933E-02,4.79329E+02,-1.50000E+02,0
303,22.94927,40.61772,0.00000,UNKNOWN,2,1.98933E-02,4.79329E+02,-1.50000E+02,0
304,22.95097,40.61772,0.00000,UNKNOWN,2,2.57100E-02,3.87543E+02,-1.50000E+02,0
305,22.95266,40.61772,0.00000,UNKNOWN,2,2.57100E-02,3.87543E+02,-1.50000E+02,0
306,22.95436,40.61772,0.00000,UNKNOWN,2,2.57100E-02,3.87543E+02,-1.50000E+02,0
307,22.95606,40.61772,0.00000,UNKNOWN,2,2.57100E-02,3.87543E+02,-1.50000E+02,0
308,22.95775,40.61772,0.00000,UNKNOWN,2,2.57100E-02,3.87543E+02,-1.50000E+02,0
309,22.95945,40.61772,0.00000,CENOZOIC,2,3.82132E-02,4.48906E+02,-1.50000E+02,0
310,22.96115,40.61772,0.00000,CENOZOIC,2,3.82132E-02,4.48906E+02,-1.50000E+02,0
311,22.96285,40.61772,0.00000,CENOZOIC,2,3.82132E-02,4.48906E+02,-1.50000E+02,0
312,22.96454,40.61772,0.00000,CENOZOIC,2,3.82132E-02,4.48906E+02,-1.50000E+02,0
313,22.96624,40.61772,0.00000,CENOZOIC,2,3.82132E-02,4.48906E+02,-1.50000E+02,0
314,22.96794,40.61772,0.00000,CENOZOIC,2,5.40600E-02,5.10630E+02,-1.50000E+02,0
315,22.96963,40.61772,0.00000,CENOZOIC,2,5.40600E-02,5.10630E+02,-1.50000E+02,0
316,22.97133,40.61772,0.00000,CENOZOIC,2,5.40600E-02,5.10630E+02,-1.50000E+02,0
317,22.97303,40.61772,0.00000,CENOZOIC,2,5.40600E-02,5.10630E+02,-1.50000E+02,0
318,22.94248,40.62015,0.00000,UNKNOWN,2,1.98933E-02,4.79329E+02,-1.50000E+02,0
319,22.94418,40.62015,0.00000,UNKNOWN,2,1.98933E-02,4.79329E+02,-1.50000E+02,0
320,22.94588,40.62015,0.00000,UNKNOWN,2,1.98933E-02,4.79329E+02,-1.50000E+02,0
321,22.94757,40.62015,0.00000,UNKNOWN,2,1.98933E-02,4.79329E+02,-1.50000E+02,0
322,22.94927,40.62015,0.00000,UNKNOWN,2,1.98933E-02,4.79329E+02,-1.50000E+02,0
323,22.95097,40.62015,0.00000,UNKNOWN,2,2.57100E-02,3.87543E+02,-1.50000E+02,0
324,22.95266,40.62015,0.00000,UNKNOWN,2,2.57100E-02,3.87543E+02,-1.50000E+02,0
325,22.95436,40.62015,0.00000,UNKNOWN,2,2.57100E-02,3.87543E+02,-1.50000E+02,0
326,22.95606,40.62015,0.00000,UNKNOWN,2,2.57100E-02,3.87543E+02,-1.50000E+02,0
327,22.95775,40.62015,0.00000,UNKNOWN,2,2.57100E-02,3.87543E+02,-1.50000E+02,0
328,22.95945,40.62015,0.00000,CENOZOIC,2,3.82132E-02,4.48906E+02,-1.50000E+02,0
329,22.96115,40.62015,0.00000,CENOZOIC,2,3.82132E-02,4.48906E+02,-1.50000E+02,0
330,22.96285,40.62015,0.00000,CENOZOIC,2,3.82132E-02,4.48906E+02,-1.50000E+02,0
331,22.96454,40.62015,0.00000,CENOZOIC,2,3.82132E-02,4.48906E+02,-1.50000E+02,0
332,22.96624,40.62015,0.00000,CENOZOIC,2,3.82132E-02,4.48906E+02,-1.50000E+02,0
333,22.96794,40.62015,0.00000,CENOZOIC,2,5.40600E-02,5.10630E+02,-1.50000E+02,0
334,22.96963,40.62015,0.00000,CENOZOIC,2,5.40600E-02,5.10630E+02,-1.50000E+02,0
335,22.97133,40.62015,0.00000,CENOZOIC,2,5.40600E-02,5.10630E+02,-1.50000E+02,0
336,22.97303,40.62015,0.00000,CENOZOIC,2,5.40600E-02,5.10630E+02,-1.50000E+02,0
337,22.94248,40.62258,0.00000,UNKNOWN,2,1.98933E-02,4.79329E+02,-1.50000E+02,0
338,22.94418,40.62258,0.00000,UNKNOWN,2,1.98933E-02,4.79329E+02,-1.50000E+02,0
339,22.94588,40.62258,0.00000,UNKNOWN,2,1.98933E-02,4.79329E+02,-1.50000E+02,0
340,22.94757,40.62258,0.00000,UNKNOWN,2,1.98933E-02,4.79329E+02,-1.50000E+02,0
341,22.94927,40.62258,0.00000,UNKNOWN,2,1.98933E-02,4.79329E+02,-1.50000E+02,0
342,22.95097,40.62258,0.00000,UNKNOWN,2,2.57100E-02,3.87543E+02,-1.50000E+02,0
343,22.95266,40.62258,0.00000,UNKNOWN,2,2.57100E-02,3.87543E+02,-1.50000E+02,0
344,22.95436,40.62258,0.00000,UNKNOWN,2,2.57100E-02,3.87543E+02,-1.50000E+02,0
345,22.95606,40.62258,0.00000,UNKNOWN,2,2.57100E-02,3.87543E+02,-1.50000E+02,0
346,22.95775,40.62258,0.00000,UNKNOWN,2,2.57100E-02,3.87543E+02,-1.50000E+02,0
347,22.95945,40.62258,0.00000,CENOZOIC,2,3.82132E-02,4.48906E+02,-1.50000E+02,0
348,22.96115,40.62258,0.00000,CENOZOIC,2,3.82132E-02,4.48906E+02,-1.50000E+02,0
349,22.96285,40.62258,0.00000,CENOZOIC,2,3.82132E-02,4.48906E+02,-1.50000E+02,0
350,22.96454,40.62258,0.00000,CENOZOIC,2,3.82132E-02,4.48906E+02,-1.50000E+02,0
351,22.96624,40.62258,0.00000,CENOZOIC,2,3.82132E-02,4.48906E+02,-1.50000E+02,0
352,22.96794,40.62258,0.00000,CENOZOIC,2,5.40600E-02,5.10630E+02,-1.50000E+02,0
353,22.96963,40.62258,0.00000,CENOZOIC,2,5.40600E-02,5.10630E+02,-1.50000E+02,0
354,22.97133,40.62258,0.00000,CENOZOIC,2,5.40600E-02,5.10630E+02,-1.50000E+02,0
355,22.97303,40.62258,0.00000,CENOZOIC,2,5.40600E-02,5.10630E+02,-1.50000E+02,0
356,22.93400,40.62502,0.00000,UNKNOWN,2,2.13756E-02,4.86418E+02,-1.50000E+02,0
357,22.93569,40.62502,0.00000,UNKNOWN,2,2.13756E-02,4.86418E+02,-1.50000E+02,0
358,22.93739,40.62502,0.00000,UNKNOWN,2,2.13756E-02,4.86418E+02,-1.50000E+02,0
359,22.93909,40.62502,0.00000,UNKNOWN,2,2.13756E-02,4.86418E+02,-1.50000E+02,0
360,22.94079,40.62502,0.00000,UNKNOWN,2,2.13756E-02,4.86418E+02,-1.50000E+02,0
361,22.94248,40.62502,0.00000,UNKNOWN,2,2.62267E-02,4.64213E+02,-1.50000E+02,0
362,22.94418,40.62502,0.00000,UNKNOWN,2,2.62267E-02,4.64213E+02,-1.50000E+02,0
363,22.94588,40.62502,0.00000,UNKNOWN,2,2.62267E-02,4.64213E+02,-1.50000E+02,0
364,22.94757,40.62502,0.00000,UNKNOWN,2,2.62267E-02,4.64213E+02,-1.50000E+02,0
365,22.94927,40.62502,0.00000,UNKNOWN,2,2.62267E-02,4.64213E+02,-1.50000E+02,0
366,22.95097,40.62502,0.00000,UNKNOWN,2,3.98337E-02,4.62279E+02,-1.50000E+02,0
367,22.95266,40.62502,0.00000,UNKNOWN,2,3.98337E-02,4.62279E+02,-1.50000E+02,0
368,22.95436,40.62502,0.00000,UNKNOWN,2,3.98337E-02,4.62279E+02,-1.50000E+02,0
369,22.95606,40.62502,0.00000,UNKNOWN,2,3.98337E-02,4.62279E+02,-1.50000E+02,0
370,22.95775,40.62502,0.00000,UNKNOWN,2,3.98337E-02,4.62279E+02,-1.50000E+02,0
371,22.95945,40.62502,0.00000,CENOZOIC,2,6.90543E-02,5.49940E+02,-1.50000E+02,0
372,22.96115,40.62502,0.00000,CENOZOIC,2,6.90543E-02,5.49940E+02,-1.50000E+02,0
373,22.96285,40.62502,0.00000,CENOZOIC,2,6.90543E-02,5.49940E+02,-1.50000E+02,0
374,22.96454,40.62502,0.00000,CENOZOIC,2,6.90543E-02,5.49940E+02,-1.50000E+02,0
375,22.96624,40.62502,0.00000,CENOZOIC,2,6.90543E-02,5.49940E+02,-1.50000E+02,0
376,22.96794,40.62502,0.00000,CENOZOIC,2,1.00814E-01,6.24458E+02,-1.50000E+02,0
377,22.96963,40.62502,0.00000,CENOZOIC,2,1.00814E-01,6.24458E+02,-1.50000E+02,0
378,22.97133,40.62502,0.00000,CENOZOIC,2,1.00814E-01,6.24458E+02,-1.50000E+02,0
379,22.97303,40.62502,0.00000,CENOZOIC,2,1.00814E-01,6.24458E+02,-1.50000E+02,0
380,22.93400,40.62745,0.00000,UNKNOWN,2,2.13756E-02,4.86418E+02,-1.50000E+02,0
381,22.93569,40.62745,0.00000,UNKNOWN,2,2.13756E-02,4.86418E+02,-1.50000E+02,0
382,22.93739,40.62745,0.00000,UNKNOWN,2,2.13756E-02,4.86418E+02,-1.50000E+02,0
383,22.93909,40.62745,0.00000,UNKNOWN,2,2.13756E-02,4.86418E+02,-1.50000E+02,0
384,22.94079,40.62745,0.00000,UNKNOWN,2,2.13756E-02,4.86418E+02,-1.50000E+02,0
385,22.94248,40.62745,0.00000,UNKNOWN,2,2.62267E-02,4.64213E+02,-1.50000E+02,0
386,22.94418,40.62745,0.00000,UNKNOWN,2,2.62267E-02,4.64213E+02,-1.50000E+02,0
387,22.94588,40.62745,0.00000,UNKNOWN,2,2.62267E-02,4.64213E+02,-1.50000E+02,0
388,22.94757,40.62745,0.00000,UNKNOWN,2,2.62267E-02,4.64213E+02,-1.50000E+02,0
389,22.94927,40.62745,0.00000,UNKNOWN,2,2.62267E-02,4.64213E+02,-1.50000E+02,0
390,22.95097,40.62745,0.00000,UNKNOWN,2,3.98337E-02,4.62279E+02,-1.50000E+02,0
391,22.95266,40.62745,0.00000,UNKNOWN,2,3.98337E-02,4.62279E+02,-1.50000E+02,0
392,22.95436,40.62745,0.00000,UNKNOWN,2,3.98337E-02,4.62279E+02,-1.50000E+02,0
393,22.95606,40.62745,0.00000,UNKNOWN,2,3.98337E-02,4.62279E+02,-1.50000E+02,0
394,22.95775,40.62745,0.00000,UNKNOWN,2,3.98337E-02,4.62279E+02,-1.50000E+02,0
395,22.95945,40.62745,0.00000,CENOZOIC,2,6.90543E-02,5.49940E+02,-1.50000E+02,0
396,22.96115,40.62745,0.00000,CENOZOIC,2,6.90543E-02,5.49940E+02,-1.50000E+02,0
397,22.96285,40.62745,0.00000,CENOZOIC,2,6.90543E-02,5.49940E+02,-1.50000E+02,0
398,22.96454,40.62745,0.00000,CENOZOIC,2,6.90543E-02,5.49940E+02,-1.50000E+02,0
399,22.96624,40.62745,0.00000,CENOZOIC,2,6.90543E-02,5.49940E+02,-1.50000E+02,0
400,22.96794,40.62745,0.00000,CENOZOIC,2,1.00814E-01,6.24458E+02,-1.50000E+02,0
401,22.96963,40.62745,0.00000,CENOZOIC,2,1.00814E-01,6.24458E+02,-1.50000E+02,0
402,22.97133,40.62745,0.00000,CENOZOIC,2,1.00814E-01,6.24458E+02,-1.50000E+02,0
403,22.97303,40.62745,0.00000,CENOZOIC,2,1.00814E-01,6.24458E+02,-1.50000E+02,0
404,22.93400,40.62988,0.00000,UNKNOWN,2,2.13756E-02,4.86418E+02,-1.50000E+02,0
405,22.93569,40.62988,0.00000,UNKNOWN,2,2.13756E-02,4.86418E+02,-1.50000E+02,0
406,22.93739,40.62988,0.00000,UNKNOWN,2,2.13756E-02,4.86418E+02,-1.50000E+02,0
407,22.93909,40.62988,0.00000,UNKNOWN,2,2.13756E-02,4.86418E+02,-1.50000E+02,0
408,22.94079,40.62988,0.00000,UNKNOWN,2,2.13756E-02,4.86418E+02,-1.50000E+02,0
409,22.94248,40.62988,0.00000,UNKNOWN,2,2.62267E-02,4.64213E+02,-1.50000E+02,0
410,22.94418,40.62988,0.00000,UNKNOWN,2,2.62267E-02,4.64213E+02,-1.50000E+02,0
411,22.94588,40.62988,0.00000,UNKNOWN,2,2.62267E-02,4.64213E+02,-1.50000E+02,0
412,22.94757,40.62988,0.00000,UNKNOWN,2,2.62267E-02,4.64213E+02,-1.50000E+02,0
413,22.94927,40.62988,0.00000,UNKNOWN,2,2.62267E-02,4.64213E+02,-1.50000E+02,0
414,22.95097,40.62988,0.00000,UNKNOWN,2,3.98337E-02,4.62279E+02,-1.50000E+02,0
415,22.95266,40.62988,0.00000,UNKNOWN,2,3.98337E-02,4.62279E+02,-1.50000E+02,0
416,22.95436,40.62988,0.00000,UNKNOWN,2,3.98337E-02,4.62279E+02,-1.50000E+02,0
417,22.95606,40.62988,0.00000,UNKNOWN,2,3.98337E-02,4.62279E+02,-1.50000E+02,0
418,22.95775,40.62988,0.00000,UNKNOWN,2,3.98337E-02,4.62279E+02,-1.50000E+02,0
419,22.95945,40.62988,0.00000,CENOZOIC,2,6.90543E-02,5.49940E+02,-1.50000E+02,0
420,22.96115,40.62988,0.00000,CENOZOIC,2,6.90543E-02,5.49940E+02,-1.50000E+02,0
421,22.96285,40.62988,0.00000,CENOZOIC,2,6.90543E-02,5.49940E+02,-1.50000E+02,0
422,22.96454,40.62988,0.00000,CENOZOIC,2,6.90543E-02,5.49940E+02,-1.50000E+02,0
423,22.96624,40.62988,0.00000,CENOZOIC,2,6.90543E-02,5.49940E+02,-1.50000E+02,0
424,22.96794,40.62988,0.00000,CENOZOIC,2,1.00814E-01,6.24458E+02,-1.50000E+02,0
425,22.96963,40.62988,0.00000,CENOZOIC,2,1.00814E-01,6.24458E+02,-1.50000E+02,0
426,22.97133,40.62988,0.00000,CENOZOIC,2,1.00814E-01,6.24458E+02,-1.50000E+02,0
427,22.97303,40.62988,0.00000,CENOZOIC,2,1.00814E-01,6.24458E+02,-1.50000E+02,0
428,22.93400,40.63231,0.00000,UNKNOWN,2,2.13756E-02,4.86418E+02,-1.50000E+02,0
429,22.93569,40.63231,0.00000,UNKNOWN,2,2.13756E-02,4.86418E+02,-1.50000E+02,0
430,22.93739,40.63231,0.00000,UNKNOWN,2,2.13756E-02,4.86418E+02,-1.50000E+02,0
431,22.93909,40.63231,0.00000,UNKNOWN,2,2.13756E-02,4.86418E+02,-1.50000E+02,0
432,22.94079,40.63231,0.00000,UNKNOWN,2,2.13756E-02,4.86418E+02,-1.50000E+02,0
433,22.94248,40.63231,0.00000,UNKNOWN,2,2.62267E-02,4.64213E+02,-1.50000E+02,0
434,22.94418,40.63231,0.00000,UNKNOWN,2,2.62267E-02,4.64213E+02,-1.50000E+02,0
435,22.94588,40.63231,0.00000,UNKNOWN,2,2.62267E-02,4.64213E+02,-1.50000E+02,0
436,22.94757,40.63231,0.00000,UNKNOWN,2,2.62267E-02,4.64213E+02,-1.50000E+02,0
437,22.94927,40.63231,0.00000,UNKNOWN,2,2.62267E-02,4.64213E+02,-1.50000E+02,0
438,22.95097,40.63231,0.00000,UNKNOWN,2,3.98337E-02,4.62279E+02,-1.50000E+02,0
439,22.95266,40.63231,0.00000,UNKNOWN,2,3.98337E-02,4.62279E+02,-1.50000E+02,0
440,22.95436,40.63231,0.00000,UNKNOWN,2,3.98337E-02,4.62279E+02,-1.50000E+02,0
441,22.95606,40.63231,0.00000,UNKNOWN,2,3.98337E-02,4.62279E+02,-1.50000E+02,0
442,22.95775,40.63231,0.00000,UNKNOWN,2,3.98337E-02,4.62279E+02,-1.50000E+02,0
443,22.95945,40.63231,0.00000,CENOZOIC,2,6.90543E-02,5.49940E+02,-1.50000E+02,0
444,22.96115,40.63231,0.00000,CENOZOIC,2,6.90543E-02,5.49940E+02,-1.50000E+02,0
445,22.96285,40.63231,0.00000,CENOZOIC,2,6.90543E-02,5.49940E+02,-1.50000E+02,0
446,22.96454,40.63231,0.00000,CENOZOIC,2,6.90543E-02,5.49940E+02,-1.50000E+02,0
447,22.96624,40.63231,0.00000,CENOZOIC,2,6.90543E-02,5.49940E+02,-1.50000E+02,0
448,22.96794,40.63231,0.00000,CENOZOIC,2,1.00814E-01,6.24458E+02,-1.50000E+02,0
449,22.96963,40.63231,0.00000,CENOZOIC,2,1.00814E-01,6.24458E+02,-1.50000E+02,0
450,22.97133,40.63231,0.00000,CENOZOIC,2,1.00814E-01,6.24458E+02,-1.50000E+02,0
451,22.97303,40.63231,0.00000,CENOZOIC,2,1.00814E-01,6.24458E+02,-1.50000E+02,0
452,22.92382,40.63475,0.00000,UNKNOWN,2,1.13537E-02,4.50116E+02,-1.50000E+02,0
453,22.92551,40.63475,0.00000,UNKNOWN,2,1.59099E-02,4.19278E+02,-1.50000E+02,0
454,22.92721,40.63475,0.00000,UNKNOWN,2,1.59099E-02,4.19278E+02,-1.50000E+02,0
455,22.92891,40.63475,0.00000,UNKNOWN,2,1.59099E-02,4.19278E+02,-1.50000E+02,0
456,22.93060,40.63475,0.00000,UNKNOWN,2,1.59099E-02,4.19278E+02,-1.50000E+02,0
457,22.93230,40.63475,0.00000,UNKNOWN,2,1.59099E-02,4.19278E+02,-1.50000E+02,0
458,22.93400,40.63475,0.00000,UNKNOWN,2,2.99182E-02,4.15199E+02,-1.50000E+02,0
459,22.93569,40.63475,0.00000,UNKNOWN,2,2.99182E-02,4.15199E+02,-1.50000E+02,0
460,22.93739,40.63475,0.00000,UNKNOWN,2,2.99182E-02,4.15199E+02,-1.50000E+02,0
461,22.93909,40.63475,0.00000,UNKNOWN,2,2.99182E-02,4.15199E+02,-1.50000E+02,0
462,22.94079,40.63475,0.00000,UNKNOWN,2,2.99182E-02,4.15199E+02,-1.50000E+02,0
463,22.94248,40.63475,0.00000,UNKNOWN,2,4.98226E-02,4.83245E+02,-1.50000E+02,0
464,22.94418,40.63475,0.00000,UNKNOWN,2,4.98226E-02,4.83245E+02,-1.50000E+02,0
465,22.94588,40.63475,0.00000,UNKNOWN,2,4.98226E-02,4.83245E+02,-1.50000E+02,0
466,22.94757,40.63475,0.00000,UNKNOWN,2,4.98226E-02,4.83245E+02,-1.50000E+02,0
467,22.94927,40.63475,0.00000,UNKNOWN,2,4.98226E-02,4.83245E+02,-1.50000E+02,0
468,22.95097,40.63475,0.00000,UNKNOWN,2,7.93939E-02,5.47146E+02,-1.50000E+02,0
469,22.95266,40.63475,0.00000,UNKNOWN,2,7.93939E-02,5.47146E+02,-1.50000E+02,0
470,22.95436,40.63475,0.00000,UNKNOWN,2,7.93939E-02,5.47146E+02,-1.50000E+02,0
471,22.95606,40.63475,0.00000,UNKNOWN,2,7.93939E-02,5.47146E+02,-1.50000E+02,0
472,22.95775,40.63475,0.00000,UNKNOWN,2,7.93939E-02,5.47146E+02,-1.50000E+02,0
473,22.95945,40.63475,0.00000,HOLOCENE,2,1.10037E-01,6.19575E+02,-1.50000E+02,0
474,22.96115,40.63475,0.00000,HOLOCENE,2,1.10037E-01,6.19575E+02,-1.50000E+02,0
475,22.96285,40.63475,0.00000,HOLOCENE,2,1.10037E-01,6.19575E+02,-1.50000E+02,0
476,22.96454,40.63475,0.00000,HOLOCENE,2,1.10037E-01,6.19575E+02,-1.50000E+02,0
477,22.96624,40.63475,0.00000,HOLOCENE,2,1.10037E-01,6.19575E+02,-1.50000E+02,0
478,22.96794,40.63475,0.00000,CENOZOIC,2,1.25910E-01,6.67378E+02,-1.50000E+02,0
479,22.96963,40.63475,0.00000,CENOZOIC,2,1.25910E-01,6.67378E+02,-1.50000E+02,0
480,22.97133,40.63475,0.00000,CENOZOIC,2,1.25910E-01,6.67378E+02,-1.50000E+02,0
481,22.97303,40.63475,0.00000,CENOZOIC,2,1.25910E-01,6.67378E+02,-1.50000E+02,0
482,22.92382,40.63718,0.00000,UNKNOWN,2,1.13537E-02,4.50116E+02,-1.50000E+02,0
483,22.92551,40.63718,0.00000,UNKNOWN,2,1.59099E-02,4.19278E+02,-1.50000E+02,0
484,22.92721,40.63718,0.00000,UNKNOWN,2,1.59099E-02,4.19278E+02,-1.50000E+02,0
485,22.92891,40.63718,0.00000,UNKNOWN,2,1.59099E-02,4.19278E+02,-1.50000E+02,0
486,22.93060,40.63718,0.00000,UNKNOWN,2,1.59099E-02,4.19278E+02,-1.50000E+02,0
487,22.93230,40.63718,0.00000,UNKNOWN,2,1.59099E-02,4.19278E+02,-1.50000E+02,0
488,22.93400,40.63718,0.00000,UNKNOWN,2,2.99182E-02,4.15199E+02,-1.50000E+02,0
489,22.93569,40.63718,0.00000,UNKNOWN,2,2.99182E-02,4.15199E+02,-1.50000E+02,0
490,22.93739,40.63718,0.00000,UNKNOWN,2,2.99182E-02,4.15199E+02,-1.50000E+02,0
491,22.93909,40.63718,0.00000,UNKNOWN,2,2.99182E-02,4.15199E+02,-1.50000E+02,0
492,22.94079,40.63718,0.00000,UNKNOWN,2,2.99182E-02,4.15199E+02,-1.50000E+02,0
493,22.94248,40.63718,0.00000,UNKNOWN,2,4.98226E-02,4.83245E+02,-1.50000E+02,0
494,22.94418,40.63718,0.00000,UNKNOWN,2,4.98226E-02,4.83245E+02,-1.50000E+02,0
495,22.94588,40.63718,0.00000,UNKNOWN,2,4.98226E-02,4.83245E+02,-1.50000E+02,0
496,22.94757,40.63718,0.00000,UNKNOWN,2,4.98226E-02,4.83245E+02,-1.50000E+02,0
497,22.94927,40.63718,0.00000,UNKNOWN,2,4.98226E-02,4.83245E+02,-1.50000E+02,0
498,22.95097,40.63718,0.00000,UNKNOWN,2,7.93939E-02,5.47146E+02,-1.50000E+02,0
499,22.95266,40.63718,0.00000,UNKNOWN,2,7.93939E-02,5.47146E+02,-1.50000E+02,0
500,22.95436,40.63718,0.00000,UNKNOWN,2,7.93939E-02,5.47146E+02,-1.50000E+02,0
501,22.95606,40.63718,0.00000,UNKNOWN,2,7.93939E-02,5.47146E+02,-1.50000E+02,0
502,22.95775,40.63718,0.00000,UNKNOWN,2,7.93939E-02,5.47146E+02,-1.50000E+02,0
503,22.95945,40.63718,0.00000,HOLOCENE,2,1.10037E-01,6.19575E+02,-1.50000E+02,0
504,22.96115,40.63718,0.00000,HOLOCENE,2,1.10037E-01,6.19575E+02,-1.50000E+02,0
505,22.96285,40.63718,0.00000,HOLOCENE,2,1.10037E-01,6.19575E+02,-1.50000E+02,0
506,22.96454,40.63718,0.00000,HOLOCENE,2,1.10037E-01,6.19575E+02,-1.50000E+02,0
507,22.96624,40.63718,0.00000,HOLOCENE,2,1.10037E-01,6.19575E+02,-1.50000E+02,0
508,22.96794,40.63718,0.00000,CENOZOIC,2,1.25910E-01,6.67378E+02,-1.50000E+02,0
509,22.96963,40.63718,0.00000,CENOZOIC,2,1.25910E-01,6.67378E+02,-1.50000E+02,0
510,22.97133,40.63718,0.00000,CENOZOIC,2,1.25910E-01,6.67378E+02,-1.50000E+02,0
511,22.97303,40.63718,0.00000,CENOZOIC,2,1.25910E-01,6.67378E+02,-1.50000E+02,0
512,22.92382,40.63961,0.00000,UNKNOWN,2,1.13537E-02,4.50116E+02,-1.50000E+02,0
513,22.92551,40.63961,0.00000,UNKNOWN,2,1.59099E-02,4.19278E+02,-1.50000E+02,0
514,22.92721,40.63961,0.00000,UNKNOWN,2,1.59099E-02,4.19278E+02,-1.50000E+02,0
515,22.92891,40.63961,0.00000,UNKNOWN,2,1.59099E-02,4.19278E+02,-1.50000E+02,0
516,22.93060,40.63961,0.00000,UNKNOWN,2,1.59099E-02,4.19278E+02,-1.50000E+02,0
517,22.93230,40.63961,0.00000,UNKNOWN,2,1.59099E-02,4.19278E+02,-1.50000E+02,0
518,22.93400,40.63961,0.00000,UNKNOWN,2,2.99182E-02,4.15199E+02,-1.50000E+02,0
519,22.93569,40.63961,0.00000,UNKNOWN,2,2.99182E-02,4.15199E+02,-1.50000E+02,0
520,22.93739,40.63961,0.00000,UNKNOWN,2,2.99182E-02,4.15199E+02,-1.50000E+02,0
521,22.93909,40.63961,0.00000,UNKNOWN,2,2.99182E-02,4.15199E+02,-1.50000E+02,0
522,22.94079,40.63961,0.00000,UNKNOWN,2,2.99182E-02,4.15199E+02,-1.50000E+02,0
523,22.94248,40.63961,0.00000,UNKNOWN,2,4.98226E-02,4.83245E+02,-1.50000E+02,0
524,22.94418,40.63961,0.00000,UNKNOWN,2,4.98226E-02,4.83245E+02,-1.50000E+02,0
525,22.94588,40.63961,0.00000,UNKNOWN,2,4.98226E-02,4.83245E+02,-1.50000E+02,0
526,22.94757,40.63961,0.00000,UNKNOWN,2,4.98226E-02,4.83245E+02,-1.50000E+02,0
527,22.94927,40.63961,0.00000,UNKNOWN,2,4.98226E-02,4.83245E+02,-1.50000E+02,0
528,22.95097,40.63961,0.00000,UNKNOWN,2,7.93939E-02,5.47146E+02,-1.50000E+02,0
529,22.95266,40.63961,0.00000,UNKNOWN,2,7.93939E-02,5.47146E+02,-1.50000E+02,0
530,22.95436,40.63961,0.00000,UNKNOWN,2,7.93939E-02,5.47146E+02,-1.50000E+02,0
531,22.95606,40.63961,0.00000,UNKNOWN,2,7.93939E-02,5.47146E+02,-1.50000E+02,0
532,22.95775,40.63961,0.00000,UNKNOWN,2,7.93939E-02,5.47146E+02,-1.50000E+02,0
533,22.95945,40.63961,0.00000,HOLOCENE,2,1.10037E-01,6.19575E+02,-1.50000E+02,0
534,22.96115,40.63961,0.00000,HOLOCENE,2,1.10037E-01,6.19575E+02,-1.50000E+02,0
535,22.96285,40.63961,0.00000,HOLOCENE,2,1.10037E-01,6.19575E+02,-1.50000E+02,0
536,22.96454,40.63961,0.00000,HOLOCENE,2,1.10037E-01,6.19575E+02,-1.50000E+02,0
537,22.96624,40.63961,0.00000,HOLOCENE,2,1.10037E-01,6.19575E+02,-1.50000E+02,0
538,22.96794,40.63961,0.00000,CENOZOIC,2,1.25910E-01,6.67378E+02,-1.50000E+02,0
539,22.96963,40.63961,0.00000,CENOZOIC,2,1.25910E-01,6.67378E+02,-1.50000E+02,0
540,22.97133,40.63961,0.00000,CENOZOIC,2,1.25910E-01,6.67378E+02,-1.50000E+02,0
541,22.97303,40.63961,0.00000,CENOZOIC,2,1.25910E-01,6.67378E+02,-1.50000E+02,0
542,22.92382,40.64204,0.00000,UNKNOWN,2,1.29243E-02,3.20328E+02,-1.50000E+02,0
543,22.92551,40.64204,0.00000,UNKNOWN,2,2.37805E-02,3.87833E+02,-1.50000E+02,0
544,22.92721,40.64204,0.00000,UNKNOWN,2,2.37805E-02,3.87833E+02,-1.50000E+02,0
545,22.92891,40.64204,0.00000,UNKNOWN,2,2.37805E-02,3.87833E+02,-1.50000E+02,0
546,22.93060,40.64204,0.00000,UNKNOWN,2,2.37805E-02,3.87833E+02,-1.50000E+02,0
547,22.93230,40.64204,0.00000,UNKNOWN,2,2.37805E-02,3.87833E+02,-1.50000E+02,0
548,22.93400,40.64204,0.00000,HOLOCENE,2,5.05689E-02,4.68493E+02,-1.50000E+02,0
549,22.93569,40.64204,0.00000,HOLOCENE,2,5.05689E-02,4.68493E+02,-1.50000E+02,0
550,22.93739,40.64204,0.00000,HOLOCENE,2,5.05689E-02,4.68493E+02,-1.50000E+02,0
551,22.93909,40.64204,0.00000,HOLOCENE,2,5.05689E-02,4.68493E+02,-1.50000E+02,0
552,22.94079,40.64204,0.00000,HOLOCENE,2,5.05689E-02,4.68493E+02,-1.50000E+02,0
553,22.94248,40.64204,0.00000,HOLOCENE,2,7.40192E-02,5.20684E+02,-1.50000E+02,0
554,22.94418,40.64204,0.00000,HOLOCENE,2,7.40192E-02,5.20684E+02,-1.50000E+02,0
555,22.94588,40.64204,0.00000,HOLOCENE,2,7.40192E-02,5.20684E+02,-1.50000E+02,0
556,22.94757,40.64204,0.00000,HOLOCENE,2,7.40192E-02,5.20684E+02,-1.50000E+02,0
557,22.94927,40.64204,0.00000,HOLOCENE,2,7.40192E-02,5.20684E+02,-1.50000E+02,0
558,22.95097,40.64204,0.00000,HOLOCENE,2,7.42317E-02,5.51133E+02,-1.50000E+02,0
559,22.95266,40.64204,0.00000,HOLOCENE,2,7.42317E-02,5.51133E+02,-1.50000E+02,0
560,22.95436,40.64204,0.00000,HOLOCENE,2,7.42317E-02,5.51133E+02,-1.50000E+02,0
561,22.95606,40.64204,0.00000,HOLOCENE,2,7.42317E-02,5.51133E+02,-1.50000E+02,0
562,22.95775,40.64204,0.00000,HOLOCENE,2,7.42317E-02,5.51133E+02,-1.50000E+02,0
563,22.95945,40.64204,0.00000,JURASSIC-TRIASSIC,2,6.90658E-02,5.93752E+02,-1.50000E+02,0
564,22.96115,40.64204,0.00000,JURASSIC-TRIASSIC,2,6.90658E-02,5.93752E+02,-1.50000E+02,0
565,22.96285,40.64204,0.00000,JURASSIC-TRIASSIC,2,6.90658E-02,5.93752E+02,-1.50000E+02,0
566,22.96454,40.64204,0.00000,JURASSIC-TRIASSIC,2,6.90658E-02,5.93752E+02,-1.50000E+02,0
567,22.96624,40.64204,0.00000,JURASSIC-TRIASSIC,2,6.90658E-02,5.93752E+02,-1.50000E+02,0
568,22.96794,40.64204,0.00000,JURASSIC-TRIASSIC,2,9.62742E-02,6.16201E+02,-1.50000E+02,0
569,22.96963,40.64204,0.00000,JURASSIC-TRIASSIC,2,9.62742E-02,6.16201E+02,-1.50000E+02,0
570,22.97133,40.64204,0.00000,JURASSIC-TRIASSIC,2,9.62742E-02,6.16201E+02,-1.50000E+02,0
571,22.97303,40.64204,0.00000,JURASSIC-TRIASSIC,2,9.62742E-02,6.16201E+02,-1.50000E+02,0
572,22.92382,40.64448,0.00000,UNKNOWN,2,1.29243E-02,3.20328E+02,-1.50000E+02,0
573,22.92551,40.64448,0.00000,UNKNOWN,2,2.37805E-02,3.87833E+02,-1.50000E+02,0
574,22.92721,40.64448,0.00000,UNKNOWN,2,2.37805E-02,3.87833E+02,-1.50000E+02,0
575,22.92891,40.64448,0.00000,UNKNOWN,2,2.37805E-02,3.87833E+02,-1.50000E+02,0
576,22.93060,40.64448,0.00000,UNKNOWN,2,2.37805E-02,3.87833E+02,-1.50000E+02,0
577,22.93230,40.64448,0.00000,UNKNOWN,2,2.37805E-02,3.87833E+02,-1.50000E+02,0
578,22.93400,40.64448,0.00000,HOLOCENE,2,5.05689E-02,4.68493E+02,-1.50000E+02,0
579,22.93569,40.64448,0.00000,HOLOCENE,2,5.05689E-02,4.68493E+02,-1.50000E+02,0
580,22.93739,40.64448,0.00000,HOLOCENE,2,5.05689E-02,4.68493E+02,-1.50000E+02,0
581,22.93909,40.64448,0.00000,HOLOCENE,2,5.05689E-02,4.68493E+02,-1.50000E+02,0
582,22.94079,40.64448,0.00000,HOLOCENE,2,5.05689E-02,4.68493E+02,-1.50000E+02,0
583,22.94248,40.64448,0.00000,HOLOCENE,2,7.40192E-02,5.20684E+02,-1.50000E+02,0
584,22.94418,40.64448,0.00000,HOLOCENE,2,7.40192E-02,5.20684E+02,-1.50000E+02,0
585,22.94588,40.64448,0.00000,HOLOCENE,2,7.40192E-02,5.20684E+02,-1.50000E+02,0
586,22.94757,40.64448,0.00000,HOLOCENE,2,7.40192E-02,5.20684E+02,-1.50000E+02,0
587,22.94927,40.64448,0.00000,HOLOCENE,2,7.40192E-02,5.20684E+02,-1.50000E+02,0
588,22.95097,40.64448,0.00000,HOLOCENE,2,7.42317E-02,5.51133E+02,-1.50000E+02,0
589,22.95266,40.64448,0.00000,HOLOCENE,2,7.42317E-02,5.51133E+02,-1.50000E+02,0
590,22.95436,40.64448,0.00000,HOLOCENE,2,7.42317E-02,5.51133E+02,-1.50000E+02,0
591,22.95606,40.64448,0.00000,HOLOCENE,2,7.42317E-02,5.51133E+02,-1.50000E+02,0
592,22.95775,40.64448,0.00000,HOLOCENE,2,7.42317E-02,5.51133E+02,-1.50000E+02,0
593,22.95945,40.64448,0.00000,JURASSIC-TRIASSIC,2,6.90658E-02,5.93752E+02,-1.50000E+02,0
594,22.96115,40.64448,0.00000,JURASSIC-TRIASSIC,2,6.90658E-02,5.93752E+02,-1.50000E+02,0
595,22.96285,40.64448,0.00000,JURASSIC-TRIASSIC,2,6.90658E-02,5.93752E+02,-1.50000E+02,0
596,22.96454,40.64448,0.00000,JURASSIC-TRIASSIC,2,6.90658E-02,5.93752E+02,-1.50000E+02,0
597,22.96624,40.64448,0.00000,JURASSIC-TRIASSIC,2,6.90658E-02,5.93752E+02,-1.50000E+02,0
598,22.96794,40.64448,0.00000,JURASSIC-TRIASSIC,2,9.62742E-02,6.16201E+02,-1.50000E+02,0
599,22.96963,40.64448,0.00000,JURASSIC-TRIASSIC,2,9.62742E-02,6.16201E+02,-1.50000E+02,0
600,22.97133,40.64448,0.00000,JURASSIC-TRIASSIC,2,9.62742E-02,6.16201E+02,-1.50000E+02,0
601,22.97303,40.64448,0.00000,JURASSIC-TRIASSIC,2,9.62742E-02,6.16201E+02,-1.50000E+02,0
602,22.92382,40.64691,0.00000,UNKNOWN,2,1.29243E-02,3.20328E+02,-1.50000E+02,0
603,22.92551,40.64691,0.00000,UNKNOWN,2,2.37805E-02,3.87833E+02,-1.50000E+02,0
604,22.92721,40.64691,0.00000,UNKNOWN,2,2.37805E-02,3.87833E+02,-1.50000E+02,0
605,22.92891,40.64691,0.00000,UNKNOWN,2,2.37805E-02,3.87833E+02,-1.50000E+02,0
606,22.93060,40.64691,0.00000,UNKNOWN,2,2.37805E-02,3.87833E+02,-1.50000E+02,0
607,22.93230,40.64691,0.00000,UNKNOWN,2,2.37805E-02,3.87833E+02,-1.50000E+02,0
608,22.93400,40.64691,0.00000,HOLOCENE,2,5.05689E-02,4.68493E+02,-1.50000E+02,0
609,22.93569,40.64691,0.00000,HOLOCENE,2,5.05689E-02,4.68493E+02,-1.50000E+02,0
610,22.93739,40.64691,0.00000,HOLOCENE,2,5.05689E-02,4.68493E+02,-1.50000E+02,0
611,22.93909,40.64691,0.00000,HOLOCENE,2,5.05689E-02,4.68493E+02,-1.50000E+02,0
612,22.94079,40.64691,0.00000,HOLOCENE,2,5.05689E-02,4.68493E+02,-1.50000E+02,0
613,22.94248,40.64691,0.00000,HOLOCENE,2,7.40192E-02,5.20684E+02,-1.50000E+02,0
614,22.94418,40.64691,0.00000,HOLOCENE,2,7.40192E-02,5.20684E+02,-1.50000E+02,0
615,22.94588,40.64691,0.00000,HOLOCENE,2,7.40192E-02,5.20684E+02,-1.50000E+02,0
616,22.94757,40.64691,0.00000,HOLOCENE,2,7.40192E-02,5.20684E+02,-1.50000E+02,0
617,22.94927,40.64691,0.00000,HOLOCENE,2,7.40192E-02,5.20684E+02,-1.50000E+02,0
618,22.95097,40.64691,0.00000,HOLOCENE,2,7.42317E-02,5.51133E+02,-1.50000E+02,0
619,22.95266,40.64691,0.00000,HOLOCENE,2,7.42317E-02,5.51133E+02,-1.50000E+02,0
620,22.95436,40.64691,0.00000,HOLOCENE,2,7.42317E-02,5.51133E+02,-1.50000E+02,0
621,22.95606,40.64691,0.00000,HOLOCENE,2,7.42317E-02,5.51133E+02,-1.50000E+02,0
622,22.95775,40.64691,0.00000,HOLOCENE,2,7.42317E-02,5.51133E+02,-1.50000E+02,0
623,22.95945,40.64691,0.00000,JURASSIC-TRIASSIC,2,6.90658E-02,5.93752E+02,-1.50000E+02,0
624,22.96115,40.64691,0.00000,JURASSIC-TRIASSIC,2,6.90658E-02,5.93752E+02,-1.50000E+02,0
625,22.96285,40.64691,0.00000,JURASSIC-TRIASSIC,2,6.90658E-02,5.93752E+02,-1.50000E+02,0
626,22.96454,40.64691,0.00000,JURASSIC-TRIASSIC,2,6.90658E-02,5.93752E+02,-1.50000E+02,0
627,22.96624,40.64691,0.00000,JURASSIC-TRIASSIC,2,6.90658E-02,5.93752E+02,-1.50000E+02,0
628,22.96794,40.64691,0.00000,JURASSIC-TRIASSIC,2,9.62742E-02,6.16201E+02,-1.50000E+02,0
629,22.96963,40.64691,0.00000,JURASSIC-TRIASSIC,2,9.62742E-02,6.16201E+02,-1.50000E+02,0
630,22.97133,40.64691,0.00000,JURASSIC-TRIASSIC,2,9.62742E-02,6.16201E+02,-1.50000E+02,0
631,22.97303,40.64691,0.00000,JURASSIC-TRIASSIC,2,9.62742E-02,6.16201E+02,-1.50000E+02,0
632,22.92382,40.64934,0.00000,UNKNOWN,2,1.29243E-02,3.20328E+02,-1.50000E+02,0
633,22.92551,40.64934,0.00000,UNKNOWN,2,2.37805E-02,3.87833E+02,-1.50000E+02,0
634,22.92721,40.64934,0.00000,UNKNOWN,2,2.37805E-02,3.87833E+02,-1.50000E+02,0
635,22.92891,40.64934,0.00000,UNKNOWN,2,2.37805E-02,3.87833E+02,-1.50000E+02,0
636,22.93060,40.64934,0.00000,UNKNOWN,2,2.37805E-02,3.87833E+02,-1.50000E+02,0
637,22.93230,40.64934,0.00000,UNKNOWN,2,2.37805E-02,3.87833E+02,-1.50000E+02,0
638,22.93400,40.64934,0.00000,HOLOCENE,2,5.05689E-02,4.68493E+02,-1.50000E+02,0
639,22.93569,40.64934,0.00000,HOLOCENE,2,5.05689E-02,4.68493E+02,-1.50000E+02,0
640,22.93739,40.64934,0.00000,HOLOCENE,2,5.05689E-02,4.68493E+02,-1.50000E+02,0
641,22.93909,40.64934,0.00000,HOLOCENE,2,5.05689E-02,4.68493E+02,-1.50000E+02,0
642,22.94079,40.64934,0.00000,HOLOCENE,2,5.05689E-02,4.68493E+02,-1.50000E+02,0
643,22.94248,40.64934,0.00000,HOLOCENE,2,7.40192E-02,5.20684E+02,-1.50000E+02,0
644,22.94418,40.64934,0.00000,HOLOCENE,2,7.40192E-02,5.20684E+02,-1.50000E+02,0
645,22.94588,40.64934,0.00000,HOLOCENE,2,7.40192E-02,5.20684E+02,-1.50000E+02,0
646,22.94757,40.64934,0.00000,HOLOCENE,2,7.40192E-02,5.20684E+02,-1.50000E+02,0
647,22.94927,40.64934,0.00000,HOLOCENE,2,7.40192E-02,5.20684E+02,-1.50000E+02,0
648,22.95097,40.64934,0.00000,HOLOCENE,2,7.42317E-02,5.51133E+02,-1.50000E+02,0
649,22.95266,40.64934,0.00000,HOLOCENE,2,7.42317E-02,5.51133E+02,-1.50000E+02,0
650,22.95436,40.64934,0.00000,HOLOCENE,2,7.42317E-02,5.51133E+02,-1.50000E+02,0
651,22.95606,40.64934,0.00000,HOLOCENE,2,7.42317E-02,5.51133E+02,-1.50000E+02,0
652,22.95775,40.64934,0.00000,HOLOCENE,2,7.42317E-02,5.51133E+02,-1.50000E+02,0
653,22.95945,40.64934,0.00000,JURASSIC-TRIASSIC,2,6.90658E-02,5.93752E+02,-1.50000E+02,0
654,22.96115,40.64934,0.00000,JURASSIC-TRIASSIC,2,6.90658E-02,5.93752E+02,-1.50000E+02,0
655,22.96285,40.64934,0.00000,JURASSIC-TRIASSIC,2,6.90658E-02,5.93752E+02,-1.50000E+02,0
656,22.96454,40.64934,0.00000,JURASSIC-TRIASSIC,2,6.90658E-02,5.93752E+02,-1.50000E+02,0
657,22.96624,40.64934,0.00000,JURASSIC-TRIASSIC,2,6.90658E-02,5.93752E+02,-1.50000E+02,0
658,22.96794,40.64934,0.00000,JURASSIC-TRIASSIC,2,9.62742E-02,6.16201E+02,-1.50000E+02,0
659,22.96963,40.64934,0.00000,JURASSIC-TRIASSIC,2,9.62742E-02,6.16201E+02,-1.50000E+02,0
660,22.97133,40.64934,0.00000,JURASSIC-TRIASSIC,2,9.62742E-02,6.16201E+02,-1.50000E+02,0
661,22.97303,40.64934,0.00000,JURASSIC-TRIASSIC,2,9.62742E-02,6.16201E+02,-1.50000E+02,0
