lon,lat
22.926108999999997,40.645276
22.926310484167363,40.645170847784
22.92651196832896,40.64506569571433
22.926713452075386,40.64496054241927
22.926914935789256,40.64485538918077
22.927116419106852,40.6447502347802
22.927317902374515,40.64464508037799
22.92751938526174,40.64453992486681
22.927720868079536,40.64443476928865
22.927922350540015,40.64432961267903
22.92812383290792,40.64422445592489
22.928325314941663,40.64411929821688
22.9285267968597,40.644014140286856
22.92872830759628,40.643909079143995
22.928929831195862,40.643804061299754
22.929131338212976,40.64369898800414
22.929332835876615,40.64359388350458
22.929534323208404,40.64348874454596
22.92973580329282,40.64338358146644
22.929937261689943,40.643278345948254
22.930138701337917,40.64317304783561
22.930340133648528,40.64306772535159
22.930541558184643,40.64296237703471
22.93074298252448,40.642857028227944
22.93094440660932,40.64275167873494
22.93114583052074,40.64264632882842
22.93134725415435,40.642540978159424
22.931548677637334,40.64243562715317
22.931750100819663,40.64233027530808
22.9319515238742,40.64222492320208
22.932152946605253,40.64211957018094
22.93235436923134,40.64201421697517
22.932555791511096,40.64190886277794
22.932757213708708,40.641803508472385
22.932958635537197,40.64169815309921
22.933160137154157,40.64159306716183
22.933362164890656,40.64148976052756
22.93356414879226,40.64138630511985
22.933765688218607,40.64128134443903
22.933967219684412,40.641176357126874
22.934168750729494,40.641071368567765
22.93437028176523,40.64096638014242
22.934571785189753,40.640861299259385
22.934773287691595,40.64075621544777
22.93497478689109,40.6406511207304
22.935176285761592,40.640546025075615
22.93537778424486,40.64044092828819
22.935579282666737,40.640335831460426
22.93578078072295,40.64023073357235
22.935982278695384,40.64012563556892
22.93618377632533,40.6400205365829
22.936385273848305,40.639915437403765
22.93658677105198,40.63981033731981
22.936788268125508,40.63970523696504
22.936989764902897,40.639600135783134
22.937191261526944,40.63949503425268
22.93739275787804,40.63938993197282
22.93759425405262,40.63928482926676
22.937795749977415,40.63917972588894
22.937997245702512,40.63907462200723
22.938198741200992,40.63896951753144
22.938400236476593,40.63886441247409
22.938601731548754,40.63875930690036
22.938803226374855,40.63865420066742
22.939004721020687,40.63854909399574
22.93920621539729,40.63844398658719
22.93940770961677,40.63833887881753
22.93960920354385,40.63823377023334
22.93981069733697,40.63812866136569
22.94001219081452,40.63802355160591
22.940213684181273,40.63791844164026
22.9404151772093,40.63781333070491
22.94061667014967,40.63770821964127
22.940818162728164,40.63760310753034
22.941019655242144,40.637497995368726
22.941221147371085,40.6373928820822
22.94142263945691,40.637287768816705
22.94162413113805,40.6371826543605
22.941825569484493,40.63707736274867
22.942026277852744,40.636969660977066
22.94222692796268,40.63686176980794
22.942426354857087,40.63674998572434
22.942625744520257,40.63663808380965
22.94282541796966,40.63652707030474
22.943025105289202,40.63641610093911
22.94322615163385,40.63630950920455
22.943427275055942,40.63620317046888
22.94362839807161,40.63609683055878
22.943829521039415,40.63599049065979
22.94403064361386,40.63588414962957
22.944231766123288,40.63577780855377
22.944432888260593,40.635671466417016
22.944634010311653,40.63556512416446
22.94483513201181,40.63545878092112
22.945036253604467,40.63535243749175
22.945237374867464,40.63524609314184
22.94543849600172,40.63513974853571
22.94563961682754,40.635033403079184
22.94584073750338,40.63492705729625
22.946041857892016,40.634820710733166
22.946242978109463,40.63471436377352
22.94644445575878,40.63460921109866
22.946646191543007,40.63450492257482
22.946848031268654,40.63440098692441
22.947049964831805,40.63429737001556
22.947251898189634,40.634193752568024
22.947453831313865,40.63409013448547
22.94765576425808,40.63398651595045
22.947857696943412,40.63388289669433
22.948059629474027,40.63377927707191
22.94826156172044,40.63367565664216
22.94846349383741,40.633572035932254
22.948665425644897,40.63346841432889
22.94886735734822,40.633364792531516
22.949069288716775,40.63326116975455
22.949271220006445,40.633157546869704
22.949473150936075,40.633053922919196
22.949675081812092,40.63295029894692
22.94987701230277,40.63284667382282
22.950078942757116,40.63274304873582
22.950280872816837,40.632639422465374
22.95048280285189,40.632535796271775
22.95068473247825,40.63243216884688
22.950886662090994,40.63232854153645
22.951088591287004,40.63222491296735
22.951290520460738,40.632121284483254
22.951492449243073,40.63201765482678
22.951694377977862,40.63191402516924
22.951896306346434,40.63181039442516
22.952098234642254,40.63170676359414
22.952300162597094,40.63160313176256
22.95250209045392,40.631499499758
22.952704017995007,40.6313958668389
22.952905945412827,40.631292233660794
22.95310787254016,40.631188599654195
22.95330979951897,40.631084965302584
22.953515618634555,40.63099655089132
22.953723945394984,40.63091812414592
22.953932409368836,40.630840340482244
22.95414104109227,40.630763343958925
22.954349670746623,40.63068633772688
22.9545582953043,40.63060930745061
22.954766921298674,40.63053228406648
22.95497555708195,40.63045530712921
22.95518412094657,40.63037799634461
22.955389080148926,40.63028541616406
22.955593829612752,40.63019196304663
22.95579536838127,40.63008707779005
22.955996435249105,40.62998056217632
22.956197501735755,40.629874045474864
22.956398568143957,40.62976752868443
22.956599634191907,40.62966101087531
22.95680070014047,40.62955449290821
22.957001777887438,40.62944801404808
22.957202859816334,40.62934154915981
22.957403943359047,40.62923508976901
22.95760502761807,40.629128632912696
22.957806119956597,40.62902220290587
22.958007216706072,40.62891578763487
22.958206762373727,40.628804457302884
22.95840527206159,40.628689866540185
22.958598058672905,40.628560004354156
22.958786897797914,40.62841972599083
22.95896591934767,40.62825913389882
22.959140601529032,40.628089804112214
22.959295539508194,40.62788984819441
22.959448669275723,40.627687313457535
22.959601421019492,40.62748428062549
22.959754171923862,40.62728124730695
22.959906922321895,40.627078213939875
22.96005967156742,40.62687517967463
22.960212420267176,40.62667214530904
22.960365168206355,40.62646911056064
22.960517931170703,40.62626609618749
22.960670701438392,40.626063092036304
22.960823489127385,40.625860111417154
22.960976276172968,40.625657130568506
22.96112906258874,40.62545414950825
22.96128184790414,40.625251167617385
22.96143463274635,40.62504818572096
22.961587416631907,40.624845203183014
22.961737375034872,40.6246386113036
22.96188510482414,40.62442920173522
22.962010040899443,40.62419531882765
22.962117831559397,40.62394810408394
22.96220557150555,40.6236865826668
22.96226396393197,40.62341084553734
22.962318474577106,40.6231337315834
22.96237159635108,40.62285613414373
22.962424717559255,40.62257853766854
22.96247783794918,40.62230094207341
22.96253095777698,40.622023347443964
22.962584077058686,40.62174575378554
22.962637195714922,40.621468161071576
22.962690313603005,40.62119056925438
22.962743430938797,40.62091297840607
22.962796547728534,40.620635388528754
22.96284966382957,40.62035779957469
22.962902779219547,40.62008021153642
22.962955781231457,40.619802586829614
22.963008616832095,40.61952490783705
22.963061136244953,40.619247125184344
22.963107844357015,40.61896757097907
22.963113587617844,40.61868699980003
22.963060056394482,40.61840987100015
22.962965596451056,40.61815220888422
22.962851395795344,40.61790994939615
22.96272194457264,40.61768079647071
22.96256691164763,40.61748084193753
22.96239655431137,40.617306760763825
22.962209988330574,40.61716128782217
22.962020953543256,40.61702158223447
22.961830363436896,40.61688552920297
22.96163977381388,40.61674947526555
22.961449184403186,40.61661342108552
22.961258595533042,40.61647736585958
22.96106800681832,40.6163413105303
22.96087741870077,40.61620525401656
22.960686830612005,40.616069197709436
22.960496237562868,40.61593315382023
22.960305643525658,40.615797112626765
22.960115035207714,40.615661106671546
22.95992442671924,40.61552510141076
22.959733818852552,40.61538909490436
22.959543211116348,40.61525308835532
22.959352603944918,40.61511708070028
22.959161996961004,40.614981072862996
22.958971390484834,40.6148450640594
22.95878078425323,40.61470905493388
22.958590178472356,40.61457304498165
22.958399572993077,40.61443703456788
22.958208967907463,40.61430102346713
22.95801846488544,40.61416476331289
22.957828057668667,40.61402826943085
22.957640517187848,40.61388512700095
22.957454897869663,40.61373756091498
22.957326644996623,40.61351497262272
22.95724161630614,40.61325562433206
22.957212687312943,40.61297195905024
22.957229536751658,40.612686832613605
22.957249972170356,40.61240181242363
22.957270597353816,40.61211681755229
22.957291717799198,40.6118318870485
22.957313638176668,40.61154706345356
22.95733561513786,40.61126224856
22.957357591852023,40.61097743484712
22.957379568293035,40.610692622311355
22.957401544387288,40.61040781094279
22.957423520234528,40.61012300075482
22.95744549583479,40.609838191747436
22.957467471154526,40.609553383916094
22.95748944613744,40.609268577253204
22.957511420870862,40.60898377177048
22.95753339535734,40.60869896746827
22.95755536955791,40.60841416434131
22.95757734342766,40.6081293623835
22.95759931704745,40.60784456160574
22.957621290420317,40.60755976200837
22.9576432635053,40.60727496358591
22.95766523625837,40.606990166332366
22.957701027573517,40.60670823464985
22.957751248385044,40.60642988720479
22.957814497814383,40.60615609297342
22.957887975000116,40.60588685839143
22.95796358300004,40.605618595955704
22.95803919337974,40.60535033576849
22.958114838369866,40.60508209370043
22.95819055085328,40.60481388597744
22.958266298260284,40.60454569654546
22.958342044833163,40.604277507778114
22.95841779041902,40.60400931960001
22.958493535315807,40.60374113215808
22.95856927952354,40.60347294545235
22.958645022700644,40.6032047593143
22.958720765087417,40.602936573862486
22.95877652685033,40.60266237266766
22.95878524646196,40.60237643110012
22.958727919853352,40.602100945112
22.958662214343118,40.60182822741341
22.95859330973215,40.60155684617353
22.95852440593241,40.60128546567573
22.958455484515444,40.60101409409255
22.958386596446967,40.600742708828164
22.95831299463743,40.60047425394679
22.958195293837303,40.600233961342
22.95804279377687,40.6000355263435
22.957870585750776,40.59986189993701
22.957679066722857,40.599729255922945
22.95748549911018,40.599600898268754
22.957324526824372,40.599410377027304
22.957200433277627,40.59918881997837
22.957160766111194,40.59890804585562
22.957260604356023,40.598655016899535
22.95741036028683,40.59845955851007
22.957596311397307,40.59831275790567
22.957798862538876,40.59821716744893
22.958008549871337,40.59814539294558
22.95821388204535,40.598055795946976
22.958414986477973,40.597949455352
22.958610015244243,40.59782633354444
22.95879866457684,40.59768567427353
22.958983411907337,40.59753642981083
22.95916549420606,40.597381393918695
22.959347575846245,40.59722635703558
22.959529509546726,40.59707102188609
22.959697706967038,40.59689087411092
22.959855996282677,40.59669720289711
22.959985251777777,40.596467520059086
22.960114506288566,40.59623783704289
22.96024015869062,40.59600493343342
22.96034929108497,40.59575768996635
22.96044522155821,40.59550129569323
22.9605361600769,40.595241518571484
22.960627413457203,40.59498193517318
22.960720277840487,40.59472335333466
22.960813356942307,40.594464906266175
22.96090693186305,40.59420680030183
22.961013524916595,40.593957636722564
22.96115746481983,40.593750458129676
22.96132775283812,40.59357356936064
22.961520794050703,40.59344512826073
22.961717319090088,40.59332477044841
22.961913843636655,40.593204411447786
22.962110415860362,40.593084192493535
22.96231344819778,40.59298470998198
22.962517322639297,40.59288802486245
22.962725102258048,40.592807454691375
22.96293375926551,40.59273062176384
22.963147321199937,40.59268904687423
22.96336321224345,40.59266578370502
22.963579121070094,40.592660134150265
22.963795009239007,40.59268344384766
22.964010897412876,40.59270675347303
22.96422678564215,40.592730062210656
22.96444267387142,40.592753370956416
22.964658562148127,40.59277667894321
22.964874450437758,40.59279998672921
22.965090338756937,40.59282329404532
22.965306227106907,40.59284660087163
22.965522115468566,40.592869907517056
22.96573800387889,40.592893213383554
22.965953892289715,40.59291651925006
22.9661697807537,40.592939824265
22.966385669224362,40.59296312917995
22.966601557731316,40.592986433516096
22.96681744626232,40.59300973747131
22.967033335015714,40.5930330378368
22.967249224275406,40.593056330019145
22.967465113620698,40.59307962082267
22.9676810064525,40.593102855141915
22.967896899337184,40.593126088611314
22.968112789162408,40.593149371653126
22.968328677754446,40.593172674678
22.968544558803423,40.59319609903575
22.968760429277328,40.59321969331071
22.968976301532194,40.59324325905158
22.969192186723085,40.593266617058596
22.969408071913968,40.59328997507378
22.96962450976197,40.59329975886391
22.969841054566206,40.59330665694196
22.970056164351636,40.593287096381886
22.970257593370658,40.59318438308211
22.970431453864293,40.59301503570851
22.970569116442988,40.592794938785666
22.970665857881464,40.59253949570974
22.970719494042957,40.59226273037198
22.97072996210938,40.59197733744181
22.970706590873306,40.59169289270215
22.970677396976562,40.59140929685443
22.970648202719122,40.5911257022743
22.970619008461675,40.59084210889688
22.97058981420423,40.59055851672218
22.970560619946784,40.59027492575017
22.970531425689337,40.589991335980805
22.970502231431897,40.58970774741411
22.97047303717445,40.58942416005001
22.970443843004457,40.58914057387281
22.970420091658372,40.58885618962929
22.970424931134822,40.58857036145874
22.97045533461617,40.5882870398347
22.97048879956756,40.58800428334711
22.970517737761977,40.5877207384023
22.970518719919824,40.587434859861254
22.970485598130683,40.58715241200412
22.970418111878473,40.58688082229234
22.970317277453425,40.58662790602034
22.970194644703945,40.586392026030055
22.97007054829892,40.58615746354716
22.969946522720434,40.58592283734099
22.96984262229482,40.58567244737167
22.969783275504035,40.58539787786632
22.96976849791074,40.58511278560072
22.96976232672092,40.58482699113825
22.96972738726192,40.58454463202683
22.96967677193859,40.584266386236685
22.969625547105842,40.58398832820378
22.96957432227309,40.58371027132678
22.96954593477353,40.58342755854788
22.969546236942094,40.58314138695806
22.96954653911065,40.58285521659257
