lon,lat,PGV,PGA
22.89771,40.56594,1.000000E+01,1.867379E-01
22.90009,40.56594,1.000000E+01,1.868370E-01
22.90246,40.56594,1.000000E+01,1.869338E-01
22.90484,40.56594,1.000000E+01,1.870369E-01
22.90722,40.56594,1.000000E+01,1.871435E-01
22.90960,40.56594,1.000000E+01,1.872565E-01
22.91197,40.56594,1.000000E+01,1.873735E-01
22.91435,40.56594,1.000000E+01,1.874966E-01
22.91673,40.56594,1.000000E+01,1.876366E-01
22.91910,40.56594,1.000000E+01,1.877719E-01
22.92148,40.56594,1.000000E+01,1.879144E-01
22.92386,40.56594,1.000000E+01,1.880639E-01
22.92623,40.56594,1.000000E+01,1.882196E-01
22.92861,40.56594,1.000000E+01,1.883828E-01
22.93099,40.56594,1.000000E+01,1.885551E-01
22.93337,40.56594,1.000000E+01,1.887313E-01
22.93574,40.56594,1.000000E+01,1.889128E-01
22.93812,40.56594,1.000000E+01,1.891005E-01
22.94050,40.56594,1.000000E+01,1.893137E-01
22.94287,40.56594,1.000000E+01,1.895092E-01
22.94525,40.56594,1.000000E+01,1.897086E-01
22.94763,40.56594,1.000000E+01,1.899197E-01
22.95000,40.56594,1.000000E+01,1.901221E-01
22.95238,40.56594,1.000000E+01,1.903258E-01
22.95476,40.56594,1.000000E+01,1.905285E-01
22.95714,40.56594,1.000000E+01,1.907297E-01
22.95951,40.56594,1.000000E+01,1.909282E-01
22.96189,40.56594,1.000000E+01,1.911230E-01
22.96427,40.56594,1.000000E+01,1.913155E-01
22.96664,40.56594,1.000000E+01,1.915031E-01
22.96902,40.56594,1.000000E+01,1.916868E-01
22.97140,40.56594,1.000000E+01,1.918664E-01
22.97378,40.56594,1.000000E+01,1.920389E-01
22.97615,40.56594,1.000000E+01,1.922055E-01
22.97853,40.56594,1.000000E+01,1.923675E-01
22.98091,40.56594,1.000000E+01,1.925220E-01
22.98328,40.56594,1.000000E+01,1.926722E-01
22.98566,40.56594,1.000000E+01,1.928181E-01
22.98804,40.56594,1.000000E+01,1.929573E-01
22.99041,40.56594,1.000000E+01,1.930940E-01
22.99279,40.56594,1.000000E+01,1.932279E-01
22.99517,40.56594,1.000000E+01,1.933670E-01
22.99755,40.56594,1.000000E+01,1.935068E-01
22.99992,40.56594,1.000000E+01,1.936367E-01
23.00230,40.56594,1.000000E+01,1.937678E-01
22.89771,40.56817,1.000000E+01,1.867490E-01
22.90009,40.56817,1.000000E+01,1.868414E-01
22.90246,40.56817,1.000000E+01,1.869450E-01
22.90484,40.56817,1.000000E+01,1.870512E-01
22.90722,40.56817,1.000000E+01,1.871608E-01
22.90960,40.56817,1.000000E+01,1.872748E-01
22.91197,40.56817,1.000000E+01,1.873933E-01
22.91435,40.56817,1.000000E+01,1.875281E-01
22.91673,40.56817,1.000000E+01,1.876584E-01
22.91910,40.56817,1.000000E+01,1.877947E-01
22.92148,40.56817,1.000000E+01,1.879381E-01
22.92386,40.56817,1.000000E+01,1.880882E-01
22.92623,40.56817,1.000000E+01,1.882446E-01
22.92861,40.56817,1.000000E+01,1.884094E-01
22.93099,40.56817,1.000000E+01,1.885797E-01
22.93337,40.56817,1.000000E+01,1.887565E-01
22.93574,40.56817,1.000000E+01,1.889384E-01
22.93812,40.56817,1.000000E+01,1.891274E-01
22.94050,40.56817,1.000000E+01,1.893398E-01
22.94287,40.56817,1.000000E+01,1.895356E-01
22.94525,40.56817,1.000000E+01,1.897353E-01
22.94763,40.56817,1.000000E+01,1.899468E-01
22.95000,40.56817,1.000000E+01,1.901494E-01
22.95238,40.56817,1.000000E+01,1.903549E-01
22.95476,40.56817,1.000000E+01,1.905577E-01
22.95714,40.56817,1.000000E+01,1.907584E-01
22.95951,40.56817,1.000000E+01,1.909572E-01
22.96189,40.56817,1.000000E+01,1.911539E-01
22.96427,40.56817,1.000000E+01,1.913468E-01
22.96664,40.56817,1.000000E+01,1.915351E-01
22.96902,40.56817,1.000000E+01,1.917200E-01
22.97140,40.56817,1.000000E+01,1.918996E-01
22.97378,40.56817,1.000000E+01,1.920729E-01
22.97615,40.56817,1.000000E+01,1.922411E-01
22.97853,40.56817,1.000000E+01,1.924048E-01
22.98091,40.56817,1.000000E+01,1.925603E-01
22.98328,40.56817,1.000000E+01,1.927121E-01
22.98566,40.56817,1.000000E+01,1.928595E-01
22.98804,40.56817,1.000000E+01,1.930026E-01
22.99041,40.56817,1.000000E+01,1.931408E-01
22.99279,40.56817,1.000000E+01,1.932765E-01
22.99517,40.56817,1.000000E+01,1.934088E-01
22.99755,40.56817,1.000000E+01,1.935520E-01
22.99992,40.56817,1.000000E+01,1.936910E-01
23.00230,40.56817,1.000000E+01,1.938234E-01
22.89771,40.57040,1.000000E+01,1.867757E-01
22.90009,40.57040,1.000000E+01,1.868743E-01
22.90246,40.57040,1.000000E+01,1.869780E-01
22.90484,40.57040,1.000000E+01,1.870892E-01
22.90722,40.57040,1.000000E+01,1.871999E-01
22.90960,40.57040,1.000000E+01,1.873146E-01
22.91197,40.57040,1.000000E+01,1.874448E-01
22.91435,40.57040,1.000000E+01,1.875700E-01
22.91673,40.57040,1.000000E+01,1.877014E-01
22.91910,40.57040,1.000000E+01,1.878386E-01
22.92148,40.57040,1.000000E+01,1.879828E-01
22.92386,40.57040,1.000000E+01,1.881337E-01
22.92623,40.57040,1.000000E+01,1.882909E-01
22.92861,40.57040,1.000000E+01,1.884567E-01
22.93099,40.57040,1.000000E+01,1.886276E-01
22.93337,40.57040,1.000000E+01,1.888051E-01
22.93574,40.57040,1.000000E+01,1.889878E-01
22.93812,40.57040,1.000000E+01,1.891776E-01
22.94050,40.57040,1.000000E+01,1.893907E-01
22.94287,40.57040,1.000000E+01,1.895872E-01
22.94525,40.57040,1.000000E+01,1.897861E-01
22.94763,40.57040,1.000000E+01,1.900002E-01
22.95000,40.57040,1.000000E+01,1.902036E-01
22.95238,40.57040,1.000000E+01,1.904078E-01
22.95476,40.57040,1.000000E+01,1.906110E-01
22.95714,40.57040,1.000000E+01,1.908132E-01
22.95951,40.57040,1.000000E+01,1.910123E-01
22.96189,40.57040,1.000000E+01,1.912101E-01
22.96427,40.57040,1.000000E+01,1.914040E-01
22.96664,40.57040,1.000000E+01,1.915915E-01
22.96902,40.57040,1.000000E+01,1.917776E-01
22.97140,40.57040,1.000000E+01,1.919585E-01
22.97378,40.57040,1.000000E+01,1.921341E-01
22.97615,40.57040,1.000000E+01,1.923037E-01
22.97853,40.57040,1.000000E+01,1.924684E-01
22.98091,40.57040,1.000000E+01,1.926274E-01
22.98328,40.57040,1.000000E+01,1.927804E-01
22.98566,40.57040,1.000000E+01,1.929289E-01
22.98804,40.57040,1.000000E+01,1.930732E-01
22.99041,40.57040,1.000000E+01,1.932125E-01
22.99279,40.57040,1.000000E+01,1.933493E-01
22.99517,40.57040,1.000000E+01,1.934830E-01
22.99755,40.57040,1.000000E+01,1.936269E-01
22.99992,40.57040,1.000000E+01,1.937594E-01
23.00230,40.57040,1.000000E+01,1.938932E-01
22.89771,40.57263,1.000000E+01,1.868311E-01
22.90009,40.57263,1.000000E+01,1.869336E-01
22.90246,40.57263,1.000000E+01,1.870379E-01
22.90484,40.57263,1.000000E+01,1.871496E-01
22.90722,40.57263,1.000000E+01,1.872607E-01
22.90960,40.57263,1.000000E+01,1.873868E-01
22.91197,40.57263,1.000000E+01,1.875072E-01
22.91435,40.57263,1.000000E+01,1.876331E-01
22.91673,40.57263,1.000000E+01,1.877652E-01
22.91910,40.57263,1.000000E+01,1.879032E-01
22.92148,40.57263,1.000000E+01,1.880483E-01
22.92386,40.57263,1.000000E+01,1.882003E-01
22.92623,40.57263,1.000000E+01,1.883586E-01
22.92861,40.57263,1.000000E+01,1.885252E-01
22.93099,40.57263,1.000000E+01,1.886974E-01
22.93337,40.57263,1.000000E+01,1.888761E-01
22.93574,40.57263,1.000000E+01,1.890599E-01
22.93812,40.57263,1.000000E+01,1.892508E-01
22.94050,40.57263,1.000000E+01,1.894468E-01
22.94287,40.57263,1.000000E+01,1.896629E-01
22.94525,40.57263,1.000000E+01,1.898630E-01
22.94763,40.57263,1.000000E+01,1.900785E-01
22.95000,40.57263,1.000000E+01,1.902830E-01
22.95238,40.57263,1.000000E+01,1.904878E-01
22.95476,40.57263,1.000000E+01,1.906928E-01
22.95714,40.57263,1.000000E+01,1.908963E-01
22.95951,40.57263,1.000000E+01,1.910965E-01
22.96189,40.57263,1.000000E+01,1.912936E-01
22.96427,40.57263,1.000000E+01,1.914885E-01
22.96664,40.57263,1.000000E+01,1.916790E-01
22.96902,40.57263,1.000000E+01,1.918638E-01
22.97140,40.57263,1.000000E+01,1.920457E-01
22.97378,40.57263,1.000000E+01,1.922222E-01
22.97615,40.57263,1.000000E+01,1.923938E-01
22.97853,40.57263,1.000000E+01,1.925596E-01
22.98091,40.57263,1.000000E+01,1.927197E-01
22.98328,40.57263,1.000000E+01,1.928734E-01
22.98566,40.57263,1.000000E+01,1.930228E-01
22.98804,40.57263,1.000000E+01,1.931676E-01
22.99041,40.57263,1.000000E+01,1.933091E-01
22.99279,40.57263,1.000000E+01,1.934468E-01
22.99517,40.57263,1.000000E+01,1.935800E-01
22.99755,40.57263,1.000000E+01,1.937146E-01
22.99992,40.57263,1.000000E+01,1.938590E-01
23.00230,40.57263,1.000000E+01,1.939933E-01
22.89771,40.57486,1.000000E+01,1.869119E-01
22.90009,40.57486,1.000000E+01,1.870156E-01
22.90246,40.57486,1.000000E+01,1.871200E-01
22.90484,40.57486,1.000000E+01,1.872315E-01
22.90722,40.57486,1.000000E+01,1.873537E-01
22.90960,40.57486,1.000000E+01,1.874694E-01
22.91197,40.57486,1.000000E+01,1.875904E-01
22.91435,40.57486,1.000000E+01,1.877171E-01
22.91673,40.57486,1.000000E+01,1.878500E-01
22.91910,40.57486,1.000000E+01,1.879888E-01
22.92148,40.57486,1.000000E+01,1.881350E-01
22.92386,40.57486,1.000000E+01,1.882880E-01
22.92623,40.57486,1.000000E+01,1.884473E-01
22.92861,40.57486,1.000000E+01,1.886150E-01
22.93099,40.57486,1.000000E+01,1.887887E-01
22.93337,40.57486,1.000000E+01,1.889688E-01
22.93574,40.57486,1.000000E+01,1.891543E-01
22.93812,40.57486,1.000000E+01,1.893470E-01
22.94050,40.57486,1.000000E+01,1.895434E-01
22.94287,40.57486,1.000000E+01,1.897608E-01
22.94525,40.57486,1.000000E+01,1.899643E-01
22.94763,40.57486,1.000000E+01,1.901796E-01
22.95000,40.57486,1.000000E+01,1.903865E-01
22.95238,40.57486,1.000000E+01,1.905939E-01
22.95476,40.57486,1.000000E+01,1.907988E-01
22.95714,40.57486,1.000000E+01,1.910036E-01
22.95951,40.57486,1.000000E+01,1.912056E-01
22.96189,40.57486,1.000000E+01,1.914037E-01
22.96427,40.57486,1.000000E+01,1.916001E-01
22.96664,40.57486,1.000000E+01,1.917917E-01
22.96902,40.57486,1.000000E+01,1.919795E-01
22.97140,40.57486,1.000000E+01,1.921622E-01
22.97378,40.57486,1.000000E+01,1.923399E-01
22.97615,40.57486,1.000000E+01,1.925122E-01
22.97853,40.57486,1.000000E+01,1.926788E-01
22.98091,40.57486,1.000000E+01,1.928394E-01
22.98328,40.57486,1.000000E+01,1.929937E-01
22.98566,40.57486,1.000000E+01,1.931434E-01
22.98804,40.57486,1.000000E+01,1.932870E-01
22.99041,40.57486,1.000000E+01,1.934273E-01
22.99279,40.57486,1.000000E+01,1.935646E-01
22.99517,40.57486,1.000000E+01,1.937007E-01
22.99755,40.57486,1.000000E+01,1.938356E-01
22.99992,40.57486,1.000000E+01,1.939802E-01
23.00230,40.57486,1.000000E+01,1.941144E-01
22.89771,40.57709,1.000000E+01,1.870160E-01
22.90009,40.57709,1.000000E+01,1.871195E-01
22.90246,40.57709,1.000000E+01,1.872236E-01
22.90484,40.57709,1.000000E+01,1.873458E-01
22.90722,40.57709,1.000000E+01,1.874567E-01
22.90960,40.57709,1.000000E+01,1.875726E-01
22.91197,40.57709,1.000000E+01,1.876936E-01
22.91435,40.57709,1.000000E+01,1.878213E-01
22.91673,40.57709,1.000000E+01,1.879548E-01
22.91910,40.57709,1.000000E+01,1.880945E-01
22.92148,40.57709,1.000000E+01,1.882417E-01
22.92386,40.57709,1.000000E+01,1.883959E-01
22.92623,40.57709,1.000000E+01,1.885565E-01
22.92861,40.57709,1.000000E+01,1.887257E-01
22.93099,40.57709,1.000000E+01,1.889010E-01
22.93337,40.57709,1.000000E+01,1.890830E-01
22.93574,40.57709,1.000000E+01,1.892704E-01
22.93812,40.57709,1.000000E+01,1.894653E-01
22.94050,40.57709,1.000000E+01,1.896635E-01
22.94287,40.57709,1.000000E+01,1.898832E-01
22.94525,40.57709,1.000000E+01,1.900882E-01
22.94763,40.57709,1.000000E+01,1.903050E-01
22.95000,40.57709,1.000000E+01,1.905139E-01
22.95238,40.57709,1.000000E+01,1.907234E-01
22.95476,40.57709,1.000000E+01,1.909300E-01
22.95714,40.57709,1.000000E+01,1.911365E-01
22.95951,40.57709,1.000000E+01,1.913403E-01
22.96189,40.57709,1.000000E+01,1.915423E-01
22.96427,40.57709,1.000000E+01,1.917403E-01
22.96664,40.57709,1.000000E+01,1.919332E-01
22.96902,40.57709,1.000000E+01,1.921220E-01
22.97140,40.57709,1.000000E+01,1.923057E-01
22.97378,40.57709,1.000000E+01,1.924841E-01
22.97615,40.57709,1.000000E+01,1.926558E-01
22.97853,40.57709,1.000000E+01,1.928238E-01
22.98091,40.57709,1.000000E+01,1.929834E-01
22.98328,40.57709,1.000000E+01,1.931379E-01
22.98566,40.57709,1.000000E+01,1.932876E-01
22.98804,40.57709,1.000000E+01,1.934325E-01
22.99041,40.57709,1.000000E+01,1.935728E-01
22.99279,40.57709,1.000000E+01,1.937102E-01
22.99517,40.57709,1.000000E+01,1.938462E-01
22.99755,40.57709,1.000000E+01,1.939814E-01
22.99992,40.57709,1.000000E+01,1.941252E-01
23.00230,40.57709,1.000000E+01,1.942590E-01
22.89771,40.57932,1.000000E+01,1.871300E-01
22.90009,40.57932,1.000000E+01,1.872333E-01
22.90246,40.57932,1.000000E+01,1.873544E-01
22.90484,40.57932,1.000000E+01,1.874657E-01
22.90722,40.57932,1.000000E+01,1.875802E-01
22.90960,40.57932,1.000000E+01,1.876957E-01
22.91197,40.57932,1.000000E+01,1.878166E-01
22.91435,40.57932,1.000000E+01,1.879445E-01
22.91673,40.57932,1.000000E+01,1.880786E-01
22.91910,40.57932,1.000000E+01,1.882191E-01
22.92148,40.57932,1.000000E+01,1.883673E-01
22.92386,40.57932,1.000000E+01,1.885228E-01
22.92623,40.57932,1.000000E+01,1.886848E-01
22.92861,40.57932,1.000000E+01,1.888560E-01
22.93099,40.57932,1.000000E+01,1.890334E-01
22.93337,40.57932,1.000000E+01,1.892174E-01
22.93574,40.57932,1.000000E+01,1.894071E-01
22.93812,40.57932,1.000000E+01,1.896046E-01
22.94050,40.57932,1.000000E+01,1.898027E-01
22.94287,40.57932,1.000000E+01,1.900251E-01
22.94525,40.57932,1.000000E+01,1.902339E-01
22.94763,40.57932,1.000000E+01,1.904553E-01
22.95000,40.57932,1.000000E+01,1.906648E-01
22.95238,40.57932,1.000000E+01,1.908767E-01
22.95476,40.57932,1.000000E+01,1.910876E-01
22.95714,40.57932,1.000000E+01,1.912969E-01
22.95951,40.57932,1.000000E+01,1.915028E-01
22.96189,40.57932,1.000000E+01,1.917063E-01
22.96427,40.57932,1.000000E+01,1.919065E-01
22.96664,40.57932,1.000000E+01,1.921007E-01
22.96902,40.57932,1.000000E+01,1.922906E-01
22.97140,40.57932,1.000000E+01,1.924753E-01
22.97378,40.57932,1.000000E+01,1.926542E-01
22.97615,40.57932,1.000000E+01,1.928250E-01
22.97853,40.57932,1.000000E+01,1.929917E-01
22.98091,40.57932,1.000000E+01,1.931539E-01
22.98328,40.57932,1.000000E+01,1.933082E-01
22.98566,40.57932,1.000000E+01,1.934575E-01
22.98804,40.57932,1.000000E+01,1.936019E-01
22.99041,40.57932,1.000000E+01,1.937409E-01
22.99279,40.57932,1.000000E+01,1.938787E-01
22.99517,40.57932,1.000000E+01,1.940141E-01
22.99755,40.57932,1.000000E+01,1.941480E-01
22.99992,40.57932,1.000000E+01,1.942912E-01
23.00230,40.57932,1.000000E+01,1.944244E-01
22.89771,40.58155,1.000000E+01,1.872762E-01
22.90009,40.58155,1.000000E+01,1.873884E-01
22.90246,40.58155,1.000000E+01,1.874910E-01
22.90484,40.58155,1.000000E+01,1.875970E-01
22.90722,40.58155,1.000000E+01,1.877184E-01
22.90960,40.58155,1.000000E+01,1.878376E-01
22.91197,40.58155,1.000000E+01,1.879580E-01
22.91435,40.58155,1.000000E+01,1.880861E-01
22.91673,40.58155,1.000000E+01,1.882206E-01
22.91910,40.58155,1.000000E+01,1.883617E-01
22.92148,40.58155,1.000000E+01,1.885109E-01
22.92386,40.58155,1.000000E+01,1.886678E-01
22.92623,40.58155,1.000000E+01,1.888312E-01
22.92861,40.58155,1.000000E+01,1.890046E-01
22.93099,40.58155,1.000000E+01,1.891844E-01
22.93337,40.58155,1.000000E+01,1.893712E-01
22.93574,40.58155,1.000000E+01,1.895617E-01
22.93812,40.58155,1.000000E+01,1.897612E-01
22.94050,40.58155,1.000000E+01,1.899639E-01
22.94287,40.58155,1.000000E+01,1.901889E-01
22.94525,40.58155,1.000000E+01,1.904007E-01
22.94763,40.58155,1.000000E+01,1.906147E-01
22.95000,40.58155,1.000000E+01,1.908402E-01
22.95238,40.58155,1.000000E+01,1.910554E-01
22.95476,40.58155,1.000000E+01,1.912696E-01
22.95714,40.58155,1.000000E+01,1.914815E-01
22.95951,40.58155,1.000000E+01,1.916894E-01
22.96189,40.58155,1.000000E+01,1.918955E-01
22.96427,40.58155,1.000000E+01,1.920976E-01
22.96664,40.58155,1.000000E+01,1.922928E-01
22.96902,40.58155,1.000000E+01,1.924821E-01
22.97140,40.58155,1.000000E+01,1.926671E-01
22.97378,40.58155,1.000000E+01,1.928470E-01
22.97615,40.58155,1.000000E+01,1.930197E-01
22.97853,40.58155,1.000000E+01,1.931863E-01
22.98091,40.58155,1.000000E+01,1.933480E-01
22.98328,40.58155,1.000000E+01,1.935018E-01
22.98566,40.58155,1.000000E+01,1.936502E-01
22.98804,40.58155,1.000000E+01,1.937938E-01
22.99041,40.58155,1.000000E+01,1.939318E-01
22.99279,40.58155,1.000000E+01,1.940682E-01
22.99517,40.58155,1.000000E+01,1.942025E-01
22.99755,40.58155,1.000000E+01,1.943351E-01
22.99992,40.58155,1.000000E+01,1.944765E-01
23.00230,40.58155,1.000000E+01,1.946093E-01
22.89771,40.58378,1.000000E+01,1.874412E-01
22.90009,40.58378,1.000000E+01,1.875518E-01
22.90246,40.58378,1.000000E+01,1.876532E-01
22.90484,40.58378,1.000000E+01,1.877578E-01
22.90722,40.58378,1.000000E+01,1.878708E-01
22.90960,40.58378,1.000000E+01,1.879850E-01
22.91197,40.58378,1.000000E+01,1.881053E-01
22.91435,40.58378,1.000000E+01,1.882398E-01
22.91673,40.58378,1.000000E+01,1.883790E-01
22.91910,40.58378,1.000000E+01,1.885208E-01
22.92148,40.58378,1.000000E+01,1.886709E-01
22.92386,40.58378,1.000000E+01,1.888292E-01
22.92623,40.58378,1.000000E+01,1.889947E-01
22.92861,40.58378,1.000000E+01,1.891684E-01
22.93099,40.58378,1.000000E+01,1.893510E-01
22.93337,40.58378,1.000000E+01,1.895408E-01
22.93574,40.58378,1.000000E+01,1.897335E-01
22.93812,40.58378,1.000000E+01,1.899354E-01
22.94050,40.58378,1.000000E+01,1.901432E-01
22.94287,40.58378,1.000000E+01,1.903740E-01
22.94525,40.58378,1.000000E+01,1.905894E-01
22.94763,40.58378,1.000000E+01,1.908072E-01
22.95000,40.58378,1.000000E+01,1.910378E-01
22.95238,40.58378,1.000000E+01,1.913276E-01
22.95476,40.58378,1.000000E+01,1.918304E-01
22.95714,40.58378,1.000000E+01,1.918768E-01
22.95951,40.58378,1.000000E+01,1.919169E-01
22.96189,40.58378,1.000000E+01,1.922269E-01
22.96427,40.58378,1.000000E+01,1.925115E-01
22.96664,40.58378,1.000000E+01,1.925412E-01
22.96902,40.58378,1.000000E+01,1.926385E-01
22.97140,40.58378,1.000000E+01,1.925675E-01
22.97378,40.58378,1.000000E+01,1.928867E-01
22.97615,40.58378,1.000000E+01,1.932265E-01
22.97853,40.58378,1.000000E+01,1.934033E-01
22.98091,40.58378,1.000000E+01,1.935628E-01
22.98328,40.58378,1.000000E+01,1.937165E-01
22.98566,40.58378,1.000000E+01,1.938640E-01
22.98804,40.58378,1.000000E+01,1.940065E-01
22.99041,40.58378,1.000000E+01,1.941429E-01
22.99279,40.58378,1.000000E+01,1.942780E-01
22.99517,40.58378,1.000000E+01,1.944109E-01
22.99755,40.58378,1.000000E+01,1.945414E-01
22.99992,40.58378,1.000000E+01,1.946811E-01
23.00230,40.58378,1.000000E+01,1.948127E-01
22.89771,40.58601,1.000000E+01,1.876229E-01
22.90009,40.58601,1.000000E+01,1.877320E-01
22.90246,40.58601,1.000000E+01,1.878313E-01
22.90484,40.58601,1.000000E+01,1.879344E-01
22.90722,40.58601,1.000000E+01,1.880420E-01
22.90960,40.58601,1.000000E+01,1.881593E-01
22.91197,40.58601,1.000000E+01,1.882784E-01
22.91435,40.58601,1.000000E+01,1.884049E-01
22.91673,40.58601,1.000000E+01,1.885400E-01
22.91910,40.58601,1.000000E+01,1.886898E-01
22.92148,40.58601,1.000000E+01,1.888436E-01
22.92386,40.58601,1.000000E+01,1.890035E-01
22.92623,40.58601,1.000000E+01,1.891712E-01
22.92861,40.58601,1.000000E+01,1.893473E-01
22.93099,40.58601,1.000000E+01,1.895327E-01
22.93337,40.58601,1.000000E+01,1.897249E-01
22.93574,40.58601,1.000000E+01,1.899242E-01
22.93812,40.58601,1.000000E+01,1.901299E-01
22.94050,40.58601,1.000000E+01,1.903416E-01
22.94287,40.58601,1.000000E+01,1.905570E-01
22.94525,40.58601,1.000000E+01,1.907961E-01
22.94763,40.58601,1.000000E+01,1.910180E-01
22.95000,40.58601,1.000000E+01,1.912711E-01
22.95238,40.58601,1.000000E+01,1.923981E-01
22.95476,40.58601,1.000000E+01,1.963295E-01
22.95714,40.58601,1.000000E+01,1.943572E-01
22.95951,40.58601,1.000000E+01,1.924155E-01
22.96189,40.58601,1.000000E+01,1.940426E-01
22.96427,40.58601,1.000000E+01,1.953724E-01
22.96664,40.58601,1.000000E+01,1.932285E-01
22.96902,40.58601,1.000000E+01,1.920435E-01
22.97140,40.58601,1.000000E+01,1.884687E-01
22.97378,40.58601,1.000000E+01,1.906504E-01
22.97615,40.58601,1.000000E+01,1.932744E-01
22.97853,40.58601,1.000000E+01,1.936268E-01
22.98091,40.58601,1.000000E+01,1.937983E-01
22.98328,40.58601,1.000000E+01,1.939511E-01
22.98566,40.58601,1.000000E+01,1.940972E-01
22.98804,40.58601,1.000000E+01,1.942371E-01
22.99041,40.58601,1.000000E+01,1.943728E-01
22.99279,40.58601,1.000000E+01,1.945057E-01
22.99517,40.58601,1.000000E+01,1.946363E-01
22.99755,40.58601,1.000000E+01,1.947647E-01
22.99992,40.58601,1.000000E+01,1.949026E-01
23.00230,40.58601,1.000000E+01,1.950325E-01
22.89771,40.58824,1.000000E+01,1.878194E-01
22.90009,40.58824,1.000000E+01,1.879255E-01
22.90246,40.58824,1.000000E+01,1.880234E-01
22.90484,40.58824,1.000000E+01,1.881244E-01
22.90722,40.58824,1.000000E+01,1.882302E-01
22.90960,40.58824,1.000000E+01,1.883464E-01
22.91197,40.58824,1.000000E+01,1.884646E-01
22.91435,40.58824,1.000000E+01,1.885889E-01
22.91673,40.58824,1.000000E+01,1.887238E-01
22.91910,40.58824,1.000000E+01,1.888668E-01
22.92148,40.58824,1.000000E+01,1.890172E-01
22.92386,40.58824,1.000000E+01,1.891794E-01
22.92623,40.58824,1.000000E+01,1.893561E-01
22.92861,40.58824,1.000000E+01,1.895404E-01
22.93099,40.58824,1.000000E+01,1.897290E-01
22.93337,40.58824,1.000000E+01,1.899256E-01
22.93574,40.58824,1.000000E+01,1.901270E-01
22.93812,40.58824,1.000000E+01,1.903386E-01
22.94050,40.58824,1.000000E+01,1.905546E-01
22.94287,40.58824,1.000000E+01,1.907745E-01
22.94525,40.58824,1.000000E+01,1.910181E-01
22.94763,40.58824,1.000000E+01,1.912448E-01
22.95000,40.58824,1.000000E+01,1.914881E-01
22.95238,40.58824,1.000000E+01,1.919491E-01
22.95476,40.58824,1.000000E+01,1.931053E-01
22.95714,40.58824,1.000000E+01,1.936765E-01
22.95951,40.58824,1.000000E+01,1.950043E-01
22.96189,40.58824,1.000000E+01,1.941420E-01
22.96427,40.58824,1.000000E+01,1.941790E-01
22.96664,40.58824,1.000000E+01,1.935190E-01
22.96902,40.58824,1.000000E+01,1.930089E-01
22.97140,40.58824,1.000000E+01,1.909719E-01
22.97378,40.58824,1.000000E+01,1.913308E-01
22.97615,40.58824,1.000000E+01,1.910594E-01
22.97853,40.58824,1.000000E+01,1.930652E-01
22.98091,40.58824,1.000000E+01,1.940240E-01
22.98328,40.58824,1.000000E+01,1.942017E-01
22.98566,40.58824,1.000000E+01,1.943474E-01
22.98804,40.58824,1.000000E+01,1.944854E-01
22.99041,40.58824,1.000000E+01,1.946192E-01
22.99279,40.58824,1.000000E+01,1.947498E-01
22.99517,40.58824,1.000000E+01,1.948770E-01
22.99755,40.58824,1.000000E+01,1.950030E-01
22.99992,40.58824,1.000000E+01,1.951283E-01
23.00230,40.58824,1.000000E+01,1.952661E-01
22.89771,40.59047,1.000000E+01,1.880280E-01
22.90009,40.59047,1.000000E+01,1.881312E-01
22.90246,40.59047,1.000000E+01,1.882264E-01
22.90484,40.59047,1.000000E+01,1.883255E-01
22.90722,40.59047,1.000000E+01,1.884276E-01
22.90960,40.59047,1.000000E+01,1.885423E-01
22.91197,40.59047,1.000000E+01,1.886595E-01
22.91435,40.59047,1.000000E+01,1.887830E-01
22.91673,40.59047,1.000000E+01,1.889179E-01
22.91910,40.59047,1.000000E+01,1.890609E-01
22.92148,40.59047,1.000000E+01,1.892147E-01
22.92386,40.59047,1.000000E+01,1.893781E-01
22.92623,40.59047,1.000000E+01,1.895506E-01
22.92861,40.59047,1.000000E+01,1.897335E-01
22.93099,40.59047,1.000000E+01,1.899327E-01
22.93337,40.59047,1.000000E+01,1.901374E-01
22.93574,40.59047,1.000000E+01,1.903436E-01
22.93812,40.59047,1.000000E+01,1.905590E-01
22.94050,40.59047,1.000000E+01,1.907797E-01
22.94287,40.59047,1.000000E+01,1.910031E-01
22.94525,40.59047,1.000000E+01,1.912519E-01
22.94763,40.59047,1.000000E+01,1.914844E-01
22.95000,40.59047,1.000000E+01,1.917900E-01
22.95238,40.59047,1.000000E+01,1.921834E-01
22.95476,40.59047,1.000000E+01,1.915775E-01
22.95714,40.59047,1.000000E+01,1.939625E-01
22.95951,40.59047,1.000000E+01,1.983967E-01
22.96189,40.59047,1.000000E+01,1.950713E-01
22.96427,40.59047,1.000000E+01,1.940132E-01
22.96664,40.59047,1.000000E+01,1.940252E-01
22.96902,40.59047,1.000000E+01,1.940746E-01
22.97140,40.59047,1.000000E+01,1.937660E-01
22.97378,40.59047,1.000000E+01,1.919000E-01
22.97615,40.59047,1.000000E+01,1.882122E-01
22.97853,40.59047,1.000000E+01,1.922905E-01
22.98091,40.59047,1.000000E+01,1.942563E-01
22.98328,40.59047,1.000000E+01,1.944679E-01
22.98566,40.59047,1.000000E+01,1.946116E-01
22.98804,40.59047,1.000000E+01,1.947471E-01
22.99041,40.59047,1.000000E+01,1.948783E-01
22.99279,40.59047,1.000000E+01,1.950061E-01
22.99517,40.59047,1.000000E+01,1.951306E-01
22.99755,40.59047,1.000000E+01,1.952537E-01
22.99992,40.59047,1.000000E+01,1.953762E-01
23.00230,40.59047,1.000000E+01,1.955113E-01
22.89771,40.59270,1.000000E+01,1.882456E-01
22.90009,40.59270,1.000000E+01,1.883441E-01
22.90246,40.59270,1.000000E+01,1.884364E-01
22.90484,40.59270,1.000000E+01,1.885331E-01
22.90722,40.59270,1.000000E+01,1.886352E-01
22.90960,40.59270,1.000000E+01,1.887460E-01
22.91197,40.59270,1.000000E+01,1.888620E-01
22.91435,40.59270,1.000000E+01,1.889870E-01
22.91673,40.59270,1.000000E+01,1.891213E-01
22.91910,40.59270,1.000000E+01,1.892653E-01
22.92148,40.59270,1.000000E+01,1.894201E-01
22.92386,40.59270,1.000000E+01,1.895843E-01
22.92623,40.59270,1.000000E+01,1.897602E-01
22.92861,40.59270,1.000000E+01,1.899461E-01
22.93099,40.59270,1.000000E+01,1.901415E-01
22.93337,40.59270,1.000000E+01,1.903443E-01
22.93574,40.59270,1.000000E+01,1.905561E-01
22.93812,40.59270,1.000000E+01,1.907824E-01
22.94050,40.59270,1.000000E+01,1.910127E-01
22.94287,40.59270,1.000000E+01,1.912426E-01
22.94525,40.59270,1.000000E+01,1.914967E-01
22.94763,40.59270,1.000000E+01,1.917373E-01
22.95000,40.59270,1.000000E+01,1.922170E-01
22.95238,40.59270,1.000000E+01,1.945045E-01
22.95476,40.59270,1.000000E+01,1.980558E-01
22.95714,40.59270,1.000000E+01,1.976102E-01
22.95951,40.59270,1.000000E+01,2.003402E-01
22.96189,40.59270,1.000000E+01,1.996427E-01
22.96427,40.59270,1.000000E+01,2.004291E-01
22.96664,40.59270,1.000000E+01,1.947875E-01
22.96902,40.59270,1.000000E+01,1.941710E-01
22.97140,40.59270,1.000000E+01,1.955250E-01
22.97378,40.59270,1.000000E+01,1.947528E-01
22.97615,40.59270,1.000000E+01,1.937695E-01
22.97853,40.59270,1.000000E+01,1.942705E-01
22.98091,40.59270,1.000000E+01,1.945945E-01
22.98328,40.59270,1.000000E+01,1.947460E-01
22.98566,40.59270,1.000000E+01,1.948847E-01
22.98804,40.59270,1.000000E+01,1.950198E-01
22.99041,40.59270,1.000000E+01,1.951482E-01
22.99279,40.59270,1.000000E+01,1.952725E-01
22.99517,40.59270,1.000000E+01,1.953936E-01
22.99755,40.59270,1.000000E+01,1.955133E-01
22.99992,40.59270,1.000000E+01,1.956326E-01
23.00230,40.59270,1.000000E+01,1.957648E-01
22.89771,40.59493,1.000000E+01,1.884676E-01
22.90009,40.59493,1.000000E+01,1.885646E-01
22.90246,40.59493,1.000000E+01,1.886521E-01
22.90484,40.59493,1.000000E+01,1.887460E-01
22.90722,40.59493,1.000000E+01,1.888457E-01
22.90960,40.59493,1.000000E+01,1.889529E-01
22.91197,40.59493,1.000000E+01,1.890717E-01
22.91435,40.59493,1.000000E+01,1.891958E-01
22.91673,40.59493,1.000000E+01,1.893302E-01
22.91910,40.59493,1.000000E+01,1.894739E-01
22.92148,40.59493,1.000000E+01,1.896293E-01
22.92386,40.59493,1.000000E+01,1.897963E-01
22.92623,40.59493,1.000000E+01,1.899748E-01
22.92861,40.59493,1.000000E+01,1.901623E-01
22.93099,40.59493,1.000000E+01,1.903613E-01
22.93337,40.59493,1.000000E+01,1.905682E-01
22.93574,40.59493,1.000000E+01,1.907854E-01
22.93812,40.59493,1.000000E+01,1.910105E-01
22.94050,40.59493,1.000000E+01,1.912417E-01
22.94287,40.59493,1.000000E+01,1.914841E-01
22.94525,40.59493,1.000000E+01,1.917478E-01
22.94763,40.59493,1.000000E+01,1.920031E-01
22.95000,40.59493,1.000000E+01,1.929632E-01
22.95238,40.59493,1.000000E+01,1.976015E-01
22.95476,40.59493,1.000000E+01,1.995009E-01
22.95714,40.59493,1.000000E+01,1.988451E-01
22.95951,40.59493,1.000000E+01,2.034687E-01
22.96189,40.59493,1.000000E+01,1.978822E-01
22.96427,40.59493,1.000000E+01,1.964960E-01
22.96664,40.59493,1.000000E+01,1.960077E-01
22.96902,40.59493,1.000000E+01,1.956724E-01
22.97140,40.59493,1.000000E+01,1.947947E-01
22.97378,40.59493,1.000000E+01,1.931599E-01
22.97615,40.59493,1.000000E+01,1.904954E-01
22.97853,40.59493,1.000000E+01,1.935025E-01
22.98091,40.59493,1.000000E+01,1.948483E-01
22.98328,40.59493,1.000000E+01,1.950313E-01
22.98566,40.59493,1.000000E+01,1.951672E-01
22.98804,40.59493,1.000000E+01,1.952979E-01
22.99041,40.59493,1.000000E+01,1.954242E-01
22.99279,40.59493,1.000000E+01,1.955450E-01
22.99517,40.59493,1.000000E+01,1.956626E-01
22.99755,40.59493,1.000000E+01,1.957789E-01
22.99992,40.59493,1.000000E+01,1.958947E-01
23.00230,40.59493,1.000000E+01,1.960229E-01
22.89771,40.59716,1.000000E+01,1.886918E-01
22.90009,40.59716,1.000000E+01,1.887747E-01
22.90246,40.59716,1.000000E+01,1.888720E-01
22.90484,40.59716,1.000000E+01,1.889631E-01
22.90722,40.59716,1.000000E+01,1.890607E-01
22.90960,40.59716,1.000000E+01,1.891657E-01
22.91197,40.59716,1.000000E+01,1.892831E-01
22.91435,40.59716,1.000000E+01,1.894063E-01
22.91673,40.59716,1.000000E+01,1.895396E-01
22.91910,40.59716,1.000000E+01,1.896846E-01
22.92148,40.59716,1.000000E+01,1.898412E-01
22.92386,40.59716,1.000000E+01,1.900081E-01
22.92623,40.59716,1.000000E+01,1.901892E-01
22.92861,40.59716,1.000000E+01,1.903814E-01
22.93099,40.59716,1.000000E+01,1.905829E-01
22.93337,40.59716,1.000000E+01,1.907956E-01
22.93574,40.59716,1.000000E+01,1.910178E-01
22.93812,40.59716,1.000000E+01,1.912476E-01
22.94050,40.59716,1.000000E+01,1.914842E-01
22.94287,40.59716,1.000000E+01,1.917252E-01
22.94525,40.59716,1.000000E+01,1.919709E-01
22.94763,40.59716,1.000000E+01,1.922926E-01
22.95000,40.59716,1.000000E+01,1.954155E-01
22.95238,40.59716,1.000000E+01,2.111838E-01
22.95476,40.59716,1.000000E+01,2.095078E-01
22.95714,40.59716,1.000000E+01,2.018174E-01
22.95951,40.59716,1.000000E+01,2.069936E-01
22.96189,40.59716,1.000000E+01,1.985205E-01
22.96427,40.59716,1.000000E+01,1.960233E-01
22.96664,40.59716,1.000000E+01,1.966335E-01
22.96902,40.59716,1.000000E+01,1.958655E-01
22.97140,40.59716,1.000000E+01,1.926807E-01
22.97378,40.59716,1.000000E+01,1.916837E-01
22.97615,40.59716,1.000000E+01,1.891692E-01
22.97853,40.59716,1.000000E+01,1.933162E-01
22.98091,40.59716,1.000000E+01,1.951238E-01
22.98328,40.59716,1.000000E+01,1.953188E-01
22.98566,40.59716,1.000000E+01,1.954528E-01
22.98804,40.59716,1.000000E+01,1.955807E-01
22.99041,40.59716,1.000000E+01,1.957025E-01
22.99279,40.59716,1.000000E+01,1.958197E-01
22.99517,40.59716,1.000000E+01,1.959337E-01
22.99755,40.59716,1.000000E+01,1.960464E-01
22.99992,40.59716,1.000000E+01,1.961586E-01
23.00230,40.59716,1.000000E+01,1.962835E-01
22.89771,40.59939,1.000000E+01,1.889170E-01
22.90009,40.59939,1.000000E+01,1.889963E-01
22.90246,40.59939,1.000000E+01,1.890905E-01
22.90484,40.59939,1.000000E+01,1.891788E-01
22.90722,40.59939,1.000000E+01,1.892738E-01
22.90960,40.59939,1.000000E+01,1.893768E-01
22.91197,40.59939,1.000000E+01,1.894919E-01
22.91435,40.59939,1.000000E+01,1.896145E-01
22.91673,40.59939,1.000000E+01,1.897468E-01
22.91910,40.59939,1.000000E+01,1.898923E-01
22.92148,40.59939,1.000000E+01,1.900499E-01
22.92386,40.59939,1.000000E+01,1.902203E-01
22.92623,40.59939,1.000000E+01,1.904036E-01
22.92861,40.59939,1.000000E+01,1.905989E-01
22.93099,40.59939,1.000000E+01,1.908038E-01
22.93337,40.59939,1.000000E+01,1.910209E-01
22.93574,40.59939,1.000000E+01,1.912478E-01
22.93812,40.59939,1.000000E+01,1.914829E-01
22.94050,40.59939,1.000000E+01,1.917251E-01
22.94287,40.59939,1.000000E+01,1.919717E-01
22.94525,40.59939,1.000000E+01,1.922233E-01
22.94763,40.59939,1.000000E+01,1.925417E-01
22.95000,40.59939,1.000000E+01,1.952244E-01
22.95238,40.59939,1.000000E+01,2.100633E-01
22.95476,40.59939,1.000000E+01,2.156577E-01
22.95714,40.59939,1.000000E+01,2.077077E-01
22.95951,40.59939,1.000000E+01,2.133076E-01
22.96189,40.59939,1.000000E+01,2.026768E-01
22.96427,40.59939,1.000000E+01,1.996358E-01
22.96664,40.59939,1.000000E+01,1.953838E-01
22.96902,40.59939,1.000000E+01,1.924260E-01
22.97140,40.59939,1.000000E+01,1.843263E-01
22.97378,40.59939,1.000000E+01,1.895974E-01
22.97615,40.59939,1.000000E+01,1.946022E-01
22.97853,40.59939,1.000000E+01,1.952381E-01
22.98091,40.59939,1.000000E+01,1.954670E-01
22.98328,40.59939,1.000000E+01,1.956069E-01
22.98566,40.59939,1.000000E+01,1.957378E-01
22.98804,40.59939,1.000000E+01,1.958615E-01
22.99041,40.59939,1.000000E+01,1.959783E-01
22.99279,40.59939,1.000000E+01,1.960925E-01
22.99517,40.59939,1.000000E+01,1.962031E-01
22.99755,40.59939,1.000000E+01,1.963122E-01
22.99992,40.59939,1.000000E+01,1.964209E-01
23.00230,40.59939,1.000000E+01,1.965421E-01
22.89771,40.60162,1.000000E+01,1.891372E-01
22.90009,40.60162,1.000000E+01,1.892131E-01
22.90246,40.60162,1.000000E+01,1.893034E-01
22.90484,40.60162,1.000000E+01,1.893893E-01
22.90722,40.60162,1.000000E+01,1.894819E-01
22.90960,40.60162,1.000000E+01,1.895805E-01
22.91197,40.60162,1.000000E+01,1.896951E-01
22.91435,40.60162,1.000000E+01,1.898170E-01
22.91673,40.60162,1.000000E+01,1.899507E-01
22.91910,40.60162,1.000000E+01,1.900958E-01
22.92148,40.60162,1.000000E+01,1.902552E-01
22.92386,40.60162,1.000000E+01,1.904273E-01
22.92623,40.60162,1.000000E+01,1.906128E-01
22.92861,40.60162,1.000000E+01,1.908092E-01
22.93099,40.60162,1.000000E+01,1.910194E-01
22.93337,40.60162,1.000000E+01,1.912409E-01
22.93574,40.60162,1.000000E+01,1.914728E-01
22.93812,40.60162,1.000000E+01,1.917131E-01
22.94050,40.60162,1.000000E+01,1.919609E-01
22.94287,40.60162,1.000000E+01,1.922133E-01
22.94525,40.60162,1.000000E+01,1.924708E-01
22.94763,40.60162,1.000000E+01,1.928032E-01
22.95000,40.60162,1.000000E+01,1.958169E-01
22.95238,40.60162,1.000000E+01,2.099425E-01
22.95476,40.60162,1.000000E+01,2.070480E-01
22.95714,40.60162,1.000000E+01,2.050366E-01
22.95951,40.60162,1.000000E+01,2.163740E-01
22.96189,40.60162,1.000000E+01,2.008969E-01
22.96427,40.60162,1.000000E+01,1.963072E-01
22.96664,40.60162,1.000000E+01,1.975792E-01
22.96902,40.60162,1.000000E+01,1.966421E-01
22.97140,40.60162,1.000000E+01,1.931947E-01
22.97378,40.60162,1.000000E+01,1.942486E-01
22.97615,40.60162,1.000000E+01,1.953967E-01
22.97853,40.60162,1.000000E+01,1.956081E-01
22.98091,40.60162,1.000000E+01,1.957550E-01
22.98328,40.60162,1.000000E+01,1.958896E-01
22.98566,40.60162,1.000000E+01,1.960171E-01
22.98804,40.60162,1.000000E+01,1.961373E-01
22.99041,40.60162,1.000000E+01,1.962501E-01
22.99279,40.60162,1.000000E+01,1.963601E-01
22.99517,40.60162,1.000000E+01,1.964667E-01
22.99755,40.60162,1.000000E+01,1.965721E-01
22.99992,40.60162,1.000000E+01,1.966774E-01
23.00230,40.60162,1.000000E+01,1.967954E-01
22.89771,40.60385,1.000000E+01,1.893486E-01
22.90009,40.60385,1.000000E+01,1.894212E-01
22.90246,40.60385,1.000000E+01,1.895068E-01
22.90484,40.60385,1.000000E+01,1.895900E-01
22.90722,40.60385,1.000000E+01,1.896791E-01
22.90960,40.60385,1.000000E+01,1.897784E-01
22.91197,40.60385,1.000000E+01,1.898875E-01
22.91435,40.60385,1.000000E+01,1.900126E-01
22.91673,40.60385,1.000000E+01,1.901460E-01
22.91910,40.60385,1.000000E+01,1.902916E-01
22.92148,40.60385,1.000000E+01,1.904520E-01
22.92386,40.60385,1.000000E+01,1.906260E-01
22.92623,40.60385,1.000000E+01,1.908140E-01
22.92861,40.60385,1.000000E+01,1.910130E-01
22.93099,40.60385,1.000000E+01,1.912267E-01
22.93337,40.60385,1.000000E+01,1.914527E-01
22.93574,40.60385,1.000000E+01,1.916893E-01
22.93812,40.60385,1.000000E+01,1.919347E-01
22.94050,40.60385,1.000000E+01,1.921879E-01
22.94287,40.60385,1.000000E+01,1.924458E-01
22.94525,40.60385,1.000000E+01,1.927093E-01
22.94763,40.60385,1.000000E+01,1.930898E-01
22.95000,40.60385,1.000000E+01,1.981651E-01
22.95238,40.60385,1.000000E+01,2.210072E-01
22.95476,40.60385,1.000000E+01,2.102420E-01
22.95714,40.60385,1.000000E+01,2.029534E-01
22.95951,40.60385,1.000000E+01,2.130107E-01
22.96189,40.60385,1.000000E+01,2.003093E-01
22.96427,40.60385,1.000000E+01,1.965571E-01
22.96664,40.60385,1.000000E+01,1.972796E-01
22.96902,40.60385,1.000000E+01,1.969092E-01
22.97140,40.60385,1.000000E+01,1.955218E-01
22.97378,40.60385,1.000000E+01,1.955588E-01
22.97615,40.60385,1.000000E+01,1.957303E-01
22.97853,40.60385,1.000000E+01,1.958863E-01
22.98091,40.60385,1.000000E+01,1.960296E-01
22.98328,40.60385,1.000000E+01,1.961630E-01
22.98566,40.60385,1.000000E+01,1.962877E-01
22.98804,40.60385,1.000000E+01,1.964035E-01
22.99041,40.60385,1.000000E+01,1.965128E-01
22.99279,40.60385,1.000000E+01,1.966179E-01
22.99517,40.60385,1.000000E+01,1.967212E-01
22.99755,40.60385,1.000000E+01,1.968229E-01
22.99992,40.60385,1.000000E+01,1.969249E-01
23.00230,40.60385,1.000000E+01,1.970297E-01
22.89771,40.60608,1.000000E+01,1.895456E-01
22.90009,40.60608,1.000000E+01,1.896152E-01
22.90246,40.60608,1.000000E+01,1.896989E-01
22.90484,40.60608,1.000000E+01,1.897795E-01
22.90722,40.60608,1.000000E+01,1.898674E-01
22.90960,40.60608,1.000000E+01,1.899647E-01
22.91197,40.60608,1.000000E+01,1.900723E-01
22.91435,40.60608,1.000000E+01,1.901968E-01
22.91673,40.60608,1.000000E+01,1.903298E-01
22.91910,40.60608,1.000000E+01,1.904764E-01
22.92148,40.60608,1.000000E+01,1.906380E-01
22.92386,40.60608,1.000000E+01,1.908136E-01
22.92623,40.60608,1.000000E+01,1.910022E-01
22.92861,40.60608,1.000000E+01,1.912058E-01
22.93099,40.60608,1.000000E+01,1.914229E-01
22.93337,40.60608,1.000000E+01,1.916527E-01
22.93574,40.60608,1.000000E+01,1.918937E-01
22.93812,40.60608,1.000000E+01,1.921439E-01
22.94050,40.60608,1.000000E+01,1.924022E-01
22.94287,40.60608,1.000000E+01,1.926655E-01
22.94525,40.60608,1.000000E+01,1.929342E-01
22.94763,40.60608,1.000000E+01,1.932717E-01
22.95000,40.60608,1.000000E+01,1.958358E-01
22.95238,40.60608,1.000000E+01,2.060485E-01
22.95476,40.60608,1.000000E+01,1.999457E-01
22.95714,40.60608,1.000000E+01,2.006093E-01
22.95951,40.60608,1.000000E+01,2.101957E-01
22.96189,40.60608,1.000000E+01,2.011702E-01
22.96427,40.60608,1.000000E+01,1.984358E-01
22.96664,40.60608,1.000000E+01,1.953375E-01
22.96902,40.60608,1.000000E+01,1.951575E-01
22.97140,40.60608,1.000000E+01,1.956136E-01
22.97378,40.60608,1.000000E+01,1.958240E-01
22.97615,40.60608,1.000000E+01,1.959941E-01
22.97853,40.60608,1.000000E+01,1.961491E-01
22.98091,40.60608,1.000000E+01,1.962906E-01
22.98328,40.60608,1.000000E+01,1.964217E-01
22.98566,40.60608,1.000000E+01,1.965435E-01
22.98804,40.60608,1.000000E+01,1.966561E-01
22.99041,40.60608,1.000000E+01,1.967617E-01
22.99279,40.60608,1.000000E+01,1.968630E-01
22.99517,40.60608,1.000000E+01,1.969615E-01
22.99755,40.60608,1.000000E+01,1.970603E-01
22.99992,40.60608,1.000000E+01,1.971591E-01
23.00230,40.60608,1.000000E+01,1.972612E-01
22.89771,40.60831,1.000000E+01,1.897288E-01
22.90009,40.60831,1.000000E+01,1.897943E-01
22.90246,40.60831,1.000000E+01,1.898735E-01
22.90484,40.60831,1.000000E+01,1.899548E-01
22.90722,40.60831,1.000000E+01,1.900406E-01
22.90960,40.60831,1.000000E+01,1.901366E-01
22.91197,40.60831,1.000000E+01,1.902433E-01
22.91435,40.60831,1.000000E+01,1.903671E-01
22.91673,40.60831,1.000000E+01,1.905000E-01
22.91910,40.60831,1.000000E+01,1.906470E-01
22.92148,40.60831,1.000000E+01,1.908094E-01
22.92386,40.60831,1.000000E+01,1.909871E-01
22.92623,40.60831,1.000000E+01,1.911777E-01
22.92861,40.60831,1.000000E+01,1.913842E-01
22.93099,40.60831,1.000000E+01,1.916044E-01
22.93337,40.60831,1.000000E+01,1.918376E-01
22.93574,40.60831,1.000000E+01,1.920825E-01
22.93812,40.60831,1.000000E+01,1.923372E-01
22.94050,40.60831,1.000000E+01,1.926002E-01
22.94287,40.60831,1.000000E+01,1.928687E-01
22.94525,40.60831,1.000000E+01,1.931423E-01
22.94763,40.60831,1.000000E+01,1.934582E-01
22.95000,40.60831,1.000000E+01,1.956229E-01
22.95238,40.60831,1.000000E+01,2.036148E-01
22.95476,40.60831,1.000000E+01,1.982259E-01
22.95714,40.60831,1.000000E+01,1.959644E-01
22.95951,40.60831,1.000000E+01,1.987313E-01
22.96189,40.60831,1.000000E+01,1.943754E-01
22.96427,40.60831,1.000000E+01,1.923062E-01
22.96664,40.60831,1.000000E+01,1.891257E-01
22.96902,40.60831,1.000000E+01,1.909786E-01
22.97140,40.60831,1.000000E+01,1.954847E-01
22.97378,40.60831,1.000000E+01,1.960587E-01
22.97615,40.60831,1.000000E+01,1.962278E-01
22.97853,40.60831,1.000000E+01,1.963824E-01
22.98091,40.60831,1.000000E+01,1.965289E-01
22.98328,40.60831,1.000000E+01,1.966622E-01
22.98566,40.60831,1.000000E+01,1.967808E-01
22.98804,40.60831,1.000000E+01,1.968905E-01
22.99041,40.60831,1.000000E+01,1.969928E-01
22.99279,40.60831,1.000000E+01,1.970906E-01
22.99517,40.60831,1.000000E+01,1.971857E-01
22.99755,40.60831,1.000000E+01,1.972812E-01
22.99992,40.60831,1.000000E+01,1.973767E-01
23.00230,40.60831,1.000000E+01,1.974761E-01
22.89771,40.61054,1.000000E+01,1.898935E-01
22.90009,40.61054,1.000000E+01,1.899557E-01
22.90246,40.61054,1.000000E+01,1.900244E-01
22.90484,40.61054,1.000000E+01,1.901119E-01
22.90722,40.61054,1.000000E+01,1.901963E-01
22.90960,40.61054,1.000000E+01,1.902910E-01
22.91197,40.61054,1.000000E+01,1.903968E-01
22.91435,40.61054,1.000000E+01,1.905160E-01
22.91673,40.61054,1.000000E+01,1.906530E-01
22.91910,40.61054,1.000000E+01,1.908005E-01
22.92148,40.61054,1.000000E+01,1.909640E-01
22.92386,40.61054,1.000000E+01,1.911418E-01
22.92623,40.61054,1.000000E+01,1.913363E-01
22.92861,40.61054,1.000000E+01,1.915451E-01
22.93099,40.61054,1.000000E+01,1.917681E-01
22.93337,40.61054,1.000000E+01,1.920041E-01
22.93574,40.61054,1.000000E+01,1.922526E-01
22.93812,40.61054,1.000000E+01,1.925113E-01
22.94050,40.61054,1.000000E+01,1.927786E-01
22.94287,40.61054,1.000000E+01,1.930514E-01
22.94525,40.61054,1.000000E+01,1.933297E-01
22.94763,40.61054,1.000000E+01,1.936814E-01
22.95000,40.61054,1.000000E+01,1.972509E-01
22.95238,40.61054,1.000000E+01,2.105048E-01
22.95476,40.61054,1.000000E+01,2.002129E-01
22.95714,40.61054,1.000000E+01,1.930310E-01
22.95951,40.61054,1.000000E+01,1.931063E-01
22.96189,40.61054,1.000000E+01,1.963016E-01
22.96427,40.61054,1.000000E+01,1.969520E-01
22.96664,40.61054,1.000000E+01,1.929797E-01
22.96902,40.61054,1.000000E+01,1.936198E-01
22.97140,40.61054,1.000000E+01,1.959114E-01
22.97378,40.61054,1.000000E+01,1.962814E-01
22.97615,40.61054,1.000000E+01,1.964491E-01
22.97853,40.61054,1.000000E+01,1.966009E-01
22.98091,40.61054,1.000000E+01,1.967410E-01
22.98328,40.61054,1.000000E+01,1.968683E-01
22.98566,40.61054,1.000000E+01,1.969852E-01
22.98804,40.61054,1.000000E+01,1.970987E-01
22.99041,40.61054,1.000000E+01,1.972024E-01
22.99279,40.61054,1.000000E+01,1.972973E-01
22.99517,40.61054,1.000000E+01,1.973894E-01
22.99755,40.61054,1.000000E+01,1.974807E-01
22.99992,40.61054,1.000000E+01,1.975743E-01
23.00230,40.61054,1.000000E+01,1.976711E-01
22.89771,40.61277,1.000000E+01,1.900348E-01
22.90009,40.61277,1.000000E+01,1.900953E-01
22.90246,40.61277,1.000000E+01,1.901625E-01
22.90484,40.61277,1.000000E+01,1.902475E-01
22.90722,40.61277,1.000000E+01,1.903314E-01
22.90960,40.61277,1.000000E+01,1.904252E-01
22.91197,40.61277,1.000000E+01,1.905304E-01
22.91435,40.61277,1.000000E+01,1.906489E-01
22.91673,40.61277,1.000000E+01,1.907863E-01
22.91910,40.61277,1.000000E+01,1.909344E-01
22.92148,40.61277,1.000000E+01,1.910989E-01
22.92386,40.61277,1.000000E+01,1.912781E-01
22.92623,40.61277,1.000000E+01,1.914745E-01
22.92861,40.61277,1.000000E+01,1.916857E-01
22.93099,40.61277,1.000000E+01,1.919113E-01
22.93337,40.61277,1.000000E+01,1.921500E-01
22.93574,40.61277,1.000000E+01,1.924011E-01
22.93812,40.61277,1.000000E+01,1.926633E-01
22.94050,40.61277,1.000000E+01,1.929342E-01
22.94287,40.61277,1.000000E+01,1.932104E-01
22.94525,40.61277,1.000000E+01,1.934928E-01
22.94763,40.61277,1.000000E+01,1.938514E-01
22.95000,40.61277,1.000000E+01,1.974624E-01
22.95238,40.61277,1.000000E+01,2.104397E-01
22.95476,40.61277,1.000000E+01,2.000976E-01
22.95714,40.61277,1.000000E+01,1.918942E-01
22.95951,40.61277,1.000000E+01,1.905918E-01
22.96189,40.61277,1.000000E+01,1.993010E-01
22.96427,40.61277,1.000000E+01,2.021190E-01
22.96664,40.61277,1.000000E+01,1.964951E-01
22.96902,40.61277,1.000000E+01,1.959186E-01
22.97140,40.61277,1.000000E+01,1.962800E-01
22.97378,40.61277,1.000000E+01,1.964761E-01
22.97615,40.61277,1.000000E+01,1.966423E-01
22.97853,40.61277,1.000000E+01,1.967935E-01
22.98091,40.61277,1.000000E+01,1.969324E-01
22.98328,40.61277,1.000000E+01,1.970582E-01
22.98566,40.61277,1.000000E+01,1.971729E-01
22.98804,40.61277,1.000000E+01,1.972783E-01
22.99041,40.61277,1.000000E+01,1.973758E-01
22.99279,40.61277,1.000000E+01,1.974749E-01
22.99517,40.61277,1.000000E+01,1.975687E-01
22.99755,40.61277,1.000000E+01,1.976576E-01
22.99992,40.61277,1.000000E+01,1.977489E-01
23.00230,40.61277,1.000000E+01,1.978434E-01
22.89771,40.61500,1.000000E+01,1.901516E-01
22.90009,40.61500,1.000000E+01,1.902126E-01
22.90246,40.61500,1.000000E+01,1.902766E-01
22.90484,40.61500,1.000000E+01,1.903608E-01
22.90722,40.61500,1.000000E+01,1.904435E-01
22.90960,40.61500,1.000000E+01,1.905366E-01
22.91197,40.61500,1.000000E+01,1.906414E-01
22.91435,40.61500,1.000000E+01,1.907599E-01
22.91673,40.61500,1.000000E+01,1.908977E-01
22.91910,40.61500,1.000000E+01,1.910465E-01
22.92148,40.61500,1.000000E+01,1.912103E-01
22.92386,40.61500,1.000000E+01,1.913933E-01
22.92623,40.61500,1.000000E+01,1.915903E-01
22.92861,40.61500,1.000000E+01,1.918034E-01
22.93099,40.61500,1.000000E+01,1.920310E-01
22.93337,40.61500,1.000000E+01,1.922721E-01
22.93574,40.61500,1.000000E+01,1.925259E-01
22.93812,40.61500,1.000000E+01,1.927908E-01
22.94050,40.61500,1.000000E+01,1.930647E-01
22.94287,40.61500,1.000000E+01,1.933440E-01
22.94525,40.61500,1.000000E+01,1.936295E-01
22.94763,40.61500,1.000000E+01,1.939911E-01
22.95000,40.61500,1.000000E+01,1.976535E-01
22.95238,40.61500,1.000000E+01,2.147136E-01
22.95476,40.61500,1.000000E+01,2.175465E-01
22.95714,40.61500,1.000000E+01,2.040102E-01
22.95951,40.61500,1.000000E+01,2.023520E-01
22.96189,40.61500,1.000000E+01,1.995004E-01
22.96427,40.61500,1.000000E+01,1.985634E-01
22.96664,40.61500,1.000000E+01,1.945748E-01
22.96902,40.61500,1.000000E+01,1.949220E-01
22.97140,40.61500,1.000000E+01,1.963512E-01
22.97378,40.61500,1.000000E+01,1.966370E-01
22.97615,40.61500,1.000000E+01,1.968028E-01
22.97853,40.61500,1.000000E+01,1.969551E-01
22.98091,40.61500,1.000000E+01,1.970935E-01
22.98328,40.61500,1.000000E+01,1.972178E-01
22.98566,40.61500,1.000000E+01,1.973314E-01
22.98804,40.61500,1.000000E+01,1.974352E-01
22.99041,40.61500,1.000000E+01,1.975311E-01
22.99279,40.61500,1.000000E+01,1.976220E-01
22.99517,40.61500,1.000000E+01,1.977099E-01
22.99755,40.61500,1.000000E+01,1.977978E-01
22.99992,40.61500,1.000000E+01,1.978925E-01
23.00230,40.61500,1.000000E+01,1.979907E-01
22.89771,40.61723,1.000000E+01,1.902410E-01
22.90009,40.61723,1.000000E+01,1.903015E-01
22.90246,40.61723,1.000000E+01,1.903647E-01
22.90484,40.61723,1.000000E+01,1.904483E-01
22.90722,40.61723,1.000000E+01,1.905309E-01
22.90960,40.61723,1.000000E+01,1.906235E-01
22.91197,40.61723,1.000000E+01,1.907283E-01
22.91435,40.61723,1.000000E+01,1.908470E-01
22.91673,40.61723,1.000000E+01,1.909852E-01
22.91910,40.61723,1.000000E+01,1.911347E-01
22.92148,40.61723,1.000000E+01,1.912993E-01
22.92386,40.61723,1.000000E+01,1.914831E-01
22.92623,40.61723,1.000000E+01,1.916817E-01
22.92861,40.61723,1.000000E+01,1.918965E-01
22.93099,40.61723,1.000000E+01,1.921260E-01
22.93337,40.61723,1.000000E+01,1.923692E-01
22.93574,40.61723,1.000000E+01,1.926250E-01
22.93812,40.61723,1.000000E+01,1.928917E-01
22.94050,40.61723,1.000000E+01,1.931671E-01
22.94287,40.61723,1.000000E+01,1.934488E-01
22.94525,40.61723,1.000000E+01,1.937368E-01
22.94763,40.61723,1.000000E+01,1.941196E-01
22.95000,40.61723,1.000000E+01,1.984868E-01
22.95238,40.61723,1.000000E+01,2.159721E-01
22.95476,40.61723,1.000000E+01,2.103305E-01
22.95714,40.61723,1.000000E+01,1.982187E-01
22.95951,40.61723,1.000000E+01,1.967198E-01
22.96189,40.61723,1.000000E+01,1.995180E-01
22.96427,40.61723,1.000000E+01,2.001925E-01
22.96664,40.61723,1.000000E+01,1.961638E-01
22.96902,40.61723,1.000000E+01,1.959930E-01
22.97140,40.61723,1.000000E+01,1.965508E-01
22.97378,40.61723,1.000000E+01,1.967646E-01
22.97615,40.61723,1.000000E+01,1.969300E-01
22.97853,40.61723,1.000000E+01,1.970824E-01
22.98091,40.61723,1.000000E+01,1.972205E-01
22.98328,40.61723,1.000000E+01,1.973444E-01
22.98566,40.61723,1.000000E+01,1.974573E-01
22.98804,40.61723,1.000000E+01,1.975605E-01
22.99041,40.61723,1.000000E+01,1.976555E-01
22.99279,40.61723,1.000000E+01,1.977454E-01
22.99517,40.61723,1.000000E+01,1.978323E-01
22.99755,40.61723,1.000000E+01,1.979185E-01
22.99992,40.61723,1.000000E+01,1.980063E-01
23.00230,40.61723,1.000000E+01,1.980986E-01
22.89771,40.61946,1.000000E+01,1.902933E-01
22.90009,40.61946,1.000000E+01,1.903621E-01
22.90246,40.61946,1.000000E+01,1.904276E-01
22.90484,40.61946,1.000000E+01,1.905093E-01
22.90722,40.61946,1.000000E+01,1.905917E-01
22.90960,40.61946,1.000000E+01,1.906846E-01
22.91197,40.61946,1.000000E+01,1.907894E-01
22.91435,40.61946,1.000000E+01,1.909091E-01
22.91673,40.61946,1.000000E+01,1.910437E-01
22.91910,40.61946,1.000000E+01,1.911961E-01
22.92148,40.61946,1.000000E+01,1.913632E-01
22.92386,40.61946,1.000000E+01,1.915480E-01
22.92623,40.61946,1.000000E+01,1.917477E-01
22.92861,40.61946,1.000000E+01,1.919635E-01
22.93099,40.61946,1.000000E+01,1.921944E-01
22.93337,40.61946,1.000000E+01,1.924403E-01
22.93574,40.61946,1.000000E+01,1.926963E-01
22.93812,40.61946,1.000000E+01,1.929641E-01
22.94050,40.61946,1.000000E+01,1.932408E-01
22.94287,40.61946,1.000000E+01,1.935238E-01
22.94525,40.61946,1.000000E+01,1.938131E-01
22.94763,40.61946,1.000000E+01,1.941396E-01
22.95000,40.61946,1.000000E+01,1.958998E-01
22.95238,40.61946,1.000000E+01,2.020580E-01
22.95476,40.61946,1.000000E+01,1.998818E-01
22.95714,40.61946,1.000000E+01,1.964267E-01
22.95951,40.61946,1.000000E+01,1.965306E-01
22.96189,40.61946,1.000000E+01,1.993226E-01
22.96427,40.61946,1.000000E+01,2.000387E-01
22.96664,40.61946,1.000000E+01,1.963811E-01
22.96902,40.61946,1.000000E+01,1.962159E-01
22.97140,40.61946,1.000000E+01,1.966523E-01
22.97378,40.61946,1.000000E+01,1.968547E-01
22.97615,40.61946,1.000000E+01,1.970211E-01
22.97853,40.61946,1.000000E+01,1.971739E-01
22.98091,40.61946,1.000000E+01,1.973119E-01
22.98328,40.61946,1.000000E+01,1.974358E-01
22.98566,40.61946,1.000000E+01,1.975487E-01
22.98804,40.61946,1.000000E+01,1.976517E-01
22.99041,40.61946,1.000000E+01,1.977466E-01
22.99279,40.61946,1.000000E+01,1.978363E-01
22.99517,40.61946,1.000000E+01,1.979230E-01
22.99755,40.61946,1.000000E+01,1.980088E-01
22.99992,40.61946,1.000000E+01,1.980964E-01
23.00230,40.61946,1.000000E+01,1.981884E-01
22.89771,40.62169,1.000000E+01,1.903246E-01
22.90009,40.62169,1.000000E+01,1.903841E-01
22.90246,40.62169,1.000000E+01,1.904603E-01
22.90484,40.62169,1.000000E+01,1.905316E-01
22.90722,40.62169,1.000000E+01,1.906258E-01
22.90960,40.62169,1.000000E+01,1.907191E-01
22.91197,40.62169,1.000000E+01,1.908248E-01
22.91435,40.62169,1.000000E+01,1.909448E-01
22.91673,40.62169,1.000000E+01,1.910803E-01
22.91910,40.62169,1.000000E+01,1.912336E-01
22.92148,40.62169,1.000000E+01,1.914013E-01
22.92386,40.62169,1.000000E+01,1.915868E-01
22.92623,40.62169,1.000000E+01,1.917872E-01
22.92861,40.62169,1.000000E+01,1.920037E-01
22.93099,40.62169,1.000000E+01,1.922352E-01
22.93337,40.62169,1.000000E+01,1.924818E-01
22.93574,40.62169,1.000000E+01,1.927387E-01
22.93812,40.62169,1.000000E+01,1.930072E-01
22.94050,40.62169,1.000000E+01,1.932844E-01
22.94287,40.62169,1.000000E+01,1.935678E-01
22.94525,40.62169,1.000000E+01,1.938589E-01
22.94763,40.62169,1.000000E+01,1.942477E-01
22.95000,40.62169,1.000000E+01,1.962405E-01
22.95238,40.62169,1.000000E+01,2.007290E-01
22.95476,40.62169,1.000000E+01,1.969062E-01
22.95714,40.62169,1.000000E+01,2.030927E-01
22.95951,40.62169,1.000000E+01,2.052740E-01
22.96189,40.62169,1.000000E+01,1.962857E-01
22.96427,40.62169,1.000000E+01,1.942371E-01
22.96664,40.62169,1.000000E+01,1.941787E-01
22.96902,40.62169,1.000000E+01,1.952081E-01
22.97140,40.62169,1.000000E+01,1.966278E-01
22.97378,40.62169,1.000000E+01,1.969055E-01
22.97615,40.62169,1.000000E+01,1.970742E-01
22.97853,40.62169,1.000000E+01,1.972277E-01
22.98091,40.62169,1.000000E+01,1.973662E-01
22.98328,40.62169,1.000000E+01,1.974909E-01
22.98566,40.62169,1.000000E+01,1.976043E-01
22.98804,40.62169,1.000000E+01,1.977081E-01
22.99041,40.62169,1.000000E+01,1.978034E-01
22.99279,40.62169,1.000000E+01,1.978935E-01
22.99517,40.62169,1.000000E+01,1.979808E-01
22.99755,40.62169,1.000000E+01,1.980674E-01
22.99992,40.62169,1.000000E+01,1.981555E-01
23.00230,40.62169,1.000000E+01,1.982481E-01
22.89771,40.62392,1.000000E+01,1.903268E-01
22.90009,40.62392,1.000000E+01,1.903889E-01
22.90246,40.62392,1.000000E+01,1.904545E-01
22.90484,40.62392,1.000000E+01,1.905371E-01
22.90722,40.62392,1.000000E+01,1.906317E-01
22.90960,40.62392,1.000000E+01,1.907272E-01
22.91197,40.62392,1.000000E+01,1.908338E-01
22.91435,40.62392,1.000000E+01,1.909549E-01
22.91673,40.62392,1.000000E+01,1.910892E-01
22.91910,40.62392,1.000000E+01,1.912450E-01
22.92148,40.62392,1.000000E+01,1.914134E-01
22.92386,40.62392,1.000000E+01,1.915993E-01
22.92623,40.62392,1.000000E+01,1.917997E-01
22.92861,40.62392,1.000000E+01,1.920168E-01
22.93099,40.62392,1.000000E+01,1.922485E-01
22.93337,40.62392,1.000000E+01,1.924952E-01
22.93574,40.62392,1.000000E+01,1.927520E-01
22.93812,40.62392,1.000000E+01,1.930202E-01
22.94050,40.62392,1.000000E+01,1.932978E-01
22.94287,40.62392,1.000000E+01,1.935851E-01
22.94525,40.62392,1.000000E+01,1.939700E-01
22.94763,40.62392,1.000000E+01,1.957490E-01
22.95000,40.62392,1.000000E+01,2.033457E-01
22.95238,40.62392,1.000000E+01,2.061831E-01
22.95476,40.62392,1.000000E+01,1.991112E-01
22.95714,40.62392,1.000000E+01,2.001430E-01
22.95951,40.62392,1.000000E+01,1.930294E-01
22.96189,40.62392,1.000000E+01,1.908005E-01
22.96427,40.62392,1.000000E+01,1.914708E-01
22.96664,40.62392,1.000000E+01,1.971904E-01
22.96902,40.62392,1.000000E+01,1.974833E-01
22.97140,40.62392,1.000000E+01,1.968047E-01
22.97378,40.62392,1.000000E+01,1.969224E-01
22.97615,40.62392,1.000000E+01,1.970910E-01
22.97853,40.62392,1.000000E+01,1.972447E-01
22.98091,40.62392,1.000000E+01,1.973841E-01
22.98328,40.62392,1.000000E+01,1.975096E-01
22.98566,40.62392,1.000000E+01,1.976243E-01
22.98804,40.62392,1.000000E+01,1.977292E-01
22.99041,40.62392,1.000000E+01,1.978258E-01
22.99279,40.62392,1.000000E+01,1.979176E-01
22.99517,40.62392,1.000000E+01,1.980062E-01
22.99755,40.62392,1.000000E+01,1.980941E-01
22.99992,40.62392,1.000000E+01,1.981834E-01
23.00230,40.62392,1.000000E+01,1.982774E-01
22.89771,40.62615,1.000000E+01,1.902998E-01
22.90009,40.62615,1.000000E+01,1.903638E-01
22.90246,40.62615,1.000000E+01,1.904311E-01
22.90484,40.62615,1.000000E+01,1.905075E-01
22.90722,40.62615,1.000000E+01,1.906119E-01
22.90960,40.62615,1.000000E+01,1.907087E-01
22.91197,40.62615,1.000000E+01,1.908171E-01
22.91435,40.62615,1.000000E+01,1.909378E-01
22.91673,40.62615,1.000000E+01,1.910749E-01
22.91910,40.62615,1.000000E+01,1.912266E-01
22.92148,40.62615,1.000000E+01,1.913997E-01
22.92386,40.62615,1.000000E+01,1.915861E-01
22.92623,40.62615,1.000000E+01,1.917866E-01
22.92861,40.62615,1.000000E+01,1.920035E-01
22.93099,40.62615,1.000000E+01,1.922349E-01
22.93337,40.62615,1.000000E+01,1.924810E-01
22.93574,40.62615,1.000000E+01,1.927370E-01
22.93812,40.62615,1.000000E+01,1.930048E-01
22.94050,40.62615,1.000000E+01,1.933003E-01
22.94287,40.62615,1.000000E+01,1.940037E-01
22.94525,40.62615,1.000000E+01,1.969604E-01
22.94763,40.62615,1.000000E+01,2.005289E-01
22.95000,40.62615,1.000000E+01,2.039119E-01
22.95238,40.62615,1.000000E+01,1.992520E-01
22.95476,40.62615,1.000000E+01,1.944789E-01
22.95714,40.62615,1.000000E+01,1.929617E-01
22.95951,40.62615,1.000000E+01,1.917428E-01
22.96189,40.62615,1.000000E+01,1.927752E-01
22.96427,40.62615,1.000000E+01,1.895400E-01
22.96664,40.62615,1.000000E+01,1.761343E-01
22.96902,40.62615,1.000000E+01,1.835347E-01
22.97140,40.62615,1.000000E+01,1.957817E-01
22.97378,40.62615,1.000000E+01,1.968930E-01
22.97615,40.62615,1.000000E+01,1.970700E-01
22.97853,40.62615,1.000000E+01,1.972251E-01
22.98091,40.62615,1.000000E+01,1.973659E-01
22.98328,40.62615,1.000000E+01,1.974932E-01
22.98566,40.62615,1.000000E+01,1.976096E-01
22.98804,40.62615,1.000000E+01,1.977162E-01
22.99041,40.62615,1.000000E+01,1.978149E-01
22.99279,40.62615,1.000000E+01,1.979085E-01
22.99517,40.62615,1.000000E+01,1.979994E-01
22.99755,40.62615,1.000000E+01,1.980895E-01
22.99992,40.62615,1.000000E+01,1.981808E-01
23.00230,40.62615,1.000000E+01,1.982764E-01
22.89771,40.62838,1.000000E+01,1.902456E-01
22.90009,40.62838,1.000000E+01,1.903119E-01
22.90246,40.62838,1.000000E+01,1.903817E-01
22.90484,40.62838,1.000000E+01,1.904603E-01
22.90722,40.62838,1.000000E+01,1.905567E-01
22.90960,40.62838,1.000000E+01,1.906654E-01
22.91197,40.62838,1.000000E+01,1.907753E-01
22.91435,40.62838,1.000000E+01,1.908977E-01
22.91673,40.62838,1.000000E+01,1.910360E-01
22.91910,40.62838,1.000000E+01,1.911889E-01
22.92148,40.62838,1.000000E+01,1.913618E-01
22.92386,40.62838,1.000000E+01,1.915483E-01
22.92623,40.62838,1.000000E+01,1.917484E-01
22.92861,40.62838,1.000000E+01,1.919648E-01
22.93099,40.62838,1.000000E+01,1.921953E-01
22.93337,40.62838,1.000000E+01,1.924406E-01
22.93574,40.62838,1.000000E+01,1.926960E-01
22.93812,40.62838,1.000000E+01,1.930255E-01
22.94050,40.62838,1.000000E+01,1.944721E-01
22.94287,40.62838,1.000000E+01,2.005015E-01
22.94525,40.62838,1.000000E+01,2.075571E-01
22.94763,40.62838,1.000000E+01,2.057309E-01
22.95000,40.62838,1.000000E+01,2.040989E-01
22.95238,40.62838,1.000000E+01,1.978795E-01
22.95476,40.62838,1.000000E+01,1.963475E-01
22.95714,40.62838,1.000000E+01,1.937947E-01
22.95951,40.62838,1.000000E+01,1.886773E-01
22.96189,40.62838,1.000000E+01,1.871985E-01
22.96427,40.62838,1.000000E+01,1.835294E-01
22.96664,40.62838,8.554798E+00,1.408465E-01
22.96902,40.62838,9.549648E+00,1.575588E-01
22.97140,40.62838,1.000000E+01,1.934305E-01
22.97378,40.62838,1.000000E+01,1.968187E-01
22.97615,40.62838,1.000000E+01,1.970136E-01
22.97853,40.62838,1.000000E+01,1.971706E-01
22.98091,40.62838,1.000000E+01,1.973134E-01
22.98328,40.62838,1.000000E+01,1.974428E-01
22.98566,40.62838,1.000000E+01,1.975616E-01
22.98804,40.62838,1.000000E+01,1.976709E-01
22.99041,40.62838,1.000000E+01,1.977722E-01
22.99279,40.62838,1.000000E+01,1.978686E-01
22.99517,40.62838,1.000000E+01,1.979623E-01
22.99755,40.62838,1.000000E+01,1.980549E-01
22.99992,40.62838,1.000000E+01,1.981488E-01
23.00230,40.62838,1.000000E+01,1.982469E-01
22.89771,40.63061,1.000000E+01,1.901663E-01
22.90009,40.63061,1.000000E+01,1.902356E-01
22.90246,40.63061,1.000000E+01,1.903099E-01
22.90484,40.63061,1.000000E+01,1.903896E-01
22.90722,40.63061,1.000000E+01,1.904905E-01
22.90960,40.63061,1.000000E+01,1.905890E-01
22.91197,40.63061,1.000000E+01,1.907090E-01
22.91435,40.63061,1.000000E+01,1.908346E-01
22.91673,40.63061,1.000000E+01,1.909741E-01
22.91910,40.63061,1.000000E+01,1.911279E-01
22.92148,40.63061,1.000000E+01,1.913016E-01
22.92386,40.63061,1.000000E+01,1.914876E-01
22.92623,40.63061,1.000000E+01,1.916871E-01
22.92861,40.63061,1.000000E+01,1.919033E-01
22.93099,40.63061,1.000000E+01,1.921623E-01
22.93337,40.63061,1.000000E+01,1.925144E-01
22.93574,40.63061,1.000000E+01,1.928107E-01
22.93812,40.63061,1.000000E+01,1.946885E-01
22.94050,40.63061,1.000000E+01,2.051451E-01
22.94287,40.63061,1.000000E+01,2.153102E-01
22.94525,40.63061,1.000000E+01,2.047357E-01
22.94763,40.63061,1.000000E+01,1.984010E-01
22.95000,40.63061,1.000000E+01,1.949194E-01
22.95238,40.63061,1.000000E+01,1.946099E-01
22.95476,40.63061,1.000000E+01,2.002507E-01
22.95714,40.63061,1.000000E+01,1.918619E-01
22.95951,40.63061,1.000000E+01,1.871607E-01
22.96189,40.63061,1.000000E+01,1.847668E-01
22.96427,40.63061,1.000000E+01,1.928881E-01
22.96664,40.63061,1.000000E+01,1.880057E-01
22.96902,40.63061,1.000000E+01,1.911606E-01
22.97140,40.63061,1.000000E+01,1.962039E-01
22.97378,40.63061,1.000000E+01,1.967507E-01
22.97615,40.63061,1.000000E+01,1.969252E-01
22.97853,40.63061,1.000000E+01,1.970840E-01
22.98091,40.63061,1.000000E+01,1.972290E-01
22.98328,40.63061,1.000000E+01,1.973612E-01
22.98566,40.63061,1.000000E+01,1.974828E-01
22.98804,40.63061,1.000000E+01,1.975952E-01
22.99041,40.63061,1.000000E+01,1.976999E-01
22.99279,40.63061,1.000000E+01,1.977999E-01
22.99517,40.63061,1.000000E+01,1.978969E-01
22.99755,40.63061,1.000000E+01,1.979930E-01
22.99992,40.63061,1.000000E+01,1.980901E-01
23.00230,40.63061,1.000000E+01,1.981915E-01
22.89771,40.63285,1.000000E+01,1.900634E-01
22.90009,40.63285,1.000000E+01,1.901365E-01
22.90246,40.63285,1.000000E+01,1.902139E-01
22.90484,40.63285,1.000000E+01,1.902965E-01
22.90722,40.63285,1.000000E+01,1.903972E-01
22.90960,40.63285,1.000000E+01,1.905014E-01
22.91197,40.63285,1.000000E+01,1.906137E-01
22.91435,40.63285,1.000000E+01,1.907472E-01
22.91673,40.63285,1.000000E+01,1.908916E-01
22.91910,40.63285,1.000000E+01,1.910460E-01
22.92148,40.63285,1.000000E+01,1.912201E-01
22.92386,40.63285,1.000000E+01,1.914060E-01
22.92623,40.63285,1.000000E+01,1.916089E-01
22.92861,40.63285,1.000000E+01,1.919923E-01
22.93099,40.63285,1.000000E+01,1.941052E-01
22.93337,40.63285,1.000000E+01,1.989780E-01
22.93574,40.63285,1.000000E+01,1.988518E-01
22.93812,40.63285,1.000000E+01,2.052549E-01
22.94050,40.63285,1.000000E+01,2.121344E-01
22.94287,40.63285,1.000000E+01,2.105619E-01
22.94525,40.63285,1.000000E+01,1.995664E-01
22.94763,40.63285,1.000000E+01,1.974283E-01
22.95000,40.63285,1.000000E+01,1.936358E-01
22.95238,40.63285,1.000000E+01,1.912121E-01
22.95476,40.63285,1.000000E+01,1.866037E-01
22.95714,40.63285,1.000000E+01,1.773005E-01
22.95951,40.63285,1.000000E+01,1.906870E-01
22.96189,40.63285,1.000000E+01,1.950679E-01
22.96427,40.63285,1.000000E+01,1.957253E-01
22.96664,40.63285,1.000000E+01,1.959942E-01
22.96902,40.63285,1.000000E+01,1.962218E-01
22.97140,40.63285,1.000000E+01,1.964436E-01
22.97378,40.63285,1.000000E+01,1.966337E-01
22.97615,40.63285,1.000000E+01,1.968070E-01
22.97853,40.63285,1.000000E+01,1.969680E-01
22.98091,40.63285,1.000000E+01,1.971155E-01
22.98328,40.63285,1.000000E+01,1.972506E-01
22.98566,40.63285,1.000000E+01,1.973757E-01
22.98804,40.63285,1.000000E+01,1.974918E-01
22.99041,40.63285,1.000000E+01,1.976004E-01
22.99279,40.63285,1.000000E+01,1.977044E-01
22.99517,40.63285,1.000000E+01,1.978055E-01
22.99755,40.63285,1.000000E+01,1.979057E-01
22.99992,40.63285,1.000000E+01,1.980070E-01
23.00230,40.63285,1.000000E+01,1.981118E-01
22.89771,40.63508,1.000000E+01,1.899433E-01
22.90009,40.63508,1.000000E+01,1.900204E-01
22.90246,40.63508,1.000000E+01,1.901014E-01
22.90484,40.63508,1.000000E+01,1.901891E-01
22.90722,40.63508,1.000000E+01,1.902831E-01
22.90960,40.63508,1.000000E+01,1.903936E-01
22.91197,40.63508,1.000000E+01,1.905108E-01
22.91435,40.63508,1.000000E+01,1.906399E-01
22.91673,40.63508,1.000000E+01,1.907824E-01
22.91910,40.63508,1.000000E+01,1.909470E-01
22.92148,40.63508,1.000000E+01,1.911171E-01
22.92386,40.63508,1.000000E+01,1.913196E-01
22.92623,40.63508,1.000000E+01,1.919332E-01
22.92861,40.63508,1.000000E+01,1.963897E-01
22.93099,40.63508,1.000000E+01,2.097969E-01
22.93337,40.63508,1.000000E+01,2.153957E-01
22.93574,40.63508,1.000000E+01,2.119959E-01
22.93812,40.63508,1.000000E+01,2.122971E-01
22.94050,40.63508,1.000000E+01,2.085374E-01
22.94287,40.63508,1.000000E+01,2.083647E-01
22.94525,40.63508,1.000000E+01,1.987708E-01
22.94763,40.63508,1.000000E+01,2.019987E-01
22.95000,40.63508,1.000000E+01,1.816371E-01
22.95238,40.63508,9.804549E+00,1.615568E-01
22.95476,40.63508,1.000000E+01,1.770969E-01
22.95714,40.63508,1.000000E+01,1.896613E-01
22.95951,40.63508,1.000000E+01,1.943177E-01
22.96189,40.63508,1.000000E+01,1.953948E-01
22.96427,40.63508,1.000000E+01,1.956543E-01
22.96664,40.63508,1.000000E+01,1.958818E-01
22.96902,40.63508,1.000000E+01,1.960967E-01
22.97140,40.63508,1.000000E+01,1.963002E-01
22.97378,40.63508,1.000000E+01,1.964893E-01
22.97615,40.63508,1.000000E+01,1.966644E-01
22.97853,40.63508,1.000000E+01,1.968274E-01
22.98091,40.63508,1.000000E+01,1.969781E-01
22.98328,40.63508,1.000000E+01,1.971164E-01
22.98566,40.63508,1.000000E+01,1.972451E-01
22.98804,40.63508,1.000000E+01,1.973653E-01
22.99041,40.63508,1.000000E+01,1.974782E-01
22.99279,40.63508,1.000000E+01,1.975867E-01
22.99517,40.63508,1.000000E+01,1.976922E-01
22.99755,40.63508,1.000000E+01,1.977971E-01
22.99992,40.63508,1.000000E+01,1.979026E-01
23.00230,40.63508,1.000000E+01,1.980101E-01
22.89771,40.63731,1.000000E+01,1.898046E-01
22.90009,40.63731,1.000000E+01,1.898857E-01
22.90246,40.63731,1.000000E+01,1.899707E-01
22.90484,40.63731,1.000000E+01,1.900622E-01
22.90722,40.63731,1.000000E+01,1.901596E-01
22.90960,40.63731,1.000000E+01,1.902776E-01
22.91197,40.63731,1.000000E+01,1.903952E-01
22.91435,40.63731,1.000000E+01,1.905262E-01
22.91673,40.63731,1.000000E+01,1.906694E-01
22.91910,40.63731,1.000000E+01,1.908259E-01
22.92148,40.63731,1.000000E+01,1.910153E-01
22.92386,40.63731,1.000000E+01,1.918342E-01
22.92623,40.63731,1.000000E+01,1.992396E-01
22.92861,40.63731,1.000000E+01,2.144472E-01
22.93099,40.63731,1.000000E+01,2.183350E-01
22.93337,40.63731,1.000000E+01,2.188218E-01
22.93574,40.63731,1.000000E+01,2.086025E-01
22.93812,40.63731,1.000000E+01,2.108263E-01
22.94050,40.63731,1.000000E+01,2.023056E-01
22.94287,40.63731,1.000000E+01,1.937803E-01
22.94525,40.63731,1.000000E+01,1.806700E-01
22.94763,40.63731,1.000000E+01,1.749767E-01
22.95000,40.63731,8.450706E+00,1.394128E-01
22.95238,40.63731,8.982603E+00,1.487890E-01
22.95476,40.63731,1.000000E+01,1.843368E-01
22.95714,40.63731,1.000000E+01,1.942533E-01
22.95951,40.63731,1.000000E+01,1.949944E-01
22.96189,40.63731,1.000000E+01,1.952517E-01
22.96427,40.63731,1.000000E+01,1.954897E-01
22.96664,40.63731,1.000000E+01,1.957146E-01
22.96902,40.63731,1.000000E+01,1.959301E-01
22.97140,40.63731,1.000000E+01,1.961337E-01
22.97378,40.63731,1.000000E+01,1.963243E-01
22.97615,40.63731,1.000000E+01,1.965012E-01
22.97853,40.63731,1.000000E+01,1.966664E-01
22.98091,40.63731,1.000000E+01,1.968201E-01
22.98328,40.63731,1.000000E+01,1.969618E-01
22.98566,40.63731,1.000000E+01,1.970945E-01
22.98804,40.63731,1.000000E+01,1.972191E-01
22.99041,40.63731,1.000000E+01,1.973366E-01
22.99279,40.63731,1.000000E+01,1.974497E-01
22.99517,40.63731,1.000000E+01,1.975603E-01
22.99755,40.63731,1.000000E+01,1.976700E-01
22.99992,40.63731,1.000000E+01,1.977787E-01
23.00230,40.63731,1.000000E+01,1.978906E-01
22.89771,40.63954,1.000000E+01,1.896538E-01
22.90009,40.63954,1.000000E+01,1.897393E-01
22.90246,40.63954,1.000000E+01,1.898284E-01
22.90484,40.63954,1.000000E+01,1.899233E-01
22.90722,40.63954,1.000000E+01,1.900249E-01
22.90960,40.63954,1.000000E+01,1.901451E-01
22.91197,40.63954,1.000000E+01,1.902650E-01
22.91435,40.63954,1.000000E+01,1.903978E-01
22.91673,40.63954,1.000000E+01,1.905430E-01
22.91910,40.63954,1.000000E+01,1.907167E-01
22.92148,40.63954,1.000000E+01,1.911370E-01
22.92386,40.63954,1.000000E+01,1.936926E-01
22.92623,40.63954,1.000000E+01,2.067861E-01
22.92861,40.63954,1.000000E+01,2.138572E-01
22.93099,40.63954,1.000000E+01,2.057350E-01
22.93337,40.63954,1.000000E+01,2.030133E-01
22.93574,40.63954,1.000000E+01,1.943512E-01
22.93812,40.63954,1.000000E+01,2.037149E-01
22.94050,40.63954,1.000000E+01,1.811607E-01
22.94287,40.63954,1.000000E+01,1.665150E-01
22.94525,40.63954,1.000000E+01,1.804311E-01
22.94763,40.63954,1.000000E+01,1.860908E-01
22.95000,40.63954,1.000000E+01,1.767364E-01
22.95238,40.63954,1.000000E+01,1.843538E-01
22.95476,40.63954,1.000000E+01,1.935499E-01
22.95714,40.63954,1.000000E+01,1.945520E-01
22.95951,40.63954,1.000000E+01,1.948266E-01
22.96189,40.63954,1.000000E+01,1.950728E-01
22.96427,40.63954,1.000000E+01,1.953091E-01
22.96664,40.63954,1.000000E+01,1.955326E-01
22.96902,40.63954,1.000000E+01,1.957479E-01
22.97140,40.63954,1.000000E+01,1.959517E-01
22.97378,40.63954,1.000000E+01,1.961434E-01
22.97615,40.63954,1.000000E+01,1.963217E-01
22.97853,40.63954,1.000000E+01,1.964893E-01
22.98091,40.63954,1.000000E+01,1.966460E-01
22.98328,40.63954,1.000000E+01,1.967915E-01
22.98566,40.63954,1.000000E+01,1.969285E-01
22.98804,40.63954,1.000000E+01,1.970576E-01
22.99041,40.63954,1.000000E+01,1.971798E-01
22.99279,40.63954,1.000000E+01,1.972978E-01
22.99517,40.63954,1.000000E+01,1.974136E-01
22.99755,40.63954,1.000000E+01,1.975257E-01
22.99992,40.63954,1.000000E+01,1.976404E-01
23.00230,40.63954,1.000000E+01,1.977580E-01
22.89771,40.64177,1.000000E+01,1.894927E-01
22.90009,40.64177,1.000000E+01,1.895828E-01
22.90246,40.64177,1.000000E+01,1.896764E-01
22.90484,40.64177,1.000000E+01,1.897752E-01
22.90722,40.64177,1.000000E+01,1.898802E-01
22.90960,40.64177,1.000000E+01,1.900016E-01
22.91197,40.64177,1.000000E+01,1.901289E-01
22.91435,40.64177,1.000000E+01,1.902615E-01
22.91673,40.64177,1.000000E+01,1.904420E-01
22.91910,40.64177,1.000000E+01,1.913791E-01
22.92148,40.64177,1.000000E+01,1.941121E-01
22.92386,40.64177,1.000000E+01,1.977524E-01
22.92623,40.64177,1.000000E+01,1.982881E-01
22.92861,40.64177,1.000000E+01,1.974820E-01
22.93099,40.64177,1.000000E+01,1.961379E-01
22.93337,40.64177,1.000000E+01,1.953032E-01
22.93574,40.64177,1.000000E+01,1.956542E-01
22.93812,40.64177,1.000000E+01,1.788817E-01
22.94050,40.64177,8.900970E+00,1.472376E-01
22.94287,40.64177,9.949043E+00,1.633357E-01
22.94525,40.64177,1.000000E+01,1.883697E-01
22.94763,40.64177,1.000000E+01,1.931185E-01
22.95000,40.64177,1.000000E+01,1.934209E-01
22.95238,40.64177,1.000000E+01,1.937610E-01
22.95476,40.64177,1.000000E+01,1.940999E-01
22.95714,40.64177,1.000000E+01,1.943797E-01
22.95951,40.64177,1.000000E+01,1.946386E-01
22.96189,40.64177,1.000000E+01,1.948827E-01
22.96427,40.64177,1.000000E+01,1.951160E-01
22.96664,40.64177,1.000000E+01,1.953400E-01
22.96902,40.64177,1.000000E+01,1.955548E-01
22.97140,40.64177,1.000000E+01,1.957581E-01
22.97378,40.64177,1.000000E+01,1.959507E-01
22.97615,40.64177,1.000000E+01,1.961309E-01
22.97853,40.64177,1.000000E+01,1.963010E-01
22.98091,40.64177,1.000000E+01,1.964605E-01
22.98328,40.64177,1.000000E+01,1.966100E-01
22.98566,40.64177,1.000000E+01,1.967512E-01
22.98804,40.64177,1.000000E+01,1.968848E-01
22.99041,40.64177,1.000000E+01,1.970117E-01
22.99279,40.64177,1.000000E+01,1.971351E-01
22.99517,40.64177,1.000000E+01,1.972532E-01
22.99755,40.64177,1.000000E+01,1.973727E-01
22.99992,40.64177,1.000000E+01,1.974923E-01
23.00230,40.64177,1.000000E+01,1.976146E-01
22.89771,40.64400,1.000000E+01,1.893263E-01
22.90009,40.64400,1.000000E+01,1.894208E-01
22.90246,40.64400,1.000000E+01,1.895183E-01
22.90484,40.64400,1.000000E+01,1.896200E-01
22.90722,40.64400,1.000000E+01,1.897299E-01
22.90960,40.64400,1.000000E+01,1.898543E-01
22.91197,40.64400,1.000000E+01,1.899835E-01
22.91435,40.64400,1.000000E+01,1.901191E-01
22.91673,40.64400,1.000000E+01,1.903833E-01
22.91910,40.64400,1.000000E+01,1.929916E-01
22.92148,40.64400,1.000000E+01,1.977841E-01
22.92386,40.64400,1.000000E+01,2.031280E-01
22.92623,40.64400,1.000000E+01,2.050389E-01
22.92861,40.64400,1.000000E+01,1.955558E-01
22.93099,40.64400,1.000000E+01,1.900817E-01
22.93337,40.64400,1.000000E+01,1.787423E-01
22.93574,40.64400,1.000000E+01,1.854520E-01
22.93812,40.64400,1.000000E+01,1.840250E-01
22.94050,40.64400,1.000000E+01,1.769094E-01
22.94287,40.64400,1.000000E+01,1.884857E-01
22.94525,40.64400,1.000000E+01,1.926636E-01
22.94763,40.64400,1.000000E+01,1.931326E-01
22.95000,40.64400,1.000000E+01,1.933967E-01
22.95238,40.64400,1.000000E+01,1.936581E-01
22.95476,40.64400,1.000000E+01,1.939166E-01
22.95714,40.64400,1.000000E+01,1.941896E-01
22.95951,40.64400,1.000000E+01,1.944440E-01
22.96189,40.64400,1.000000E+01,1.946886E-01
22.96427,40.64400,1.000000E+01,1.949198E-01
22.96664,40.64400,1.000000E+01,1.951425E-01
22.96902,40.64400,1.000000E+01,1.953567E-01
22.97140,40.64400,1.000000E+01,1.955603E-01
22.97378,40.64400,1.000000E+01,1.957516E-01
22.97615,40.64400,1.000000E+01,1.959335E-01
22.97853,40.64400,1.000000E+01,1.961060E-01
22.98091,40.64400,1.000000E+01,1.962685E-01
22.98328,40.64400,1.000000E+01,1.964216E-01
22.98566,40.64400,1.000000E+01,1.965668E-01
22.98804,40.64400,1.000000E+01,1.967051E-01
22.99041,40.64400,1.000000E+01,1.968372E-01
22.99279,40.64400,1.000000E+01,1.969631E-01
22.99517,40.64400,1.000000E+01,1.970887E-01
22.99755,40.64400,1.000000E+01,1.972132E-01
22.99992,40.64400,1.000000E+01,1.973370E-01
23.00230,40.64400,1.000000E+01,1.974647E-01
22.89771,40.64623,1.000000E+01,1.891582E-01
22.90009,40.64623,1.000000E+01,1.892571E-01
22.90246,40.64623,1.000000E+01,1.893586E-01
22.90484,40.64623,1.000000E+01,1.894642E-01
22.90722,40.64623,1.000000E+01,1.895777E-01
22.90960,40.64623,1.000000E+01,1.896986E-01
22.91197,40.64623,1.000000E+01,1.898365E-01
22.91435,40.64623,1.000000E+01,1.899763E-01
22.91673,40.64623,1.000000E+01,1.902231E-01
22.91910,40.64623,1.000000E+01,1.923981E-01
22.92148,40.64623,1.000000E+01,1.952563E-01
22.92386,40.64623,1.000000E+01,1.917676E-01
22.92623,40.64623,1.000000E+01,1.900857E-01
22.92861,40.64623,1.000000E+01,1.848795E-01
22.93099,40.64623,1.000000E+01,1.682329E-01
22.93337,40.64623,7.950575E+00,1.300262E-01
22.93574,40.64623,9.668811E+00,1.590774E-01
22.93812,40.64623,1.000000E+01,1.899994E-01
22.94050,40.64623,1.000000E+01,1.919890E-01
22.94287,40.64623,1.000000E+01,1.924037E-01
22.94525,40.64623,1.000000E+01,1.927000E-01
22.94763,40.64623,1.000000E+01,1.929587E-01
22.95000,40.64623,1.000000E+01,1.932158E-01
22.95238,40.64623,1.000000E+01,1.934728E-01
22.95476,40.64623,1.000000E+01,1.937274E-01
22.95714,40.64623,1.000000E+01,1.939967E-01
22.95951,40.64623,1.000000E+01,1.942405E-01
22.96189,40.64623,1.000000E+01,1.944905E-01
22.96427,40.64623,1.000000E+01,1.947203E-01
22.96664,40.64623,1.000000E+01,1.949417E-01
22.96902,40.64623,1.000000E+01,1.951547E-01
22.97140,40.64623,1.000000E+01,1.953583E-01
22.97378,40.64623,1.000000E+01,1.955523E-01
22.97615,40.64623,1.000000E+01,1.957363E-01
22.97853,40.64623,1.000000E+01,1.959106E-01
22.98091,40.64623,1.000000E+01,1.960761E-01
22.98328,40.64623,1.000000E+01,1.962328E-01
22.98566,40.64623,1.000000E+01,1.963809E-01
22.98804,40.64623,1.000000E+01,1.965212E-01
22.99041,40.64623,1.000000E+01,1.966568E-01
22.99279,40.64623,1.000000E+01,1.967913E-01
22.99517,40.64623,1.000000E+01,1.969218E-01
22.99755,40.64623,1.000000E+01,1.970511E-01
22.99992,40.64623,1.000000E+01,1.971801E-01
23.00230,40.64623,1.000000E+01,1.973115E-01
22.89771,40.64846,1.000000E+01,1.889919E-01
22.90009,40.64846,1.000000E+01,1.890948E-01
22.90246,40.64846,1.000000E+01,1.891986E-01
22.90484,40.64846,1.000000E+01,1.893097E-01
22.90722,40.64846,1.000000E+01,1.894266E-01
22.90960,40.64846,1.000000E+01,1.895505E-01
22.91197,40.64846,1.000000E+01,1.896906E-01
22.91435,40.64846,1.000000E+01,1.898319E-01
22.91673,40.64846,1.000000E+01,1.900305E-01
22.91910,40.64846,1.000000E+01,1.911962E-01
22.92148,40.64846,1.000000E+01,1.926240E-01
22.92386,40.64846,1.000000E+01,1.904223E-01
22.92623,40.64846,1.000000E+01,1.854827E-01
22.92861,40.64846,9.973285E+00,1.633911E-01
22.93099,40.64846,9.836862E+00,1.615331E-01
22.93337,40.64846,9.210996E+00,1.521463E-01
22.93574,40.64846,1.000000E+01,1.726048E-01
22.93812,40.64846,1.000000E+01,1.907997E-01
22.94050,40.64846,1.000000E+01,1.920279E-01
22.94287,40.64846,1.000000E+01,1.922789E-01
22.94525,40.64846,1.000000E+01,1.925299E-01
22.94763,40.64846,1.000000E+01,1.927831E-01
22.95000,40.64846,1.000000E+01,1.930360E-01
22.95238,40.64846,1.000000E+01,1.932892E-01
22.95476,40.64846,1.000000E+01,1.935398E-01
22.95714,40.64846,1.000000E+01,1.937865E-01
22.95951,40.64846,1.000000E+01,1.940477E-01
22.96189,40.64846,1.000000E+01,1.942935E-01
22.96427,40.64846,1.000000E+01,1.945232E-01
22.96664,40.64846,1.000000E+01,1.947435E-01
22.96902,40.64846,1.000000E+01,1.949557E-01
22.97140,40.64846,1.000000E+01,1.951592E-01
22.97378,40.64846,1.000000E+01,1.953534E-01
22.97615,40.64846,1.000000E+01,1.955390E-01
22.97853,40.64846,1.000000E+01,1.957163E-01
22.98091,40.64846,1.000000E+01,1.958846E-01
22.98328,40.64846,1.000000E+01,1.960454E-01
22.98566,40.64846,1.000000E+01,1.961972E-01
22.98804,40.64846,1.000000E+01,1.963429E-01
22.99041,40.64846,1.000000E+01,1.964844E-01
22.99279,40.64846,1.000000E+01,1.966225E-01
22.99517,40.64846,1.000000E+01,1.967577E-01
22.99755,40.64846,1.000000E+01,1.968915E-01
22.99992,40.64846,1.000000E+01,1.970226E-01
23.00230,40.64846,1.000000E+01,1.971583E-01
22.89771,40.65069,1.000000E+01,1.888310E-01
22.90009,40.65069,1.000000E+01,1.889377E-01
22.90246,40.65069,1.000000E+01,1.890456E-01
22.90484,40.65069,1.000000E+01,1.891601E-01
22.90722,40.65069,1.000000E+01,1.892801E-01
22.90960,40.65069,1.000000E+01,1.894065E-01
22.91197,40.65069,1.000000E+01,1.895507E-01
22.91435,40.65069,1.000000E+01,1.896918E-01
22.91673,40.65069,1.000000E+01,1.898596E-01
22.91910,40.65069,1.000000E+01,1.903821E-01
22.92148,40.65069,1.000000E+01,1.909957E-01
22.92386,40.65069,1.000000E+01,1.903878E-01
22.92623,40.65069,1.000000E+01,1.817416E-01
22.92861,40.65069,8.680962E+00,1.434202E-01
22.93099,40.65069,9.311353E+00,1.537694E-01
22.93337,40.65069,1.000000E+01,1.867547E-01
22.93574,40.65069,1.000000E+01,1.909798E-01
22.93812,40.65069,1.000000E+01,1.916187E-01
22.94050,40.65069,1.000000E+01,1.918752E-01
22.94287,40.65069,1.000000E+01,1.921174E-01
22.94525,40.65069,1.000000E+01,1.923639E-01
22.94763,40.65069,1.000000E+01,1.926130E-01
22.95000,40.65069,1.000000E+01,1.928619E-01
22.95238,40.65069,1.000000E+01,1.931111E-01
22.95476,40.65069,1.000000E+01,1.933585E-01
22.95714,40.65069,1.000000E+01,1.936029E-01
22.95951,40.65069,1.000000E+01,1.938610E-01
22.96189,40.65069,1.000000E+01,1.941048E-01
22.96427,40.65069,1.000000E+01,1.943333E-01
22.96664,40.65069,1.000000E+01,1.945525E-01
22.96902,40.65069,1.000000E+01,1.947641E-01
22.97140,40.65069,1.000000E+01,1.949678E-01
22.97378,40.65069,1.000000E+01,1.951640E-01
22.97615,40.65069,1.000000E+01,1.953508E-01
22.97853,40.65069,1.000000E+01,1.955298E-01
22.98091,40.65069,1.000000E+01,1.957009E-01
22.98328,40.65069,1.000000E+01,1.958611E-01
22.98566,40.65069,1.000000E+01,1.960175E-01
22.98804,40.65069,1.000000E+01,1.961686E-01
22.99041,40.65069,1.000000E+01,1.963171E-01
22.99279,40.65069,1.000000E+01,1.964593E-01
22.99517,40.65069,1.000000E+01,1.965989E-01
22.99755,40.65069,1.000000E+01,1.967370E-01
22.99992,40.65069,1.000000E+01,1.968745E-01
23.00230,40.65069,1.000000E+01,1.970140E-01
22.89771,40.65292,1.000000E+01,1.886786E-01
22.90009,40.65292,1.000000E+01,1.887874E-01
22.90246,40.65292,1.000000E+01,1.889005E-01
22.90484,40.65292,1.000000E+01,1.890181E-01
22.90722,40.65292,1.000000E+01,1.891410E-01
22.90960,40.65292,1.000000E+01,1.892700E-01
22.91197,40.65292,1.000000E+01,1.894133E-01
22.91435,40.65292,1.000000E+01,1.895588E-01
22.91673,40.65292,1.000000E+01,1.897117E-01
22.91910,40.65292,1.000000E+01,1.898937E-01
22.92148,40.65292,1.000000E+01,1.900938E-01
22.92386,40.65292,1.000000E+01,1.902209E-01
22.92623,40.65292,1.000000E+01,1.897270E-01
22.92861,40.65292,1.000000E+01,1.860666E-01
22.93099,40.65292,1.000000E+01,1.874599E-01
22.93337,40.65292,1.000000E+01,1.907607E-01
22.93574,40.65292,1.000000E+01,1.912498E-01
22.93812,40.65292,1.000000E+01,1.914816E-01
22.94050,40.65292,1.000000E+01,1.917261E-01
22.94287,40.65292,1.000000E+01,1.919647E-01
22.94525,40.65292,1.000000E+01,1.922078E-01
22.94763,40.65292,1.000000E+01,1.924527E-01
22.95000,40.65292,1.000000E+01,1.926981E-01
22.95238,40.65292,1.000000E+01,1.929440E-01
22.95476,40.65292,1.000000E+01,1.931879E-01
22.95714,40.65292,1.000000E+01,1.934295E-01
22.95951,40.65292,1.000000E+01,1.936842E-01
22.96189,40.65292,1.000000E+01,1.939273E-01
22.96427,40.65292,1.000000E+01,1.941546E-01
22.96664,40.65292,1.000000E+01,1.943728E-01
22.96902,40.65292,1.000000E+01,1.945840E-01
22.97140,40.65292,1.000000E+01,1.947875E-01
22.97378,40.65292,1.000000E+01,1.949836E-01
22.97615,40.65292,1.000000E+01,1.951741E-01
22.97853,40.65292,1.000000E+01,1.953553E-01
22.98091,40.65292,1.000000E+01,1.955261E-01
22.98328,40.65292,1.000000E+01,1.956918E-01
22.98566,40.65292,1.000000E+01,1.958525E-01
22.98804,40.65292,1.000000E+01,1.960071E-01
22.99041,40.65292,1.000000E+01,1.961563E-01
22.99279,40.65292,1.000000E+01,1.963024E-01
22.99517,40.65292,1.000000E+01,1.964458E-01
22.99755,40.65292,1.000000E+01,1.965876E-01
22.99992,40.65292,1.000000E+01,1.967294E-01
23.00230,40.65292,1.000000E+01,1.968733E-01
22.89771,40.65515,1.000000E+01,1.885356E-01
22.90009,40.65515,1.000000E+01,1.886497E-01
22.90246,40.65515,1.000000E+01,1.887656E-01
22.90484,40.65515,1.000000E+01,1.888862E-01
22.90722,40.65515,1.000000E+01,1.890117E-01
22.90960,40.65515,1.000000E+01,1.891432E-01
22.91197,40.65515,1.000000E+01,1.892804E-01
22.91435,40.65515,1.000000E+01,1.894347E-01
22.91673,40.65515,1.000000E+01,1.895886E-01
22.91910,40.65515,1.000000E+01,1.897473E-01
22.92148,40.65515,1.000000E+01,1.899184E-01
22.92386,40.65515,1.000000E+01,1.900971E-01
22.92623,40.65515,1.000000E+01,1.902818E-01
22.92861,40.65515,1.000000E+01,1.904680E-01
22.93099,40.65515,1.000000E+01,1.906797E-01
22.93337,40.65515,1.000000E+01,1.909013E-01
22.93574,40.65515,1.000000E+01,1.911207E-01
22.93812,40.65515,1.000000E+01,1.913473E-01
22.94050,40.65515,1.000000E+01,1.915789E-01
22.94287,40.65515,1.000000E+01,1.918241E-01
22.94525,40.65515,1.000000E+01,1.920636E-01
22.94763,40.65515,1.000000E+01,1.923054E-01
22.95000,40.65515,1.000000E+01,1.925469E-01
22.95238,40.65515,1.000000E+01,1.927896E-01
22.95476,40.65515,1.000000E+01,1.930309E-01
22.95714,40.65515,1.000000E+01,1.932706E-01
22.95951,40.65515,1.000000E+01,1.935228E-01
22.96189,40.65515,1.000000E+01,1.937616E-01
22.96427,40.65515,1.000000E+01,1.939932E-01
22.96664,40.65515,1.000000E+01,1.942098E-01
22.96902,40.65515,1.000000E+01,1.944203E-01
22.97140,40.65515,1.000000E+01,1.946239E-01
22.97378,40.65515,1.000000E+01,1.948206E-01
22.97615,40.65515,1.000000E+01,1.950092E-01
22.97853,40.65515,1.000000E+01,1.951892E-01
22.98091,40.65515,1.000000E+01,1.953647E-01
22.98328,40.65515,1.000000E+01,1.955332E-01
22.98566,40.65515,1.000000E+01,1.956973E-01
22.98804,40.65515,1.000000E+01,1.958555E-01
22.99041,40.65515,1.000000E+01,1.960080E-01
22.99279,40.65515,1.000000E+01,1.961576E-01
22.99517,40.65515,1.000000E+01,1.963047E-01
22.99755,40.65515,1.000000E+01,1.964506E-01
22.99992,40.65515,1.000000E+01,1.965958E-01
23.00230,40.65515,1.000000E+01,1.967426E-01
22.89771,40.65738,1.000000E+01,1.884077E-01
22.90009,40.65738,1.000000E+01,1.885253E-01
22.90246,40.65738,1.000000E+01,1.886445E-01
22.90484,40.65738,1.000000E+01,1.887678E-01
22.90722,40.65738,1.000000E+01,1.888957E-01
22.90960,40.65738,1.000000E+01,1.890293E-01
22.91197,40.65738,1.000000E+01,1.891681E-01
22.91435,40.65738,1.000000E+01,1.893255E-01
22.91673,40.65738,1.000000E+01,1.894788E-01
22.91910,40.65738,1.000000E+01,1.896402E-01
22.92148,40.65738,1.000000E+01,1.898089E-01
22.92386,40.65738,1.000000E+01,1.899869E-01
22.92623,40.65738,1.000000E+01,1.901729E-01
22.92861,40.65738,1.000000E+01,1.903677E-01
22.93099,40.65738,1.000000E+01,1.905758E-01
22.93337,40.65738,1.000000E+01,1.907861E-01
22.93574,40.65738,1.000000E+01,1.910024E-01
22.93812,40.65738,1.000000E+01,1.912262E-01
22.94050,40.65738,1.000000E+01,1.914552E-01
22.94287,40.65738,1.000000E+01,1.916877E-01
22.94525,40.65738,1.000000E+01,1.919342E-01
22.94763,40.65738,1.000000E+01,1.921730E-01
22.95000,40.65738,1.000000E+01,1.924152E-01
22.95238,40.65738,1.000000E+01,1.926551E-01
22.95476,40.65738,1.000000E+01,1.928940E-01
22.95714,40.65738,1.000000E+01,1.931307E-01
22.95951,40.65738,1.000000E+01,1.933632E-01
22.96189,40.65738,1.000000E+01,1.936100E-01
22.96427,40.65738,1.000000E+01,1.938444E-01
22.96664,40.65738,1.000000E+01,1.940611E-01
22.96902,40.65738,1.000000E+01,1.942708E-01
22.97140,40.65738,1.000000E+01,1.944744E-01
22.97378,40.65738,1.000000E+01,1.946718E-01
22.97615,40.65738,1.000000E+01,1.948600E-01
22.97853,40.65738,1.000000E+01,1.950440E-01
22.98091,40.65738,1.000000E+01,1.952213E-01
22.98328,40.65738,1.000000E+01,1.953917E-01
22.98566,40.65738,1.000000E+01,1.955572E-01
22.98804,40.65738,1.000000E+01,1.957180E-01
22.99041,40.65738,1.000000E+01,1.958735E-01
22.99279,40.65738,1.000000E+01,1.960262E-01
22.99517,40.65738,1.000000E+01,1.961767E-01
22.99755,40.65738,1.000000E+01,1.963261E-01
22.99992,40.65738,1.000000E+01,1.964744E-01
23.00230,40.65738,1.000000E+01,1.966242E-01
22.89771,40.65961,1.000000E+01,1.882966E-01
22.90009,40.65961,1.000000E+01,1.884172E-01
22.90246,40.65961,1.000000E+01,1.885391E-01
22.90484,40.65961,1.000000E+01,1.886648E-01
22.90722,40.65961,1.000000E+01,1.887948E-01
22.90960,40.65961,1.000000E+01,1.889301E-01
22.91197,40.65961,1.000000E+01,1.890705E-01
22.91435,40.65961,1.000000E+01,1.892294E-01
22.91673,40.65961,1.000000E+01,1.893834E-01
22.91910,40.65961,1.000000E+01,1.895451E-01
22.92148,40.65961,1.000000E+01,1.897142E-01
22.92386,40.65961,1.000000E+01,1.898915E-01
22.92623,40.65961,1.000000E+01,1.900765E-01
22.92861,40.65961,1.000000E+01,1.902702E-01
22.93099,40.65961,1.000000E+01,1.904768E-01
22.93337,40.65961,1.000000E+01,1.906853E-01
22.93574,40.65961,1.000000E+01,1.908996E-01
22.93812,40.65961,1.000000E+01,1.911241E-01
22.94050,40.65961,1.000000E+01,1.913516E-01
22.94287,40.65961,1.000000E+01,1.915816E-01
22.94525,40.65961,1.000000E+01,1.918159E-01
22.94763,40.65961,1.000000E+01,1.920621E-01
22.95000,40.65961,1.000000E+01,1.922985E-01
22.95238,40.65961,1.000000E+01,1.925358E-01
22.95476,40.65961,1.000000E+01,1.927724E-01
22.95714,40.65961,1.000000E+01,1.930057E-01
22.95951,40.65961,1.000000E+01,1.932376E-01
22.96189,40.65961,1.000000E+01,1.934844E-01
22.96427,40.65961,1.000000E+01,1.937170E-01
22.96664,40.65961,1.000000E+01,1.939330E-01
22.96902,40.65961,1.000000E+01,1.941429E-01
22.97140,40.65961,1.000000E+01,1.943455E-01
22.97378,40.65961,1.000000E+01,1.945415E-01
22.97615,40.65961,1.000000E+01,1.947321E-01
22.97853,40.65961,1.000000E+01,1.949168E-01
22.98091,40.65961,1.000000E+01,1.950960E-01
22.98328,40.65961,1.000000E+01,1.952682E-01
22.98566,40.65961,1.000000E+01,1.954357E-01
22.98804,40.65961,1.000000E+01,1.955990E-01
22.99041,40.65961,1.000000E+01,1.957571E-01
22.99279,40.65961,1.000000E+01,1.959126E-01
22.99517,40.65961,1.000000E+01,1.960659E-01
22.99755,40.65961,1.000000E+01,1.962179E-01
22.99992,40.65961,1.000000E+01,1.963692E-01
23.00230,40.65961,1.000000E+01,1.965216E-01
22.89771,40.66184,1.000000E+01,1.882051E-01
22.90009,40.66184,1.000000E+01,1.883271E-01
22.90246,40.66184,1.000000E+01,1.884513E-01
22.90484,40.66184,1.000000E+01,1.885795E-01
22.90722,40.66184,1.000000E+01,1.887112E-01
22.90960,40.66184,1.000000E+01,1.888480E-01
22.91197,40.66184,1.000000E+01,1.889899E-01
22.91435,40.66184,1.000000E+01,1.891494E-01
22.91673,40.66184,1.000000E+01,1.893056E-01
22.91910,40.66184,1.000000E+01,1.894659E-01
22.92148,40.66184,1.000000E+01,1.896350E-01
22.92386,40.66184,1.000000E+01,1.898123E-01
22.92623,40.66184,1.000000E+01,1.899998E-01
22.92861,40.66184,1.000000E+01,1.901924E-01
22.93099,40.66184,1.000000E+01,1.903937E-01
22.93337,40.66184,1.000000E+01,1.906056E-01
22.93574,40.66184,1.000000E+01,1.908183E-01
22.93812,40.66184,1.000000E+01,1.910378E-01
22.94050,40.66184,1.000000E+01,1.912629E-01
22.94287,40.66184,1.000000E+01,1.914909E-01
22.94525,40.66184,1.000000E+01,1.917232E-01
22.94763,40.66184,1.000000E+01,1.919587E-01
22.95000,40.66184,1.000000E+01,1.921990E-01
22.95238,40.66184,1.000000E+01,1.924384E-01
22.95476,40.66184,1.000000E+01,1.926734E-01
22.95714,40.66184,1.000000E+01,1.929046E-01
22.95951,40.66184,1.000000E+01,1.931338E-01
22.96189,40.66184,1.000000E+01,1.933794E-01
22.96427,40.66184,1.000000E+01,1.936109E-01
22.96664,40.66184,1.000000E+01,1.938263E-01
22.96902,40.66184,1.000000E+01,1.940333E-01
22.97140,40.66184,1.000000E+01,1.942369E-01
22.97378,40.66184,1.000000E+01,1.944349E-01
22.97615,40.66184,1.000000E+01,1.946258E-01
22.97853,40.66184,1.000000E+01,1.948117E-01
22.98091,40.66184,1.000000E+01,1.949922E-01
22.98328,40.66184,1.000000E+01,1.951661E-01
22.98566,40.66184,1.000000E+01,1.953354E-01
22.98804,40.66184,1.000000E+01,1.955007E-01
22.99041,40.66184,1.000000E+01,1.956609E-01
22.99279,40.66184,1.000000E+01,1.958187E-01
22.99517,40.66184,1.000000E+01,1.959745E-01
22.99755,40.66184,1.000000E+01,1.961288E-01
22.99992,40.66184,1.000000E+01,1.962821E-01
23.00230,40.66184,1.000000E+01,1.964365E-01
22.89771,40.66407,1.000000E+01,1.881342E-01
22.90009,40.66407,1.000000E+01,1.882580E-01
22.90246,40.66407,1.000000E+01,1.883830E-01
22.90484,40.66407,1.000000E+01,1.885127E-01
22.90722,40.66407,1.000000E+01,1.886459E-01
22.90960,40.66407,1.000000E+01,1.887840E-01
22.91197,40.66407,1.000000E+01,1.889271E-01
22.91435,40.66407,1.000000E+01,1.890853E-01
22.91673,40.66407,1.000000E+01,1.892463E-01
22.91910,40.66407,1.000000E+01,1.894076E-01
22.92148,40.66407,1.000000E+01,1.895786E-01
22.92386,40.66407,1.000000E+01,1.897540E-01
22.92623,40.66407,1.000000E+01,1.899386E-01
22.92861,40.66407,1.000000E+01,1.901306E-01
22.93099,40.66407,1.000000E+01,1.903310E-01
22.93337,40.66407,1.000000E+01,1.905410E-01
22.93574,40.66407,1.000000E+01,1.907538E-01
22.93812,40.66407,1.000000E+01,1.909720E-01
22.94050,40.66407,1.000000E+01,1.911955E-01
22.94287,40.66407,1.000000E+01,1.914221E-01
22.94525,40.66407,1.000000E+01,1.916526E-01
22.94763,40.66407,1.000000E+01,1.918852E-01
22.95000,40.66407,1.000000E+01,1.921181E-01
22.95238,40.66407,1.000000E+01,1.923531E-01
22.95476,40.66407,1.000000E+01,1.925948E-01
22.95714,40.66407,1.000000E+01,1.928265E-01
22.95951,40.66407,1.000000E+01,1.930547E-01
22.96189,40.66407,1.000000E+01,1.932986E-01
22.96427,40.66407,1.000000E+01,1.935292E-01
22.96664,40.66407,1.000000E+01,1.937412E-01
22.96902,40.66407,1.000000E+01,1.939503E-01
22.97140,40.66407,1.000000E+01,1.941539E-01
22.97378,40.66407,1.000000E+01,1.943522E-01
22.97615,40.66407,1.000000E+01,1.945437E-01
22.97853,40.66407,1.000000E+01,1.947309E-01
22.98091,40.66407,1.000000E+01,1.949127E-01
22.98328,40.66407,1.000000E+01,1.950877E-01
22.98566,40.66407,1.000000E+01,1.952584E-01
22.98804,40.66407,1.000000E+01,1.954247E-01
22.99041,40.66407,1.000000E+01,1.955868E-01
22.99279,40.66407,1.000000E+01,1.957463E-01
22.99517,40.66407,1.000000E+01,1.959038E-01
22.99755,40.66407,1.000000E+01,1.960600E-01
22.99992,40.66407,1.000000E+01,1.962151E-01
23.00230,40.66407,1.000000E+01,1.963711E-01
