sids,lon,lat,depth,vs30,vs30measured
0,22.89771,40.56594,0.00000,3.48845E+02,0
1,22.90009,40.56594,0.00000,3.48845E+02,0
2,22.90246,40.56594,0.00000,3.48845E+02,0
3,22.90484,40.56594,0.00000,3.48845E+02,0
4,22.90722,40.56594,0.00000,3.48845E+02,0
5,22.90960,40.56594,0.00000,3.48845E+02,0
6,22.91197,40.56594,0.00000,3.48845E+02,0
7,22.91435,40.56594,0.00000,3.48845E+02,0
8,22.91673,40.56594,0.00000,3.48845E+02,0
9,22.91910,40.56594,0.00000,3.48845E+02,0
10,22.92148,40.56594,0.00000,3.48845E+02,0
11,22.92386,40.56594,0.00000,3.48845E+02,0
12,22.92623,40.56594,0.00000,3.48845E+02,0
13,22.92861,40.56594,0.00000,3.48845E+02,0
14,22.93099,40.56594,0.00000,3.48845E+02,0
15,22.93337,40.56594,0.00000,3.48845E+02,0
16,22.93574,40.56594,0.00000,3.48845E+02,0
17,22.93812,40.56594,0.00000,3.48845E+02,0
18,22.94050,40.56594,0.00000,3.48845E+02,0
19,22.94287,40.56594,0.00000,3.48845E+02,0
20,22.94525,40.56594,0.00000,3.48845E+02,0
21,22.94763,40.56594,0.00000,3.48845E+02,0
22,22.95000,40.56594,0.00000,3.48845E+02,0
23,22.95238,40.56594,0.00000,3.48845E+02,0
24,22.95476,40.56594,0.00000,3.48845E+02,0
25,22.95714,40.56594,0.00000,3.48845E+02,0
26,22.95951,40.56594,0.00000,3.48845E+02,0
27,22.96189,40.56594,0.00000,3.48845E+02,0
28,22.96427,40.56594,0.00000,3.48845E+02,0
29,22.96664,40.56594,0.00000,3.48845E+02,0
30,22.96902,40.56594,0.00000,3.48845E+02,0
31,22.97140,40.56594,0.00000,3.48845E+02,0
32,22.97378,40.56594,0.00000,3.48845E+02,0
33,22.97615,40.56594,0.00000,3.48845E+02,0
34,22.97853,40.56594,0.00000,3.48845E+02,0
35,22.98091,40.56594,0.00000,3.48845E+02,0
36,22.98328,40.56594,0.00000,3.48845E+02,0
37,22.98566,40.56594,0.00000,3.48845E+02,0
38,22.98804,40.56594,0.00000,3.48845E+02,0
39,22.99041,40.56594,0.00000,3.48845E+02,0
40,22.99279,40.56594,0.00000,3.48845E+02,0
41,22.99517,40.56594,0.00000,3.48845E+02,0
42,22.99755,40.56594,0.00000,3.48845E+02,0
43,22.99992,40.56594,0.00000,3.48845E+02,0
44,23.00230,40.56594,0.00000,3.48845E+02,0
45,22.89771,40.56817,0.00000,3.48845E+02,0
46,22.90009,40.56817,0.00000,3.48845E+02,0
47,22.90246,40.56817,0.00000,3.48845E+02,0
48,22.90484,40.56817,0.00000,3.48845E+02,0
49,22.90722,40.56817,0.00000,3.48845E+02,0
50,22.90960,40.56817,0.00000,3.48845E+02,0
51,22.91197,40.56817,0.00000,3.48845E+02,0
52,22.91435,40.56817,0.00000,3.48845E+02,0
53,22.91673,40.56817,0.00000,3.48845E+02,0
54,22.91910,40.56817,0.00000,3.48845E+02,0
55,22.92148,40.56817,0.00000,3.48845E+02,0
56,22.92386,40.56817,0.00000,3.48845E+02,0
57,22.92623,40.56817,0.00000,3.48845E+02,0
58,22.92861,40.56817,0.00000,3.48845E+02,0
59,22.93099,40.56817,0.00000,3.48845E+02,0
60,22.93337,40.56817,0.00000,3.48845E+02,0
61,22.93574,40.56817,0.00000,3.48845E+02,0
62,22.93812,40.56817,0.00000,3.48845E+02,0
63,22.94050,40.56817,0.00000,3.48845E+02,0
64,22.94287,40.56817,0.00000,3.48845E+02,0
65,22.94525,40.56817,0.00000,3.48845E+02,0
66,22.94763,40.56817,0.00000,3.48845E+02,0
67,22.95000,40.56817,0.00000,3.48845E+02,0
68,22.95238,40.56817,0.00000,3.48845E+02,0
69,22.95476,40.56817,0.00000,3.48845E+02,0
70,22.95714,40.56817,0.00000,3.48845E+02,0
71,22.95951,40.56817,0.00000,3.48845E+02,0
72,22.96189,40.56817,0.00000,3.48845E+02,0
73,22.96427,40.56817,0.00000,3.48845E+02,0
74,22.96664,40.56817,0.00000,3.48845E+02,0
75,22.96902,40.56817,0.00000,3.48845E+02,0
76,22.97140,40.56817,0.00000,3.48845E+02,0
77,22.97378,40.56817,0.00000,3.48845E+02,0
78,22.97615,40.56817,0.00000,3.48845E+02,0
79,22.97853,40.56817,0.00000,3.48845E+02,0
80,22.98091,40.56817,0.00000,3.48845E+02,0
81,22.98328,40.56817,0.00000,3.48845E+02,0
82,22.98566,40.56817,0.00000,3.48845E+02,0
83,22.98804,40.56817,0.00000,3.48845E+02,0
84,22.99041,40.56817,0.00000,3.48845E+02,0
85,22.99279,40.56817,0.00000,3.48845E+02,0
86,22.99517,40.56817,0.00000,3.48845E+02,0
87,22.99755,40.56817,0.00000,3.48845E+02,0
88,22.99992,40.56817,0.00000,3.48845E+02,0
89,23.00230,40.56817,0.00000,3.48845E+02,0
90,22.89771,40.57040,0.00000,3.48845E+02,0
91,22.90009,40.57040,0.00000,3.48845E+02,0
92,22.90246,40.57040,0.00000,3.48845E+02,0
93,22.90484,40.57040,0.00000,3.48845E+02,0
94,22.90722,40.57040,0.00000,3.48845E+02,0
95,22.90960,40.57040,0.00000,3.48845E+02,0
96,22.91197,40.57040,0.00000,3.48845E+02,0
97,22.91435,40.57040,0.00000,3.48845E+02,0
98,22.91673,40.57040,0.00000,3.48845E+02,0
99,22.91910,40.57040,0.00000,3.48845E+02,0
100,22.92148,40.57040,0.00000,3.48845E+02,0
101,22.92386,40.57040,0.00000,3.48845E+02,0
102,22.92623,40.57040,0.00000,3.48845E+02,0
103,22.92861,40.57040,0.00000,3.48845E+02,0
104,22.93099,40.57040,0.00000,3.48845E+02,0
105,22.93337,40.57040,0.00000,3.48845E+02,0
106,22.93574,40.57040,0.00000,3.48845E+02,0
107,22.93812,40.57040,0.00000,3.48845E+02,0
108,22.94050,40.57040,0.00000,3.48845E+02,0
109,22.94287,40.57040,0.00000,3.48845E+02,0
110,22.94525,40.57040,0.00000,3.48845E+02,0
111,22.94763,40.57040,0.00000,3.48845E+02,0
112,22.95000,40.57040,0.00000,3.48845E+02,0
113,22.95238,40.57040,0.00000,3.48845E+02,0
114,22.95476,40.57040,0.00000,3.48845E+02,0
115,22.95714,40.57040,0.00000,3.48845E+02,0
116,22.95951,40.57040,0.00000,3.48845E+02,0
117,22.96189,40.57040,0.00000,3.48845E+02,0
118,22.96427,40.57040,0.00000,3.48845E+02,0
119,22.96664,40.57040,0.00000,3.48845E+02,0
120,22.96902,40.57040,0.00000,3.48845E+02,0
121,22.97140,40.57040,0.00000,3.48845E+02,0
122,22.97378,40.57040,0.00000,3.48845E+02,0
123,22.97615,40.57040,0.00000,3.48845E+02,0
124,22.97853,40.57040,0.00000,3.48845E+02,0
125,22.98091,40.57040,0.00000,3.48845E+02,0
126,22.98328,40.57040,0.00000,3.48845E+02,0
127,22.98566,40.57040,0.00000,3.48845E+02,0
128,22.98804,40.57040,0.00000,3.48845E+02,0
129,22.99041,40.57040,0.00000,3.48845E+02,0
130,22.99279,40.57040,0.00000,3.48845E+02,0
131,22.99517,40.57040,0.00000,3.48845E+02,0
132,22.99755,40.57040,0.00000,3.48845E+02,0
133,22.99992,40.57040,0.00000,3.48845E+02,0
134,23.00230,40.57040,0.00000,3.48845E+02,0
135,22.89771,40.57263,0.00000,3.48845E+02,0
136,22.90009,40.57263,0.00000,3.48845E+02,0
137,22.90246,40.57263,0.00000,3.48845E+02,0
138,22.90484,40.57263,0.00000,3.48845E+02,0
139,22.90722,40.57263,0.00000,3.48845E+02,0
140,22.90960,40.57263,0.00000,3.48845E+02,0
141,22.91197,40.57263,0.00000,3.48845E+02,0
142,22.91435,40.57263,0.00000,3.48845E+02,0
143,22.91673,40.57263,0.00000,3.48845E+02,0
144,22.91910,40.57263,0.00000,3.48845E+02,0
145,22.92148,40.57263,0.00000,3.48845E+02,0
146,22.92386,40.57263,0.00000,3.48845E+02,0
147,22.92623,40.57263,0.00000,3.48845E+02,0
148,22.92861,40.57263,0.00000,3.48845E+02,0
149,22.93099,40.57263,0.00000,3.48845E+02,0
150,22.93337,40.57263,0.00000,3.48845E+02,0
151,22.93574,40.57263,0.00000,3.48845E+02,0
152,22.93812,40.57263,0.00000,3.48845E+02,0
153,22.94050,40.57263,0.00000,3.48845E+02,0
154,22.94287,40.57263,0.00000,3.48845E+02,0
155,22.94525,40.57263,0.00000,3.48845E+02,0
156,22.94763,40.57263,0.00000,3.48845E+02,0
157,22.95000,40.57263,0.00000,3.48845E+02,0
158,22.95238,40.57263,0.00000,3.48845E+02,0
159,22.95476,40.57263,0.00000,3.48845E+02,0
160,22.95714,40.57263,0.00000,3.48845E+02,0
161,22.95951,40.57263,0.00000,3.48845E+02,0
162,22.96189,40.57263,0.00000,3.48845E+02,0
163,22.96427,40.57263,0.00000,3.48845E+02,0
164,22.96664,40.57263,0.00000,3.48845E+02,0
165,22.96902,40.57263,0.00000,3.48845E+02,0
166,22.97140,40.57263,0.00000,3.48845E+02,0
167,22.97378,40.57263,0.00000,3.48845E+02,0
168,22.97615,40.57263,0.00000,3.48845E+02,0
169,22.97853,40.57263,0.00000,3.48845E+02,0
170,22.98091,40.57263,0.00000,3.48845E+02,0
171,22.98328,40.57263,0.00000,3.48845E+02,0
172,22.98566,40.57263,0.00000,3.48845E+02,0
173,22.98804,40.57263,0.00000,3.48845E+02,0
174,22.99041,40.57263,0.00000,3.48845E+02,0
175,22.99279,40.57263,0.00000,3.48845E+02,0
176,22.99517,40.57263,0.00000,3.48845E+02,0
177,22.99755,40.57263,0.00000,3.48845E+02,0
178,22.99992,40.57263,0.00000,3.48845E+02,0
179,23.00230,40.57263,0.00000,3.48845E+02,0
180,22.89771,40.57486,0.00000,3.48845E+02,0
181,22.90009,40.57486,0.00000,3.48845E+02,0
182,22.90246,40.57486,0.00000,3.48845E+02,0
183,22.90484,40.57486,0.00000,3.48845E+02,0
184,22.90722,40.57486,0.00000,3.48845E+02,0
185,22.90960,40.57486,0.00000,3.48845E+02,0
186,22.91197,40.57486,0.00000,3.48845E+02,0
187,22.91435,40.57486,0.00000,3.48845E+02,0
188,22.91673,40.57486,0.00000,3.48845E+02,0
189,22.91910,40.57486,0.00000,3.48845E+02,0
190,22.92148,40.57486,0.00000,3.48845E+02,0
191,22.92386,40.57486,0.00000,3.48845E+02,0
192,22.92623,40.57486,0.00000,3.48845E+02,0
193,22.92861,40.57486,0.00000,3.48845E+02,0
194,22.93099,40.57486,0.00000,3.48845E+02,0
195,22.93337,40.57486,0.00000,3.48845E+02,0
196,22.93574,40.57486,0.00000,3.48845E+02,0
197,22.93812,40.57486,0.00000,3.48845E+02,0
198,22.94050,40.57486,0.00000,3.48845E+02,0
199,22.94287,40.57486,0.00000,3.48845E+02,0
200,22.94525,40.57486,0.00000,3.48845E+02,0
201,22.94763,40.57486,0.00000,3.48845E+02,0
202,22.95000,40.57486,0.00000,3.48845E+02,0
203,22.95238,40.57486,0.00000,3.48845E+02,0
204,22.95476,40.57486,0.00000,3.48845E+02,0
205,22.95714,40.57486,0.00000,3.48845E+02,0
206,22.95951,40.57486,0.00000,3.48845E+02,0
207,22.96189,40.57486,0.00000,3.48845E+02,0
208,22.96427,40.57486,0.00000,3.48845E+02,0
209,22.96664,40.57486,0.00000,3.48845E+02,0
210,22.96902,40.57486,0.00000,3.48845E+02,0
211,22.97140,40.57486,0.00000,3.48845E+02,0
212,22.97378,40.57486,0.00000,3.48845E+02,0
213,22.97615,40.57486,0.00000,3.48845E+02,0
214,22.97853,40.57486,0.00000,3.48845E+02,0
215,22.98091,40.57486,0.00000,3.48845E+02,0
216,22.98328,40.57486,0.00000,3.48845E+02,0
217,22.98566,40.57486,0.00000,3.48845E+02,0
218,22.98804,40.57486,0.00000,3.48845E+02,0
219,22.99041,40.57486,0.00000,3.48845E+02,0
220,22.99279,40.57486,0.00000,3.48845E+02,0
221,22.99517,40.57486,0.00000,3.48845E+02,0
222,22.99755,40.57486,0.00000,3.48845E+02,0
223,22.99992,40.57486,0.00000,3.48845E+02,0
224,23.00230,40.57486,0.00000,3.48845E+02,0
225,22.89771,40.57709,0.00000,3.48845E+02,0
226,22.90009,40.57709,0.00000,3.48845E+02,0
227,22.90246,40.57709,0.00000,3.48845E+02,0
228,22.90484,40.57709,0.00000,3.48845E+02,0
229,22.90722,40.57709,0.00000,3.48845E+02,0
230,22.90960,40.57709,0.00000,3.48845E+02,0
231,22.91197,40.57709,0.00000,3.48845E+02,0
232,22.91435,40.57709,0.00000,3.48845E+02,0
233,22.91673,40.57709,0.00000,3.48845E+02,0
234,22.91910,40.57709,0.00000,3.48845E+02,0
235,22.92148,40.57709,0.00000,3.48845E+02,0
236,22.92386,40.57709,0.00000,3.48845E+02,0
237,22.92623,40.57709,0.00000,3.48845E+02,0
238,22.92861,40.57709,0.00000,3.48845E+02,0
239,22.93099,40.57709,0.00000,3.48845E+02,0
240,22.93337,40.57709,0.00000,3.48845E+02,0
241,22.93574,40.57709,0.00000,3.48845E+02,0
242,22.93812,40.57709,0.00000,3.48845E+02,0
243,22.94050,40.57709,0.00000,3.48845E+02,0
244,22.94287,40.57709,0.00000,3.48845E+02,0
245,22.94525,40.57709,0.00000,3.48845E+02,0
246,22.94763,40.57709,0.00000,3.48845E+02,0
247,22.95000,40.57709,0.00000,3.48845E+02,0
248,22.95238,40.57709,0.00000,3.48845E+02,0
249,22.95476,40.57709,0.00000,3.48845E+02,0
250,22.95714,40.57709,0.00000,3.48845E+02,0
251,22.95951,40.57709,0.00000,3.48845E+02,0
252,22.96189,40.57709,0.00000,3.48845E+02,0
253,22.96427,40.57709,0.00000,3.48845E+02,0
254,22.96664,40.57709,0.00000,3.48845E+02,0
255,22.96902,40.57709,0.00000,3.48845E+02,0
256,22.97140,40.57709,0.00000,3.48845E+02,0
257,22.97378,40.57709,0.00000,3.48845E+02,0
258,22.97615,40.57709,0.00000,3.48845E+02,0
259,22.97853,40.57709,0.00000,3.48845E+02,0
260,22.98091,40.57709,0.00000,3.48845E+02,0
261,22.98328,40.57709,0.00000,3.48845E+02,0
262,22.98566,40.57709,0.00000,3.48845E+02,0
263,22.98804,40.57709,0.00000,3.48845E+02,0
264,22.99041,40.57709,0.00000,3.48845E+02,0
265,22.99279,40.57709,0.00000,3.48845E+02,0
266,22.99517,40.57709,0.00000,3.48845E+02,0
267,22.99755,40.57709,0.00000,3.48845E+02,0
268,22.99992,40.57709,0.00000,3.48845E+02,0
269,23.00230,40.57709,0.00000,3.48845E+02,0
270,22.89771,40.57932,0.00000,3.48845E+02,0
271,22.90009,40.57932,0.00000,3.48845E+02,0
272,22.90246,40.57932,0.00000,3.48845E+02,0
273,22.90484,40.57932,0.00000,3.48845E+02,0
274,22.90722,40.57932,0.00000,3.48845E+02,0
275,22.90960,40.57932,0.00000,3.48845E+02,0
276,22.91197,40.57932,0.00000,3.48845E+02,0
277,22.91435,40.57932,0.00000,3.48845E+02,0
278,22.91673,40.57932,0.00000,3.48845E+02,0
279,22.91910,40.57932,0.00000,3.48845E+02,0
280,22.92148,40.57932,0.00000,3.48845E+02,0
281,22.92386,40.57932,0.00000,3.48845E+02,0
282,22.92623,40.57932,0.00000,3.48845E+02,0
283,22.92861,40.57932,0.00000,3.48845E+02,0
284,22.93099,40.57932,0.00000,3.48845E+02,0
285,22.93337,40.57932,0.00000,3.48845E+02,0
286,22.93574,40.57932,0.00000,3.48845E+02,0
287,22.93812,40.57932,0.00000,3.48845E+02,0
288,22.94050,40.57932,0.00000,3.48845E+02,0
289,22.94287,40.57932,0.00000,3.48845E+02,0
290,22.94525,40.57932,0.00000,3.48845E+02,0
291,22.94763,40.57932,0.00000,3.48845E+02,0
292,22.95000,40.57932,0.00000,3.48845E+02,0
293,22.95238,40.57932,0.00000,3.48845E+02,0
294,22.95476,40.57932,0.00000,3.48845E+02,0
295,22.95714,40.57932,0.00000,3.48845E+02,0
296,22.95951,40.57932,0.00000,3.48845E+02,0
297,22.96189,40.57932,0.00000,3.48845E+02,0
298,22.96427,40.57932,0.00000,3.48845E+02,0
299,22.96664,40.57932,0.00000,3.48845E+02,0
300,22.96902,40.57932,0.00000,3.48845E+02,0
301,22.97140,40.57932,0.00000,3.48845E+02,0
302,22.97378,40.57932,0.00000,3.48845E+02,0
303,22.97615,40.57932,0.00000,3.48845E+02,0
304,22.97853,40.57932,0.00000,3.48845E+02,0
305,22.98091,40.57932,0.00000,3.48845E+02,0
306,22.98328,40.57932,0.00000,3.48845E+02,0
307,22.98566,40.57932,0.00000,3.48845E+02,0
308,22.98804,40.57932,0.00000,3.48845E+02,0
309,22.99041,40.57932,0.00000,3.48845E+02,0
310,22.99279,40.57932,0.00000,3.48845E+02,0
311,22.99517,40.57932,0.00000,3.48845E+02,0
312,22.99755,40.57932,0.00000,3.48845E+02,0
313,22.99992,40.57932,0.00000,3.48845E+02,0
314,23.00230,40.57932,0.00000,3.48845E+02,0
315,22.89771,40.58155,0.00000,3.48845E+02,0
316,22.90009,40.58155,0.00000,3.48845E+02,0
317,22.90246,40.58155,0.00000,3.48845E+02,0
318,22.90484,40.58155,0.00000,3.48845E+02,0
319,22.90722,40.58155,0.00000,3.48845E+02,0
320,22.90960,40.58155,0.00000,3.48845E+02,0
321,22.91197,40.58155,0.00000,3.48845E+02,0
322,22.91435,40.58155,0.00000,3.48845E+02,0
323,22.91673,40.58155,0.00000,3.48845E+02,0
324,22.91910,40.58155,0.00000,3.48845E+02,0
325,22.92148,40.58155,0.00000,3.48845E+02,0
326,22.92386,40.58155,0.00000,3.48845E+02,0
327,22.92623,40.58155,0.00000,3.48845E+02,0
328,22.92861,40.58155,0.00000,3.48845E+02,0
329,22.93099,40.58155,0.00000,3.48845E+02,0
330,22.93337,40.58155,0.00000,3.48845E+02,0
331,22.93574,40.58155,0.00000,3.48845E+02,0
332,22.93812,40.58155,0.00000,3.48845E+02,0
333,22.94050,40.58155,0.00000,3.48845E+02,0
334,22.94287,40.58155,0.00000,3.48845E+02,0
335,22.94525,40.58155,0.00000,3.48845E+02,0
336,22.94763,40.58155,0.00000,3.48845E+02,0
337,22.95000,40.58155,0.00000,3.48845E+02,0
338,22.95238,40.58155,0.00000,3.48844E+02,0
339,22.95476,40.58155,0.00000,3.48840E+02,0
340,22.95714,40.58155,0.00000,3.48842E+02,0
341,22.95951,40.58155,0.00000,3.48845E+02,0
342,22.96189,40.58155,0.00000,3.48844E+02,0
343,22.96427,40.58155,0.00000,3.48843E+02,0
344,22.96664,40.58155,0.00000,3.48845E+02,0
345,22.96902,40.58155,0.00000,3.48846E+02,0
346,22.97140,40.58155,0.00000,3.48849E+02,0
347,22.97378,40.58155,0.00000,3.48847E+02,0
348,22.97615,40.58155,0.00000,3.48845E+02,0
349,22.97853,40.58155,0.00000,3.48845E+02,0
350,22.98091,40.58155,0.00000,3.48845E+02,0
351,22.98328,40.58155,0.00000,3.48845E+02,0
352,22.98566,40.58155,0.00000,3.48845E+02,0
353,22.98804,40.58155,0.00000,3.48845E+02,0
354,22.99041,40.58155,0.00000,3.48845E+02,0
355,22.99279,40.58155,0.00000,3.48845E+02,0
356,22.99517,40.58155,0.00000,3.48845E+02,0
357,22.99755,40.58155,0.00000,3.48845E+02,0
358,22.99992,40.58155,0.00000,3.48845E+02,0
359,23.00230,40.58155,0.00000,3.48845E+02,0
360,22.89771,40.58378,0.00000,3.48845E+02,0
361,22.90009,40.58378,0.00000,3.48845E+02,0
362,22.90246,40.58378,0.00000,3.48845E+02,0
363,22.90484,40.58378,0.00000,3.48845E+02,0
364,22.90722,40.58378,0.00000,3.48845E+02,0
365,22.90960,40.58378,0.00000,3.48845E+02,0
366,22.91197,40.58378,0.00000,3.48845E+02,0
367,22.91435,40.58378,0.00000,3.48845E+02,0
368,22.91673,40.58378,0.00000,3.48845E+02,0
369,22.91910,40.58378,0.00000,3.48845E+02,0
370,22.92148,40.58378,0.00000,3.48845E+02,0
371,22.92386,40.58378,0.00000,3.48845E+02,0
372,22.92623,40.58378,0.00000,3.48845E+02,0
373,22.92861,40.58378,0.00000,3.48845E+02,0
374,22.93099,40.58378,0.00000,3.48845E+02,0
375,22.93337,40.58378,0.00000,3.48845E+02,0
376,22.93574,40.58378,0.00000,3.48845E+02,0
377,22.93812,40.58378,0.00000,3.48845E+02,0
378,22.94050,40.58378,0.00000,3.48845E+02,0
379,22.94287,40.58378,0.00000,3.48845E+02,0
380,22.94525,40.58378,0.00000,3.48845E+02,0
381,22.94763,40.58378,0.00000,3.48845E+02,0
382,22.95000,40.58378,0.00000,3.48837E+02,0
383,22.95238,40.58378,0.00000,3.48461E+02,0
384,22.95476,40.58378,0.00000,3.46955E+02,0
385,22.95714,40.58378,0.00000,3.47846E+02,0
386,22.95951,40.58378,0.00000,3.48747E+02,0
387,22.96189,40.58378,0.00000,3.48206E+02,0
388,22.96427,40.58378,0.00000,3.47783E+02,0
389,22.96664,40.58378,0.00000,3.48662E+02,0
390,22.96902,40.58378,0.00000,3.49160E+02,0
391,22.97140,40.58378,0.00000,3.50507E+02,0
392,22.97378,40.58378,0.00000,3.49778E+02,0
393,22.97615,40.58378,0.00000,3.48901E+02,0
394,22.97853,40.58378,0.00000,3.48846E+02,0
395,22.98091,40.58378,0.00000,3.48845E+02,0
396,22.98328,40.58378,0.00000,3.48845E+02,0
397,22.98566,40.58378,0.00000,3.48845E+02,0
398,22.98804,40.58378,0.00000,3.48845E+02,0
399,22.99041,40.58378,0.00000,3.48845E+02,0
400,22.99279,40.58378,0.00000,3.48845E+02,0
401,22.99517,40.58378,0.00000,3.48845E+02,0
402,22.99755,40.58378,0.00000,3.48845E+02,0
403,22.99992,40.58378,0.00000,3.48845E+02,0
404,23.00230,40.58378,0.00000,3.48845E+02,0
405,22.89771,40.58601,0.00000,3.48845E+02,0
406,22.90009,40.58601,0.00000,3.48845E+02,0
407,22.90246,40.58601,0.00000,3.48845E+02,0
408,22.90484,40.58601,0.00000,3.48845E+02,0
409,22.90722,40.58601,0.00000,3.48845E+02,0
410,22.90960,40.58601,0.00000,3.48845E+02,0
411,22.91197,40.58601,0.00000,3.48845E+02,0
412,22.91435,40.58601,0.00000,3.48845E+02,0
413,22.91673,40.58601,0.00000,3.48845E+02,0
414,22.91910,40.58601,0.00000,3.48845E+02,0
415,22.92148,40.58601,0.00000,3.48845E+02,0
416,22.92386,40.58601,0.00000,3.48845E+02,0
417,22.92623,40.58601,0.00000,3.48845E+02,0
418,22.92861,40.58601,0.00000,3.48845E+02,0
419,22.93099,40.58601,0.00000,3.48845E+02,0
420,22.93337,40.58601,0.00000,3.48845E+02,0
421,22.93574,40.58601,0.00000,3.48845E+02,0
422,22.93812,40.58601,0.00000,3.48845E+02,0
423,22.94050,40.58601,0.00000,3.48845E+02,0
424,22.94287,40.58601,0.00000,3.48845E+02,0
425,22.94525,40.58601,0.00000,3.48845E+02,0
426,22.94763,40.58601,0.00000,3.48845E+02,0
427,22.95000,40.58601,0.00000,3.48739E+02,0
428,22.95238,40.58601,0.00000,3.43986E+02,0
429,22.95476,40.58601,0.00000,3.24926E+02,0
430,22.95714,40.58601,0.00000,3.36116E+02,0
431,22.95951,40.58601,0.00000,3.47324E+02,0
432,22.96189,40.58601,0.00000,3.39958E+02,0
433,22.96427,40.58601,0.00000,3.34198E+02,0
434,22.96664,40.58601,0.00000,3.46305E+02,0
435,22.96902,40.58601,0.00000,3.53535E+02,0
436,22.97140,40.58601,0.00000,3.73726E+02,0
437,22.97378,40.58601,0.00000,3.62870E+02,0
438,22.97615,40.58601,0.00000,3.49891E+02,0
439,22.97853,40.58601,0.00000,3.48916E+02,0
440,22.98091,40.58601,0.00000,3.48847E+02,0
441,22.98328,40.58601,0.00000,3.48845E+02,0
442,22.98566,40.58601,0.00000,3.48845E+02,0
443,22.98804,40.58601,0.00000,3.48845E+02,0
444,22.99041,40.58601,0.00000,3.48845E+02,0
445,22.99279,40.58601,0.00000,3.48845E+02,0
446,22.99517,40.58601,0.00000,3.48845E+02,0
447,22.99755,40.58601,0.00000,3.48845E+02,0
448,22.99992,40.58601,0.00000,3.48845E+02,0
449,23.00230,40.58601,0.00000,3.48845E+02,0
450,22.89771,40.58824,0.00000,3.48845E+02,0
451,22.90009,40.58824,0.00000,3.48845E+02,0
452,22.90246,40.58824,0.00000,3.48845E+02,0
453,22.90484,40.58824,0.00000,3.48845E+02,0
454,22.90722,40.58824,0.00000,3.48845E+02,0
455,22.90960,40.58824,0.00000,3.48845E+02,0
456,22.91197,40.58824,0.00000,3.48845E+02,0
457,22.91435,40.58824,0.00000,3.48845E+02,0
458,22.91673,40.58824,0.00000,3.48845E+02,0
459,22.91910,40.58824,0.00000,3.48845E+02,0
460,22.92148,40.58824,0.00000,3.48845E+02,0
461,22.92386,40.58824,0.00000,3.48845E+02,0
462,22.92623,40.58824,0.00000,3.48845E+02,0
463,22.92861,40.58824,0.00000,3.48845E+02,0
464,22.93099,40.58824,0.00000,3.48845E+02,0
465,22.93337,40.58824,0.00000,3.48845E+02,0
466,22.93574,40.58824,0.00000,3.48845E+02,0
467,22.93812,40.58824,0.00000,3.48845E+02,0
468,22.94050,40.58824,0.00000,3.48845E+02,0
469,22.94287,40.58824,0.00000,3.48845E+02,0
470,22.94525,40.58824,0.00000,3.48845E+02,0
471,22.94763,40.58824,0.00000,3.48845E+02,0
472,22.95000,40.58824,0.00000,3.48803E+02,0
473,22.95238,40.58824,0.00000,3.47572E+02,0
474,22.95476,40.58824,0.00000,3.42704E+02,0
475,22.95714,40.58824,0.00000,3.40900E+02,0
476,22.95951,40.58824,0.00000,3.35192E+02,0
477,22.96189,40.58824,0.00000,3.40747E+02,0
478,22.96427,40.58824,0.00000,3.41642E+02,0
479,22.96664,40.58824,0.00000,3.46119E+02,0
480,22.96902,40.58824,0.00000,3.49802E+02,0
481,22.97140,40.58824,0.00000,3.61558E+02,0
482,22.97378,40.58824,0.00000,3.60591E+02,0
483,22.97615,40.58824,0.00000,3.62940E+02,0
484,22.97853,40.58824,0.00000,3.53182E+02,0
485,22.98091,40.58824,0.00000,3.48993E+02,0
486,22.98328,40.58824,0.00000,3.48846E+02,0
487,22.98566,40.58824,0.00000,3.48845E+02,0
488,22.98804,40.58824,0.00000,3.48845E+02,0
489,22.99041,40.58824,0.00000,3.48845E+02,0
490,22.99279,40.58824,0.00000,3.48845E+02,0
491,22.99517,40.58824,0.00000,3.48845E+02,0
492,22.99755,40.58824,0.00000,3.48845E+02,0
493,22.99992,40.58824,0.00000,3.48845E+02,0
494,23.00230,40.58824,0.00000,3.48845E+02,0
495,22.89771,40.59047,0.00000,3.48845E+02,0
496,22.90009,40.59047,0.00000,3.48845E+02,0
497,22.90246,40.59047,0.00000,3.48845E+02,0
498,22.90484,40.59047,0.00000,3.48845E+02,0
499,22.90722,40.59047,0.00000,3.48845E+02,0
500,22.90960,40.59047,0.00000,3.48845E+02,0
501,22.91197,40.59047,0.00000,3.48845E+02,0
502,22.91435,40.59047,0.00000,3.48845E+02,0
503,22.91673,40.59047,0.00000,3.48845E+02,0
504,22.91910,40.59047,0.00000,3.48845E+02,0
505,22.92148,40.59047,0.00000,3.48845E+02,0
506,22.92386,40.59047,0.00000,3.48845E+02,0
507,22.92623,40.59047,0.00000,3.48845E+02,0
508,22.92861,40.59047,0.00000,3.48845E+02,0
509,22.93099,40.59047,0.00000,3.48845E+02,0
510,22.93337,40.59047,0.00000,3.48845E+02,0
511,22.93574,40.59047,0.00000,3.48845E+02,0
512,22.93812,40.59047,0.00000,3.48845E+02,0
513,22.94050,40.59047,0.00000,3.48845E+02,0
514,22.94287,40.59047,0.00000,3.48845E+02,0
515,22.94525,40.59047,0.00000,3.48845E+02,0
516,22.94763,40.59047,0.00000,3.48839E+02,0
517,22.95000,40.59047,0.00000,3.48502E+02,0
518,22.95238,40.59047,0.00000,3.47654E+02,0
519,22.95476,40.59047,0.00000,3.52057E+02,0
520,22.95714,40.59047,0.00000,3.40766E+02,0
521,22.95951,40.59047,0.00000,3.19398E+02,0
522,22.96189,40.59047,0.00000,3.37336E+02,0
523,22.96427,40.59047,0.00000,3.43893E+02,0
524,22.96664,40.59047,0.00000,3.44892E+02,0
525,22.96902,40.59047,0.00000,3.45660E+02,0
526,22.97140,40.59047,0.00000,3.48246E+02,0
527,22.97378,40.59047,0.00000,3.58995E+02,0
528,22.97615,40.59047,0.00000,3.79825E+02,0
529,22.97853,40.59047,0.00000,3.58676E+02,0
530,22.98091,40.59047,0.00000,3.49180E+02,0
531,22.98328,40.59047,0.00000,3.48846E+02,0
532,22.98566,40.59047,0.00000,3.48845E+02,0
533,22.98804,40.59047,0.00000,3.48845E+02,0
534,22.99041,40.59047,0.00000,3.48845E+02,0
535,22.99279,40.59047,0.00000,3.48845E+02,0
536,22.99517,40.59047,0.00000,3.48845E+02,0
537,22.99755,40.59047,0.00000,3.48845E+02,0
538,22.99992,40.59047,0.00000,3.48845E+02,0
539,23.00230,40.59047,0.00000,3.48845E+02,0
540,22.89771,40.59270,0.00000,3.48845E+02,0
541,22.90009,40.59270,0.00000,3.48845E+02,0
542,22.90246,40.59270,0.00000,3.48845E+02,0
543,22.90484,40.59270,0.00000,3.48845E+02,0
544,22.90722,40.59270,0.00000,3.48845E+02,0
545,22.90960,40.59270,0.00000,3.48845E+02,0
546,22.91197,40.59270,0.00000,3.48845E+02,0
547,22.91435,40.59270,0.00000,3.48845E+02,0
548,22.91673,40.59270,0.00000,3.48845E+02,0
549,22.91910,40.59270,0.00000,3.48845E+02,0
550,22.92148,40.59270,0.00000,3.48845E+02,0
551,22.92386,40.59270,0.00000,3.48845E+02,0
552,22.92623,40.59270,0.00000,3.48845E+02,0
553,22.92861,40.59270,0.00000,3.48845E+02,0
554,22.93099,40.59270,0.00000,3.48845E+02,0
555,22.93337,40.59270,0.00000,3.48845E+02,0
556,22.93574,40.59270,0.00000,3.48845E+02,0
557,22.93812,40.59270,0.00000,3.48845E+02,0
558,22.94050,40.59270,0.00000,3.48845E+02,0
559,22.94287,40.59270,0.00000,3.48845E+02,0
560,22.94525,40.59270,0.00000,3.48845E+02,0
561,22.94763,40.59270,0.00000,3.48825E+02,0
562,22.95000,40.59270,0.00000,3.47599E+02,0
563,22.95238,40.59270,0.00000,3.36945E+02,0
564,22.95476,40.59270,0.00000,3.20150E+02,0
565,22.95714,40.59270,0.00000,3.23568E+02,0
566,22.95951,40.59270,0.00000,3.11178E+02,0
567,22.96189,40.59270,0.00000,3.15741E+02,0
568,22.96427,40.59270,0.00000,3.12961E+02,0
569,22.96664,40.59270,0.00000,3.42410E+02,0
570,22.96902,40.59270,0.00000,3.46631E+02,0
571,22.97140,40.59270,0.00000,3.40623E+02,0
572,22.97378,40.59270,0.00000,3.45534E+02,0
573,22.97615,40.59270,0.00000,3.51530E+02,0
574,22.97853,40.59270,0.00000,3.49762E+02,0
575,22.98091,40.59270,0.00000,3.48876E+02,0
576,22.98328,40.59270,0.00000,3.48845E+02,0
577,22.98566,40.59270,0.00000,3.48845E+02,0
578,22.98804,40.59270,0.00000,3.48845E+02,0
579,22.99041,40.59270,0.00000,3.48845E+02,0
580,22.99279,40.59270,0.00000,3.48845E+02,0
581,22.99517,40.59270,0.00000,3.48845E+02,0
582,22.99755,40.59270,0.00000,3.48845E+02,0
583,22.99992,40.59270,0.00000,3.48845E+02,0
584,23.00230,40.59270,0.00000,3.48845E+02,0
585,22.89771,40.59493,0.00000,3.48845E+02,0
586,22.90009,40.59493,0.00000,3.48845E+02,0
587,22.90246,40.59493,0.00000,3.48845E+02,0
588,22.90484,40.59493,0.00000,3.48845E+02,0
589,22.90722,40.59493,0.00000,3.48845E+02,0
590,22.90960,40.59493,0.00000,3.48845E+02,0
591,22.91197,40.59493,0.00000,3.48845E+02,0
592,22.91435,40.59493,0.00000,3.48845E+02,0
593,22.91673,40.59493,0.00000,3.48845E+02,0
594,22.91910,40.59493,0.00000,3.48845E+02,0
595,22.92148,40.59493,0.00000,3.48845E+02,0
596,22.92386,40.59493,0.00000,3.48845E+02,0
597,22.92623,40.59493,0.00000,3.48845E+02,0
598,22.92861,40.59493,0.00000,3.48845E+02,0
599,22.93099,40.59493,0.00000,3.48845E+02,0
600,22.93337,40.59493,0.00000,3.48845E+02,0
601,22.93574,40.59493,0.00000,3.48845E+02,0
602,22.93812,40.59493,0.00000,3.48845E+02,0
603,22.94050,40.59493,0.00000,3.48845E+02,0
604,22.94287,40.59493,0.00000,3.48845E+02,0
605,22.94525,40.59493,0.00000,3.48845E+02,0
606,22.94763,40.59493,0.00000,3.48776E+02,0
607,22.95000,40.59493,0.00000,3.45011E+02,0
608,22.95238,40.59493,0.00000,3.22590E+02,0
609,22.95476,40.59493,0.00000,3.14363E+02,0
610,22.95714,40.59493,0.00000,3.18819E+02,0
611,22.95951,40.59493,0.00000,2.96891E+02,0
612,22.96189,40.59493,0.00000,3.25958E+02,0
613,22.96427,40.59493,0.00000,3.34078E+02,0
614,22.96664,40.59493,0.00000,3.37642E+02,0
615,22.96902,40.59493,0.00000,3.40391E+02,0
616,22.97140,40.59493,0.00000,3.45897E+02,0
617,22.97378,40.59493,0.00000,3.55358E+02,0
618,22.97615,40.59493,0.00000,3.70437E+02,0
619,22.97853,40.59493,0.00000,3.55280E+02,0
620,22.98091,40.59493,0.00000,3.49051E+02,0
621,22.98328,40.59493,0.00000,3.48846E+02,0
622,22.98566,40.59493,0.00000,3.48845E+02,0
623,22.98804,40.59493,0.00000,3.48845E+02,0
624,22.99041,40.59493,0.00000,3.48845E+02,0
625,22.99279,40.59493,0.00000,3.48845E+02,0
626,22.99517,40.59493,0.00000,3.48845E+02,0
627,22.99755,40.59493,0.00000,3.48845E+02,0
628,22.99992,40.59493,0.00000,3.48845E+02,0
629,23.00230,40.59493,0.00000,3.48845E+02,0
630,22.89771,40.59716,0.00000,3.48845E+02,0
631,22.90009,40.59716,0.00000,3.48845E+02,0
632,22.90246,40.59716,0.00000,3.48845E+02,0
633,22.90484,40.59716,0.00000,3.48845E+02,0
634,22.90722,40.59716,0.00000,3.48845E+02,0
635,22.90960,40.59716,0.00000,3.48845E+02,0
636,22.91197,40.59716,0.00000,3.48845E+02,0
637,22.91435,40.59716,0.00000,3.48845E+02,0
638,22.91673,40.59716,0.00000,3.48845E+02,0
639,22.91910,40.59716,0.00000,3.48845E+02,0
640,22.92148,40.59716,0.00000,3.48845E+02,0
641,22.92386,40.59716,0.00000,3.48845E+02,0
642,22.92623,40.59716,0.00000,3.48845E+02,0
643,22.92861,40.59716,0.00000,3.48845E+02,0
644,22.93099,40.59716,0.00000,3.48845E+02,0
645,22.93337,40.59716,0.00000,3.48845E+02,0
646,22.93574,40.59716,0.00000,3.48845E+02,0
647,22.93812,40.59716,0.00000,3.48845E+02,0
648,22.94050,40.59716,0.00000,3.48845E+02,0
649,22.94287,40.59716,0.00000,3.48845E+02,0
650,22.94525,40.59716,0.00000,3.48845E+02,0
651,22.94763,40.59716,0.00000,3.48563E+02,0
652,22.95000,40.59716,0.00000,3.33698E+02,0
653,22.95238,40.59716,0.00000,2.56508E+02,0
654,22.95476,40.59716,0.00000,2.65888E+02,0
655,22.95714,40.59716,0.00000,3.05581E+02,0
656,22.95951,40.59716,0.00000,2.80645E+02,0
657,22.96189,40.59716,0.00000,3.24231E+02,0
658,22.96427,40.59716,0.00000,3.37989E+02,0
659,22.96664,40.59716,0.00000,3.35959E+02,0
660,22.96902,40.59716,0.00000,3.40922E+02,0
661,22.97140,40.59716,0.00000,3.58492E+02,0
662,22.97378,40.59716,0.00000,3.64730E+02,0
663,22.97615,40.59716,0.00000,3.79214E+02,0
664,22.97853,40.59716,0.00000,3.57789E+02,0
665,22.98091,40.59716,0.00000,3.49131E+02,0
666,22.98328,40.59716,0.00000,3.48846E+02,0
667,22.98566,40.59716,0.00000,3.48845E+02,0
668,22.98804,40.59716,0.00000,3.48845E+02,0
669,22.99041,40.59716,0.00000,3.48845E+02,0
670,22.99279,40.59716,0.00000,3.48845E+02,0
671,22.99517,40.59716,0.00000,3.48845E+02,0
672,22.99755,40.59716,0.00000,3.48845E+02,0
673,22.99992,40.59716,0.00000,3.48845E+02,0
674,23.00230,40.59716,0.00000,3.48845E+02,0
675,22.89771,40.59939,0.00000,3.48845E+02,0
676,22.90009,40.59939,0.00000,3.48845E+02,0
677,22.90246,40.59939,0.00000,3.48845E+02,0
678,22.90484,40.59939,0.00000,3.48845E+02,0
679,22.90722,40.59939,0.00000,3.48845E+02,0
680,22.90960,40.59939,0.00000,3.48845E+02,0
681,22.91197,40.59939,0.00000,3.48845E+02,0
682,22.91435,40.59939,0.00000,3.48845E+02,0
683,22.91673,40.59939,0.00000,3.48845E+02,0
684,22.91910,40.59939,0.00000,3.48845E+02,0
685,22.92148,40.59939,0.00000,3.48845E+02,0
686,22.92386,40.59939,0.00000,3.48845E+02,0
687,22.92623,40.59939,0.00000,3.48845E+02,0
688,22.92861,40.59939,0.00000,3.48845E+02,0
689,22.93099,40.59939,0.00000,3.48845E+02,0
690,22.93337,40.59939,0.00000,3.48845E+02,0
691,22.93574,40.59939,0.00000,3.48845E+02,0
692,22.93812,40.59939,0.00000,3.48845E+02,0
693,22.94050,40.59939,0.00000,3.48845E+02,0
694,22.94287,40.59939,0.00000,3.48845E+02,0
695,22.94525,40.59939,0.00000,3.48845E+02,0
696,22.94763,40.59939,0.00000,3.48606E+02,0
697,22.95000,40.59939,0.00000,3.36007E+02,0
698,22.95238,40.59939,0.00000,2.63255E+02,0
699,22.95476,40.59939,0.00000,2.37692E+02,0
700,22.95714,40.59939,0.00000,2.77347E+02,0
701,22.95951,40.59939,0.00000,2.51395E+02,0
702,22.96189,40.59939,0.00000,3.04962E+02,0
703,22.96427,40.59939,0.00000,3.21277E+02,0
704,22.96664,40.59939,0.00000,3.43869E+02,0
705,22.96902,40.59939,0.00000,3.60385E+02,0
706,22.97140,40.59939,0.00000,4.06134E+02,0
707,22.97378,40.59939,0.00000,3.77552E+02,0
708,22.97615,40.59939,0.00000,3.51761E+02,0
709,22.97853,40.59939,0.00000,3.49277E+02,0
710,22.98091,40.59939,0.00000,3.48859E+02,0
711,22.98328,40.59939,0.00000,3.48845E+02,0
712,22.98566,40.59939,0.00000,3.48845E+02,0
713,22.98804,40.59939,0.00000,3.48845E+02,0
714,22.99041,40.59939,0.00000,3.48845E+02,0
715,22.99279,40.59939,0.00000,3.48845E+02,0
716,22.99517,40.59939,0.00000,3.48845E+02,0
717,22.99755,40.59939,0.00000,3.48845E+02,0
718,22.99992,40.59939,0.00000,3.48845E+02,0
719,23.00230,40.59939,0.00000,3.48845E+02,0
720,22.89771,40.60162,0.00000,3.48845E+02,0
721,22.90009,40.60162,0.00000,3.48845E+02,0
722,22.90246,40.60162,0.00000,3.48845E+02,0
723,22.90484,40.60162,0.00000,3.48845E+02,0
724,22.90722,40.60162,0.00000,3.48845E+02,0
725,22.90960,40.60162,0.00000,3.48845E+02,0
726,22.91197,40.60162,0.00000,3.48845E+02,0
727,22.91435,40.60162,0.00000,3.48845E+02,0
728,22.91673,40.60162,0.00000,3.48845E+02,0
729,22.91910,40.60162,0.00000,3.48845E+02,0
730,22.92148,40.60162,0.00000,3.48845E+02,0
731,22.92386,40.60162,0.00000,3.48845E+02,0
732,22.92623,40.60162,0.00000,3.48845E+02,0
733,22.92861,40.60162,0.00000,3.48845E+02,0
734,22.93099,40.60162,0.00000,3.48845E+02,0
735,22.93337,40.60162,0.00000,3.48845E+02,0
736,22.93574,40.60162,0.00000,3.48845E+02,0
737,22.93812,40.60162,0.00000,3.48845E+02,0
738,22.94050,40.60162,0.00000,3.48845E+02,0
739,22.94287,40.60162,0.00000,3.48845E+02,0
740,22.94525,40.60162,0.00000,3.48845E+02,0
741,22.94763,40.60162,0.00000,3.48562E+02,0
742,22.95000,40.60162,0.00000,3.34316E+02,0
743,22.95238,40.60162,0.00000,2.65182E+02,0
744,22.95476,40.60162,0.00000,2.80672E+02,0
745,22.95714,40.60162,0.00000,2.91959E+02,0
746,22.95951,40.60162,0.00000,2.38209E+02,0
747,22.96189,40.60162,0.00000,3.15319E+02,0
748,22.96427,40.60162,0.00000,3.39502E+02,0
749,22.96664,40.60162,0.00000,3.34133E+02,0
750,22.96902,40.60162,0.00000,3.39948E+02,0
751,22.97140,40.60162,0.00000,3.58834E+02,0
752,22.97378,40.60162,0.00000,3.54237E+02,0
753,22.97615,40.60162,0.00000,3.49133E+02,0
754,22.97853,40.60162,0.00000,3.48847E+02,0
755,22.98091,40.60162,0.00000,3.48845E+02,0
756,22.98328,40.60162,0.00000,3.48845E+02,0
757,22.98566,40.60162,0.00000,3.48845E+02,0
758,22.98804,40.60162,0.00000,3.48845E+02,0
759,22.99041,40.60162,0.00000,3.48845E+02,0
760,22.99279,40.60162,0.00000,3.48845E+02,0
761,22.99517,40.60162,0.00000,3.48845E+02,0
762,22.99755,40.60162,0.00000,3.48845E+02,0
763,22.99992,40.60162,0.00000,3.48845E+02,0
764,23.00230,40.60162,0.00000,3.48845E+02,0
765,22.89771,40.60385,0.00000,3.48845E+02,0
766,22.90009,40.60385,0.00000,3.48845E+02,0
767,22.90246,40.60385,0.00000,3.48845E+02,0
768,22.90484,40.60385,0.00000,3.48845E+02,0
769,22.90722,40.60385,0.00000,3.48845E+02,0
770,22.90960,40.60385,0.00000,3.48845E+02,0
771,22.91197,40.60385,0.00000,3.48845E+02,0
772,22.91435,40.60385,0.00000,3.48845E+02,0
773,22.91673,40.60385,0.00000,3.48845E+02,0
774,22.91910,40.60385,0.00000,3.48845E+02,0
775,22.92148,40.60385,0.00000,3.48845E+02,0
776,22.92386,40.60385,0.00000,3.48845E+02,0
777,22.92623,40.60385,0.00000,3.48845E+02,0
778,22.92861,40.60385,0.00000,3.48845E+02,0
779,22.93099,40.60385,0.00000,3.48845E+02,0
780,22.93337,40.60385,0.00000,3.48845E+02,0
781,22.93574,40.60385,0.00000,3.48845E+02,0
782,22.93812,40.60385,0.00000,3.48845E+02,0
783,22.94050,40.60385,0.00000,3.48845E+02,0
784,22.94287,40.60385,0.00000,3.48845E+02,0
785,22.94525,40.60385,0.00000,3.48844E+02,0
786,22.94763,40.60385,0.00000,3.48340E+02,0
787,22.95000,40.60385,0.00000,3.23722E+02,0
788,22.95238,40.60385,0.00000,2.13874E+02,0
789,22.95476,40.60385,0.00000,2.66342E+02,0
790,22.95714,40.60385,0.00000,3.03829E+02,0
791,22.95951,40.60385,0.00000,2.55546E+02,0
792,22.96189,40.60385,0.00000,3.19556E+02,0
793,22.96427,40.60385,0.00000,3.39583E+02,0
794,22.96664,40.60385,0.00000,3.37018E+02,0
795,22.96902,40.60385,0.00000,3.39993E+02,0
796,22.97140,40.60385,0.00000,3.48135E+02,0
797,22.97378,40.60385,0.00000,3.48873E+02,0
798,22.97615,40.60385,0.00000,3.48847E+02,0
799,22.97853,40.60385,0.00000,3.48845E+02,0
800,22.98091,40.60385,0.00000,3.48845E+02,0
801,22.98328,40.60385,0.00000,3.48845E+02,0
802,22.98566,40.60385,0.00000,3.48845E+02,0
803,22.98804,40.60385,0.00000,3.48845E+02,0
804,22.99041,40.60385,0.00000,3.48845E+02,0
805,22.99279,40.60385,0.00000,3.48845E+02,0
806,22.99517,40.60385,0.00000,3.48845E+02,0
807,22.99755,40.60385,0.00000,3.48845E+02,0
808,22.99992,40.60385,0.00000,3.48845E+02,0
809,23.00230,40.60385,0.00000,3.48845E+02,0
810,22.89771,40.60608,0.00000,3.48845E+02,0
811,22.90009,40.60608,0.00000,3.48845E+02,0
812,22.90246,40.60608,0.00000,3.48845E+02,0
813,22.90484,40.60608,0.00000,3.48845E+02,0
814,22.90722,40.60608,0.00000,3.48845E+02,0
815,22.90960,40.60608,0.00000,3.48845E+02,0
816,22.91197,40.60608,0.00000,3.48845E+02,0
817,22.91435,40.60608,0.00000,3.48845E+02,0
818,22.91673,40.60608,0.00000,3.48845E+02,0
819,22.91910,40.60608,0.00000,3.48845E+02,0
820,22.92148,40.60608,0.00000,3.48845E+02,0
821,22.92386,40.60608,0.00000,3.48845E+02,0
822,22.92623,40.60608,0.00000,3.48845E+02,0
823,22.92861,40.60608,0.00000,3.48845E+02,0
824,22.93099,40.60608,0.00000,3.48845E+02,0
825,22.93337,40.60608,0.00000,3.48845E+02,0
826,22.93574,40.60608,0.00000,3.48845E+02,0
827,22.93812,40.60608,0.00000,3.48845E+02,0
828,22.94050,40.60608,0.00000,3.48845E+02,0
829,22.94287,40.60608,0.00000,3.48845E+02,0
830,22.94525,40.60608,0.00000,3.48845E+02,0
831,22.94763,40.60608,0.00000,3.48596E+02,0
832,22.95000,40.60608,0.00000,3.36730E+02,0
833,22.95238,40.60608,0.00000,2.86849E+02,0
834,22.95476,40.60608,0.00000,3.18839E+02,0
835,22.95714,40.60608,0.00000,3.16876E+02,0
836,22.95951,40.60608,0.00000,2.70384E+02,0
837,22.96189,40.60608,0.00000,3.16611E+02,0
838,22.96427,40.60608,0.00000,3.31390E+02,0
839,22.96664,40.60608,0.00000,3.48328E+02,0
840,22.96902,40.60608,0.00000,3.50331E+02,0
841,22.97140,40.60608,0.00000,3.48970E+02,0
842,22.97378,40.60608,0.00000,3.48846E+02,0
843,22.97615,40.60608,0.00000,3.48845E+02,0
844,22.97853,40.60608,0.00000,3.48845E+02,0
845,22.98091,40.60608,0.00000,3.48845E+02,0
846,22.98328,40.60608,0.00000,3.48845E+02,0
847,22.98566,40.60608,0.00000,3.48845E+02,0
848,22.98804,40.60608,0.00000,3.48845E+02,0
849,22.99041,40.60608,0.00000,3.48845E+02,0
850,22.99279,40.60608,0.00000,3.48845E+02,0
851,22.99517,40.60608,0.00000,3.48845E+02,0
852,22.99755,40.60608,0.00000,3.48845E+02,0
853,22.99992,40.60608,0.00000,3.48845E+02,0
854,23.00230,40.60608,0.00000,3.48845E+02,0
855,22.89771,40.60831,0.00000,3.48845E+02,0
856,22.90009,40.60831,0.00000,3.48845E+02,0
857,22.90246,40.60831,0.00000,3.48845E+02,0
858,22.90484,40.60831,0.00000,3.48845E+02,0
859,22.90722,40.60831,0.00000,3.48845E+02,0
860,22.90960,40.60831,0.00000,3.48845E+02,0
861,22.91197,40.60831,0.00000,3.48845E+02,0
862,22.91435,40.60831,0.00000,3.48845E+02,0
863,22.91673,40.60831,0.00000,3.48845E+02,0
864,22.91910,40.60831,0.00000,3.48845E+02,0
865,22.92148,40.60831,0.00000,3.48845E+02,0
866,22.92386,40.60831,0.00000,3.48845E+02,0
867,22.92623,40.60831,0.00000,3.48845E+02,0
868,22.92861,40.60831,0.00000,3.48845E+02,0
869,22.93099,40.60831,0.00000,3.48845E+02,0
870,22.93337,40.60831,0.00000,3.48845E+02,0
871,22.93574,40.60831,0.00000,3.48845E+02,0
872,22.93812,40.60831,0.00000,3.48845E+02,0
873,22.94050,40.60831,0.00000,3.48845E+02,0
874,22.94287,40.60831,0.00000,3.48845E+02,0
875,22.94525,40.60831,0.00000,3.48845E+02,0
876,22.94763,40.60831,0.00000,3.48635E+02,0
877,22.95000,40.60831,0.00000,3.38949E+02,0
878,22.95238,40.60831,0.00000,3.00146E+02,0
879,22.95476,40.60831,0.00000,3.28577E+02,0
880,22.95714,40.60831,0.00000,3.41424E+02,0
881,22.95951,40.60831,0.00000,3.28681E+02,0
882,22.96189,40.60831,0.00000,3.52235E+02,0
883,22.96427,40.60831,0.00000,3.64368E+02,0
884,22.96664,40.60831,0.00000,3.82748E+02,0
885,22.96902,40.60831,0.00000,3.73741E+02,0
886,22.97140,40.60831,0.00000,3.50903E+02,0
887,22.97378,40.60831,0.00000,3.48863E+02,0
888,22.97615,40.60831,0.00000,3.48845E+02,0
889,22.97853,40.60831,0.00000,3.48845E+02,0
890,22.98091,40.60831,0.00000,3.48845E+02,0
891,22.98328,40.60831,0.00000,3.48845E+02,0
892,22.98566,40.60831,0.00000,3.48845E+02,0
893,22.98804,40.60831,0.00000,3.48845E+02,0
894,22.99041,40.60831,0.00000,3.48845E+02,0
895,22.99279,40.60831,0.00000,3.48845E+02,0
896,22.99517,40.60831,0.00000,3.48845E+02,0
897,22.99755,40.60831,0.00000,3.48845E+02,0
898,22.99992,40.60831,0.00000,3.48845E+02,0
899,23.00230,40.60831,0.00000,3.48845E+02,0
900,22.89771,40.61054,0.00000,3.48845E+02,0
901,22.90009,40.61054,0.00000,3.48845E+02,0
902,22.90246,40.61054,0.00000,3.48845E+02,0
903,22.90484,40.61054,0.00000,3.48845E+02,0
904,22.90722,40.61054,0.00000,3.48845E+02,0
905,22.90960,40.61054,0.00000,3.48845E+02,0
906,22.91197,40.61054,0.00000,3.48845E+02,0
907,22.91435,40.61054,0.00000,3.48845E+02,0
908,22.91673,40.61054,0.00000,3.48845E+02,0
909,22.91910,40.61054,0.00000,3.48845E+02,0
910,22.92148,40.61054,0.00000,3.48845E+02,0
911,22.92386,40.61054,0.00000,3.48845E+02,0
912,22.92623,40.61054,0.00000,3.48845E+02,0
913,22.92861,40.61054,0.00000,3.48845E+02,0
914,22.93099,40.61054,0.00000,3.48845E+02,0
915,22.93337,40.61054,0.00000,3.48845E+02,0
916,22.93574,40.61054,0.00000,3.48845E+02,0
917,22.93812,40.61054,0.00000,3.48845E+02,0
918,22.94050,40.61054,0.00000,3.48845E+02,0
919,22.94287,40.61054,0.00000,3.48845E+02,0
920,22.94525,40.61054,0.00000,3.48844E+02,0
921,22.94763,40.61054,0.00000,3.48472E+02,0
922,22.95000,40.61054,0.00000,3.31658E+02,0
923,22.95238,40.61054,0.00000,2.67061E+02,0
924,22.95476,40.61054,0.00000,3.19702E+02,0
925,22.95714,40.61054,0.00000,3.57784E+02,0
926,22.95951,40.61054,0.00000,3.58731E+02,0
927,22.96189,40.61054,0.00000,3.43371E+02,0
928,22.96427,40.61054,0.00000,3.41257E+02,0
929,22.96664,40.61054,0.00000,3.63088E+02,0
930,22.96902,40.61054,0.00000,3.60792E+02,0
931,22.97140,40.61054,0.00000,3.49835E+02,0
932,22.97378,40.61054,0.00000,3.48854E+02,0
933,22.97615,40.61054,0.00000,3.48845E+02,0
934,22.97853,40.61054,0.00000,3.48845E+02,0
935,22.98091,40.61054,0.00000,3.48845E+02,0
936,22.98328,40.61054,0.00000,3.48845E+02,0
937,22.98566,40.61054,0.00000,3.48845E+02,0
938,22.98804,40.61054,0.00000,3.48845E+02,0
939,22.99041,40.61054,0.00000,3.48845E+02,0
940,22.99279,40.61054,0.00000,3.48845E+02,0
941,22.99517,40.61054,0.00000,3.48845E+02,0
942,22.99755,40.61054,0.00000,3.48845E+02,0
943,22.99992,40.61054,0.00000,3.48845E+02,0
944,23.00230,40.61054,0.00000,3.48845E+02,0
945,22.89771,40.61277,0.00000,3.48845E+02,0
946,22.90009,40.61277,0.00000,3.48845E+02,0
947,22.90246,40.61277,0.00000,3.48845E+02,0
948,22.90484,40.61277,0.00000,3.48845E+02,0
949,22.90722,40.61277,0.00000,3.48845E+02,0
950,22.90960,40.61277,0.00000,3.48845E+02,0
951,22.91197,40.61277,0.00000,3.48845E+02,0
952,22.91435,40.61277,0.00000,3.48845E+02,0
953,22.91673,40.61277,0.00000,3.48845E+02,0
954,22.91910,40.61277,0.00000,3.48845E+02,0
955,22.92148,40.61277,0.00000,3.48845E+02,0
956,22.92386,40.61277,0.00000,3.48845E+02,0
957,22.92623,40.61277,0.00000,3.48845E+02,0
958,22.92861,40.61277,0.00000,3.48845E+02,0
959,22.93099,40.61277,0.00000,3.48845E+02,0
960,22.93337,40.61277,0.00000,3.48845E+02,0
961,22.93574,40.61277,0.00000,3.48845E+02,0
962,22.93812,40.61277,0.00000,3.48845E+02,0
963,22.94050,40.61277,0.00000,3.48845E+02,0
964,22.94287,40.61277,0.00000,3.48845E+02,0
965,22.94525,40.61277,0.00000,3.48844E+02,0
966,22.94763,40.61277,0.00000,3.48457E+02,0
967,22.95000,40.61277,0.00000,3.31464E+02,0
968,22.95238,40.61277,0.00000,2.68259E+02,0
969,22.95476,40.61277,0.00000,3.21172E+02,0
970,22.95714,40.61277,0.00000,3.64778E+02,0
971,22.95951,40.61277,0.00000,3.73155E+02,0
972,22.96189,40.61277,0.00000,3.29117E+02,0
973,22.96427,40.61277,0.00000,3.16265E+02,0
974,22.96664,40.61277,0.00000,3.45724E+02,0
975,22.96902,40.61277,0.00000,3.49782E+02,0
976,22.97140,40.61277,0.00000,3.48924E+02,0
977,22.97378,40.61277,0.00000,3.48846E+02,0
978,22.97615,40.61277,0.00000,3.48845E+02,0
979,22.97853,40.61277,0.00000,3.48845E+02,0
980,22.98091,40.61277,0.00000,3.48845E+02,0
981,22.98328,40.61277,0.00000,3.48845E+02,0
982,22.98566,40.61277,0.00000,3.48845E+02,0
983,22.98804,40.61277,0.00000,3.48845E+02,0
984,22.99041,40.61277,0.00000,3.48845E+02,0
985,22.99279,40.61277,0.00000,3.48845E+02,0
986,22.99517,40.61277,0.00000,3.48845E+02,0
987,22.99755,40.61277,0.00000,3.48845E+02,0
988,22.99992,40.61277,0.00000,3.48845E+02,0
989,23.00230,40.61277,0.00000,3.48845E+02,0
990,22.89771,40.61500,0.00000,3.48845E+02,0
991,22.90009,40.61500,0.00000,3.48845E+02,0
992,22.90246,40.61500,0.00000,3.48845E+02,0
993,22.90484,40.61500,0.00000,3.48845E+02,0
994,22.90722,40.61500,0.00000,3.48845E+02,0
995,22.90960,40.61500,0.00000,3.48845E+02,0
996,22.91197,40.61500,0.00000,3.48845E+02,0
997,22.91435,40.61500,0.00000,3.48845E+02,0
998,22.91673,40.61500,0.00000,3.48845E+02,0
999,22.91910,40.61500,0.00000,3.48845E+02,0
1000,22.92148,40.61500,0.00000,3.48845E+02,0
1001,22.92386,40.61500,0.00000,3.48845E+02,0
1002,22.92623,40.61500,0.00000,3.48845E+02,0
1003,22.92861,40.61500,0.00000,3.48845E+02,0
1004,22.93099,40.61500,0.00000,3.48845E+02,0
1005,22.93337,40.61500,0.00000,3.48845E+02,0
1006,22.93574,40.61500,0.00000,3.48845E+02,0
1007,22.93812,40.61500,0.00000,3.48845E+02,0
1008,22.94050,40.61500,0.00000,3.48845E+02,0
1009,22.94287,40.61500,0.00000,3.48845E+02,0
1010,22.94525,40.61500,0.00000,3.48844E+02,0
1011,22.94763,40.61500,0.00000,3.48457E+02,0
1012,22.95000,40.61500,0.00000,3.31229E+02,0
1013,22.95238,40.61500,0.00000,2.48543E+02,0
1014,22.95476,40.61500,0.00000,2.36679E+02,0
1015,22.95714,40.61500,0.00000,3.03605E+02,0
1016,22.95951,40.61500,0.00000,3.13367E+02,0
1017,22.96189,40.61500,0.00000,3.28909E+02,0
1018,22.96427,40.61500,0.00000,3.34844E+02,0
1019,22.96664,40.61500,0.00000,3.56506E+02,0
1020,22.96902,40.61500,0.00000,3.55788E+02,0
1021,22.97140,40.61500,0.00000,3.49385E+02,0
1022,22.97378,40.61500,0.00000,3.48850E+02,0
1023,22.97615,40.61500,0.00000,3.48845E+02,0
1024,22.97853,40.61500,0.00000,3.48845E+02,0
1025,22.98091,40.61500,0.00000,3.48845E+02,0
1026,22.98328,40.61500,0.00000,3.48845E+02,0
1027,22.98566,40.61500,0.00000,3.48845E+02,0
1028,22.98804,40.61500,0.00000,3.48845E+02,0
1029,22.99041,40.61500,0.00000,3.48845E+02,0
1030,22.99279,40.61500,0.00000,3.48845E+02,0
1031,22.99517,40.61500,0.00000,3.48845E+02,0
1032,22.99755,40.61500,0.00000,3.48845E+02,0
1033,22.99992,40.61500,0.00000,3.48845E+02,0
1034,23.00230,40.61500,0.00000,3.48845E+02,0
1035,22.89771,40.61723,0.00000,3.48845E+02,0
1036,22.90009,40.61723,0.00000,3.48845E+02,0
1037,22.90246,40.61723,0.00000,3.48845E+02,0
1038,22.90484,40.61723,0.00000,3.48845E+02,0
1039,22.90722,40.61723,0.00000,3.48845E+02,0
1040,22.90960,40.61723,0.00000,3.48845E+02,0
1041,22.91197,40.61723,0.00000,3.48845E+02,0
1042,22.91435,40.61723,0.00000,3.48845E+02,0
1043,22.91673,40.61723,0.00000,3.48845E+02,0
1044,22.91910,40.61723,0.00000,3.48845E+02,0
1045,22.92148,40.61723,0.00000,3.48845E+02,0
1046,22.92386,40.61723,0.00000,3.48845E+02,0
1047,22.92623,40.61723,0.00000,3.48845E+02,0
1048,22.92861,40.61723,0.00000,3.48845E+02,0
1049,22.93099,40.61723,0.00000,3.48845E+02,0
1050,22.93337,40.61723,0.00000,3.48845E+02,0
1051,22.93574,40.61723,0.00000,3.48845E+02,0
1052,22.93812,40.61723,0.00000,3.48845E+02,0
1053,22.94050,40.61723,0.00000,3.48845E+02,0
1054,22.94287,40.61723,0.00000,3.48845E+02,0
1055,22.94525,40.61723,0.00000,3.48844E+02,0
1056,22.94763,40.61723,0.00000,3.48359E+02,0
1057,22.95000,40.61723,0.00000,3.27603E+02,0
1058,22.95238,40.61723,0.00000,2.43180E+02,0
1059,22.95476,40.61723,0.00000,2.71579E+02,0
1060,22.95714,40.61723,0.00000,3.33326E+02,0
1061,22.95951,40.61723,0.00000,3.42308E+02,0
1062,22.96189,40.61723,0.00000,3.29439E+02,0
1063,22.96427,40.61723,0.00000,3.27302E+02,0
1064,22.96664,40.61723,0.00000,3.48890E+02,0
1065,22.96902,40.61723,0.00000,3.50869E+02,0
1066,22.97140,40.61723,0.00000,3.49005E+02,0
1067,22.97378,40.61723,0.00000,3.48847E+02,0
1068,22.97615,40.61723,0.00000,3.48845E+02,0
1069,22.97853,40.61723,0.00000,3.48845E+02,0
1070,22.98091,40.61723,0.00000,3.48845E+02,0
1071,22.98328,40.61723,0.00000,3.48845E+02,0
1072,22.98566,40.61723,0.00000,3.48845E+02,0
1073,22.98804,40.61723,0.00000,3.48845E+02,0
1074,22.99041,40.61723,0.00000,3.48845E+02,0
1075,22.99279,40.61723,0.00000,3.48845E+02,0
1076,22.99517,40.61723,0.00000,3.48845E+02,0
1077,22.99755,40.61723,0.00000,3.48845E+02,0
1078,22.99992,40.61723,0.00000,3.48845E+02,0
1079,23.00230,40.61723,0.00000,3.48845E+02,0
1080,22.89771,40.61946,0.00000,3.48845E+02,0
1081,22.90009,40.61946,0.00000,3.48845E+02,0
1082,22.90246,40.61946,0.00000,3.48845E+02,0
1083,22.90484,40.61946,0.00000,3.48845E+02,0
1084,22.90722,40.61946,0.00000,3.48845E+02,0
1085,22.90960,40.61946,0.00000,3.48845E+02,0
1086,22.91197,40.61946,0.00000,3.48845E+02,0
1087,22.91435,40.61946,0.00000,3.48845E+02,0
1088,22.91673,40.61946,0.00000,3.48845E+02,0
1089,22.91910,40.61946,0.00000,3.48845E+02,0
1090,22.92148,40.61946,0.00000,3.48845E+02,0
1091,22.92386,40.61946,0.00000,3.48845E+02,0
1092,22.92623,40.61946,0.00000,3.48845E+02,0
1093,22.92861,40.61946,0.00000,3.48845E+02,0
1094,22.93099,40.61946,0.00000,3.48845E+02,0
1095,22.93337,40.61946,0.00000,3.48845E+02,0
1096,22.93574,40.61946,0.00000,3.48845E+02,0
1097,22.93812,40.61946,0.00000,3.48845E+02,0
1098,22.94050,40.61946,0.00000,3.48845E+02,0
1099,22.94287,40.61946,0.00000,3.48845E+02,0
1100,22.94525,40.61946,0.00000,3.48845E+02,0
1101,22.94763,40.61946,0.00000,3.48661E+02,0
1102,22.95000,40.61946,0.00000,3.41055E+02,0
1103,22.95238,40.61946,0.00000,3.11685E+02,0
1104,22.95476,40.61946,0.00000,3.24005E+02,0
1105,22.95714,40.61946,0.00000,3.42883E+02,0
1106,22.95951,40.61946,0.00000,3.43716E+02,0
1107,22.96189,40.61946,0.00000,3.30858E+02,0
1108,22.96427,40.61946,0.00000,3.28510E+02,0
1109,22.96664,40.61946,0.00000,3.48221E+02,0
1110,22.96902,40.61946,0.00000,3.50173E+02,0
1111,22.97140,40.61946,0.00000,3.48944E+02,0
1112,22.97378,40.61946,0.00000,3.48846E+02,0
1113,22.97615,40.61946,0.00000,3.48845E+02,0
1114,22.97853,40.61946,0.00000,3.48845E+02,0
1115,22.98091,40.61946,0.00000,3.48845E+02,0
1116,22.98328,40.61946,0.00000,3.48845E+02,0
1117,22.98566,40.61946,0.00000,3.48845E+02,0
1118,22.98804,40.61946,0.00000,3.48845E+02,0
1119,22.99041,40.61946,0.00000,3.48845E+02,0
1120,22.99279,40.61946,0.00000,3.48845E+02,0
1121,22.99517,40.61946,0.00000,3.48845E+02,0
1122,22.99755,40.61946,0.00000,3.48845E+02,0
1123,22.99992,40.61946,0.00000,3.48845E+02,0
1124,23.00230,40.61946,0.00000,3.48845E+02,0
1125,22.89771,40.62169,0.00000,3.48845E+02,0
1126,22.90009,40.62169,0.00000,3.48845E+02,0
1127,22.90246,40.62169,0.00000,3.48845E+02,0
1128,22.90484,40.62169,0.00000,3.48845E+02,0
1129,22.90722,40.62169,0.00000,3.48845E+02,0
1130,22.90960,40.62169,0.00000,3.48845E+02,0
1131,22.91197,40.62169,0.00000,3.48845E+02,0
1132,22.91435,40.62169,0.00000,3.48845E+02,0
1133,22.91673,40.62169,0.00000,3.48845E+02,0
1134,22.91910,40.62169,0.00000,3.48845E+02,0
1135,22.92148,40.62169,0.00000,3.48845E+02,0
1136,22.92386,40.62169,0.00000,3.48845E+02,0
1137,22.92623,40.62169,0.00000,3.48845E+02,0
1138,22.92861,40.62169,0.00000,3.48845E+02,0
1139,22.93099,40.62169,0.00000,3.48845E+02,0
1140,22.93337,40.62169,0.00000,3.48845E+02,0
1141,22.93574,40.62169,0.00000,3.48845E+02,0
1142,22.93812,40.62169,0.00000,3.48845E+02,0
1143,22.94050,40.62169,0.00000,3.48845E+02,0
1144,22.94287,40.62169,0.00000,3.48845E+02,0
1145,22.94525,40.62169,0.00000,3.48837E+02,0
1146,22.94763,40.62169,0.00000,3.48333E+02,0
1147,22.95000,40.62169,0.00000,3.39544E+02,0
1148,22.95238,40.62169,0.00000,3.18549E+02,0
1149,22.95476,40.62169,0.00000,3.39192E+02,0
1150,22.95714,40.62169,0.00000,3.09521E+02,0
1151,22.95951,40.62169,0.00000,2.99849E+02,0
1152,22.96189,40.62169,0.00000,3.46544E+02,0
1153,22.96427,40.62169,0.00000,3.58457E+02,0
1154,22.96664,40.62169,0.00000,3.59949E+02,0
1155,22.96902,40.62169,0.00000,3.55667E+02,0
1156,22.97140,40.62169,0.00000,3.49340E+02,0
1157,22.97378,40.62169,0.00000,3.48849E+02,0
1158,22.97615,40.62169,0.00000,3.48845E+02,0
1159,22.97853,40.62169,0.00000,3.48845E+02,0
1160,22.98091,40.62169,0.00000,3.48845E+02,0
1161,22.98328,40.62169,0.00000,3.48845E+02,0
1162,22.98566,40.62169,0.00000,3.48845E+02,0
1163,22.98804,40.62169,0.00000,3.48845E+02,0
1164,22.99041,40.62169,0.00000,3.48845E+02,0
1165,22.99279,40.62169,0.00000,3.48845E+02,0
1166,22.99517,40.62169,0.00000,3.48845E+02,0
1167,22.99755,40.62169,0.00000,3.48845E+02,0
1168,22.99992,40.62169,0.00000,3.48845E+02,0
1169,23.00230,40.62169,0.00000,3.48845E+02,0
1170,22.89771,40.62392,0.00000,3.48845E+02,0
1171,22.90009,40.62392,0.00000,3.48845E+02,0
1172,22.90246,40.62392,0.00000,3.48845E+02,0
1173,22.90484,40.62392,0.00000,3.48845E+02,0
1174,22.90722,40.62392,0.00000,3.48845E+02,0
1175,22.90960,40.62392,0.00000,3.48845E+02,0
1176,22.91197,40.62392,0.00000,3.48845E+02,0
1177,22.91435,40.62392,0.00000,3.48845E+02,0
1178,22.91673,40.62392,0.00000,3.48845E+02,0
1179,22.91910,40.62392,0.00000,3.48845E+02,0
1180,22.92148,40.62392,0.00000,3.48845E+02,0
1181,22.92386,40.62392,0.00000,3.48845E+02,0
1182,22.92623,40.62392,0.00000,3.48845E+02,0
1183,22.92861,40.62392,0.00000,3.48845E+02,0
1184,22.93099,40.62392,0.00000,3.48845E+02,0
1185,22.93337,40.62392,0.00000,3.48845E+02,0
1186,22.93574,40.62392,0.00000,3.48845E+02,0
1187,22.93812,40.62392,0.00000,3.48845E+02,0
1188,22.94050,40.62392,0.00000,3.48845E+02,0
1189,22.94287,40.62392,0.00000,3.48822E+02,0
1190,22.94525,40.62392,0.00000,3.48322E+02,0
1191,22.94763,40.62392,0.00000,3.40627E+02,0
1192,22.95000,40.62392,0.00000,3.03853E+02,0
1193,22.95238,40.62392,0.00000,2.91149E+02,0
1194,22.95476,40.62392,0.00000,3.28102E+02,0
1195,22.95714,40.62392,0.00000,3.24419E+02,0
1196,22.95951,40.62392,0.00000,3.62296E+02,0
1197,22.96189,40.62392,0.00000,3.75591E+02,0
1198,22.96427,40.62392,0.00000,3.73245E+02,0
1199,22.96664,40.62392,0.00000,3.44388E+02,0
1200,22.96902,40.62392,0.00000,3.43995E+02,0
1201,22.97140,40.62392,0.00000,3.48504E+02,0
1202,22.97378,40.62392,0.00000,3.48843E+02,0
1203,22.97615,40.62392,0.00000,3.48845E+02,0
1204,22.97853,40.62392,0.00000,3.48845E+02,0
1205,22.98091,40.62392,0.00000,3.48845E+02,0
1206,22.98328,40.62392,0.00000,3.48845E+02,0
1207,22.98566,40.62392,0.00000,3.48845E+02,0
1208,22.98804,40.62392,0.00000,3.48845E+02,0
1209,22.99041,40.62392,0.00000,3.48845E+02,0
1210,22.99279,40.62392,0.00000,3.48845E+02,0
1211,22.99517,40.62392,0.00000,3.48845E+02,0
1212,22.99755,40.62392,0.00000,3.48845E+02,0
1213,22.99992,40.62392,0.00000,3.48845E+02,0
1214,23.00230,40.62392,0.00000,3.48845E+02,0
1215,22.89771,40.62615,0.00000,3.48845E+02,0
1216,22.90009,40.62615,0.00000,3.48845E+02,0
1217,22.90246,40.62615,0.00000,3.48845E+02,0
1218,22.90484,40.62615,0.00000,3.48845E+02,0
1219,22.90722,40.62615,0.00000,3.48845E+02,0
1220,22.90960,40.62615,0.00000,3.48845E+02,0
1221,22.91197,40.62615,0.00000,3.48845E+02,0
1222,22.91435,40.62615,0.00000,3.48845E+02,0
1223,22.91673,40.62615,0.00000,3.48845E+02,0
1224,22.91910,40.62615,0.00000,3.48845E+02,0
1225,22.92148,40.62615,0.00000,3.48845E+02,0
1226,22.92386,40.62615,0.00000,3.48845E+02,0
1227,22.92623,40.62615,0.00000,3.48845E+02,0
1228,22.92861,40.62615,0.00000,3.48845E+02,0
1229,22.93099,40.62615,0.00000,3.48845E+02,0
1230,22.93337,40.62615,0.00000,3.48845E+02,0
1231,22.93574,40.62615,0.00000,3.48845E+02,0
1232,22.93812,40.62615,0.00000,3.48844E+02,0
1233,22.94050,40.62615,0.00000,3.48744E+02,0
1234,22.94287,40.62615,0.00000,3.46547E+02,0
1235,22.94525,40.62615,0.00000,3.32836E+02,0
1236,22.94763,40.62615,0.00000,3.16465E+02,0
1237,22.95000,40.62615,0.00000,3.00880E+02,0
1238,22.95238,40.62615,0.00000,3.25838E+02,0
1239,22.95476,40.62615,0.00000,3.51665E+02,0
1240,22.95714,40.62615,0.00000,3.61138E+02,0
1241,22.95951,40.62615,0.00000,3.69033E+02,0
1242,22.96189,40.62615,0.00000,3.64856E+02,0
1243,22.96427,40.62615,0.00000,3.83625E+02,0
1244,22.96664,40.62615,0.00000,4.64003E+02,0
1245,22.96902,40.62615,0.00000,4.20070E+02,0
1246,22.97140,40.62615,0.00000,3.53664E+02,0
1247,22.97378,40.62615,0.00000,3.48880E+02,0
1248,22.97615,40.62615,0.00000,3.48845E+02,0
1249,22.97853,40.62615,0.00000,3.48845E+02,0
1250,22.98091,40.62615,0.00000,3.48845E+02,0
1251,22.98328,40.62615,0.00000,3.48845E+02,0
1252,22.98566,40.62615,0.00000,3.48845E+02,0
1253,22.98804,40.62615,0.00000,3.48845E+02,0
1254,22.99041,40.62615,0.00000,3.48845E+02,0
1255,22.99279,40.62615,0.00000,3.48845E+02,0
1256,22.99517,40.62615,0.00000,3.48845E+02,0
1257,22.99755,40.62615,0.00000,3.48845E+02,0
1258,22.99992,40.62615,0.00000,3.48845E+02,0
1259,23.00230,40.62615,0.00000,3.48845E+02,0
1260,22.89771,40.62838,0.00000,3.48845E+02,0
1261,22.90009,40.62838,0.00000,3.48845E+02,0
1262,22.90246,40.62838,0.00000,3.48845E+02,0
1263,22.90484,40.62838,0.00000,3.48845E+02,0
1264,22.90722,40.62838,0.00000,3.48845E+02,0
1265,22.90960,40.62838,0.00000,3.48845E+02,0
1266,22.91197,40.62838,0.00000,3.48845E+02,0
1267,22.91435,40.62838,0.00000,3.48845E+02,0
1268,22.91673,40.62838,0.00000,3.48845E+02,0
1269,22.91910,40.62838,0.00000,3.48845E+02,0
1270,22.92148,40.62838,0.00000,3.48845E+02,0
1271,22.92386,40.62838,0.00000,3.48845E+02,0
1272,22.92623,40.62838,0.00000,3.48845E+02,0
1273,22.92861,40.62838,0.00000,3.48845E+02,0
1274,22.93099,40.62838,0.00000,3.48845E+02,0
1275,22.93337,40.62838,0.00000,3.48845E+02,0
1276,22.93574,40.62838,0.00000,3.48840E+02,0
1277,22.93812,40.62838,0.00000,3.48506E+02,0
1278,22.94050,40.62838,0.00000,3.42408E+02,0
1279,22.94287,40.62838,0.00000,3.13429E+02,0
1280,22.94525,40.62838,0.00000,2.79516E+02,0
1281,22.94763,40.62838,0.00000,2.90029E+02,0
1282,22.95000,40.62838,0.00000,2.99674E+02,0
1283,22.95238,40.62838,0.00000,3.32369E+02,0
1284,22.95476,40.62838,0.00000,3.41710E+02,0
1285,22.95714,40.62838,0.00000,3.56443E+02,0
1286,22.95951,40.62838,0.00000,3.85422E+02,0
1287,22.96189,40.62838,0.00000,3.95024E+02,0
1288,22.96427,40.62838,0.00000,4.17359E+02,0
1289,22.96664,40.62838,0.00000,7.42337E+02,0
1290,22.96902,40.62838,0.00000,5.97174E+02,0
1291,22.97140,40.62838,0.00000,3.65697E+02,0
1292,22.97378,40.62838,0.00000,3.48968E+02,0
1293,22.97615,40.62838,0.00000,3.48845E+02,0
1294,22.97853,40.62838,0.00000,3.48845E+02,0
1295,22.98091,40.62838,0.00000,3.48845E+02,0
1296,22.98328,40.62838,0.00000,3.48845E+02,0
1297,22.98566,40.62838,0.00000,3.48845E+02,0
1298,22.98804,40.62838,0.00000,3.48845E+02,0
1299,22.99041,40.62838,0.00000,3.48845E+02,0
1300,22.99279,40.62838,0.00000,3.48845E+02,0
1301,22.99517,40.62838,0.00000,3.48845E+02,0
1302,22.99755,40.62838,0.00000,3.48845E+02,0
1303,22.99992,40.62838,0.00000,3.48845E+02,0
1304,23.00230,40.62838,0.00000,3.48845E+02,0
1305,22.89771,40.63061,0.00000,3.48845E+02,0
1306,22.90009,40.63061,0.00000,3.48845E+02,0
1307,22.90246,40.63061,0.00000,3.48845E+02,0
1308,22.90484,40.63061,0.00000,3.48845E+02,0
1309,22.90722,40.63061,0.00000,3.48845E+02,0
1310,22.90960,40.63061,0.00000,3.48845E+02,0
1311,22.91197,40.63061,0.00000,3.48845E+02,0
1312,22.91435,40.63061,0.00000,3.48845E+02,0
1313,22.91673,40.63061,0.00000,3.48845E+02,0
1314,22.91910,40.63061,0.00000,3.48845E+02,0
1315,22.92148,40.63061,0.00000,3.48845E+02,0
1316,22.92386,40.63061,0.00000,3.48845E+02,0
1317,22.92623,40.63061,0.00000,3.48845E+02,0
1318,22.92861,40.63061,0.00000,3.48840E+02,0
1319,22.93099,40.63061,0.00000,3.48685E+02,0
1320,22.93337,40.63061,0.00000,3.48114E+02,0
1321,22.93574,40.63061,0.00000,3.47886E+02,0
1322,22.93812,40.63061,0.00000,3.39500E+02,0
1323,22.94050,40.63061,0.00000,2.88279E+02,0
1324,22.94287,40.63061,0.00000,2.40276E+02,0
1325,22.94525,40.63061,0.00000,2.93176E+02,0
1326,22.94763,40.63061,0.00000,3.26397E+02,0
1327,22.95000,40.63061,0.00000,3.45610E+02,0
1328,22.95238,40.63061,0.00000,3.48692E+02,0
1329,22.95476,40.63061,0.00000,3.21597E+02,0
1330,22.95714,40.63061,0.00000,3.66231E+02,0
1331,22.95951,40.63061,0.00000,3.93388E+02,0
1332,22.96189,40.63061,0.00000,4.08364E+02,0
1333,22.96427,40.63061,0.00000,3.64732E+02,0
1334,22.96664,40.63061,0.00000,3.92526E+02,0
1335,22.96902,40.63061,0.00000,3.76329E+02,0
1336,22.97140,40.63061,0.00000,3.50710E+02,0
1337,22.97378,40.63061,0.00000,3.48859E+02,0
1338,22.97615,40.63061,0.00000,3.48845E+02,0
1339,22.97853,40.63061,0.00000,3.48845E+02,0
1340,22.98091,40.63061,0.00000,3.48845E+02,0
1341,22.98328,40.63061,0.00000,3.48845E+02,0
1342,22.98566,40.63061,0.00000,3.48845E+02,0
1343,22.98804,40.63061,0.00000,3.48845E+02,0
1344,22.99041,40.63061,0.00000,3.48845E+02,0
1345,22.99279,40.63061,0.00000,3.48845E+02,0
1346,22.99517,40.63061,0.00000,3.48845E+02,0
1347,22.99755,40.63061,0.00000,3.48845E+02,0
1348,22.99992,40.63061,0.00000,3.48845E+02,0
1349,23.00230,40.63061,0.00000,3.48845E+02,0
1350,22.89771,40.63285,0.00000,3.48845E+02,0
1351,22.90009,40.63285,0.00000,3.48845E+02,0
1352,22.90246,40.63285,0.00000,3.48845E+02,0
1353,22.90484,40.63285,0.00000,3.48845E+02,0
1354,22.90722,40.63285,0.00000,3.48845E+02,0
1355,22.90960,40.63285,0.00000,3.48845E+02,0
1356,22.91197,40.63285,0.00000,3.48845E+02,0
1357,22.91435,40.63285,0.00000,3.48845E+02,0
1358,22.91673,40.63285,0.00000,3.48845E+02,0
1359,22.91910,40.63285,0.00000,3.48845E+02,0
1360,22.92148,40.63285,0.00000,3.48845E+02,0
1361,22.92386,40.63285,0.00000,3.48845E+02,0
1362,22.92623,40.63285,0.00000,3.48823E+02,0
1363,22.92861,40.63285,0.00000,3.47929E+02,0
1364,22.93099,40.63285,0.00000,3.38104E+02,0
1365,22.93337,40.63285,0.00000,3.14690E+02,0
1366,22.93574,40.63285,0.00000,3.16599E+02,0
1367,22.93812,40.63285,0.00000,2.85880E+02,0
1368,22.94050,40.63285,0.00000,2.53531E+02,0
1369,22.94287,40.63285,0.00000,2.62519E+02,0
1370,22.94525,40.63285,0.00000,3.18608E+02,0
1371,22.94763,40.63285,0.00000,3.30762E+02,0
1372,22.95000,40.63285,0.00000,3.51736E+02,0
1373,22.95238,40.63285,0.00000,3.66061E+02,0
1374,22.95476,40.63285,0.00000,3.92962E+02,0
1375,22.95714,40.63285,0.00000,4.49556E+02,0
1376,22.95951,40.63285,0.00000,3.73319E+02,0
1377,22.96189,40.63285,0.00000,3.51393E+02,0
1378,22.96427,40.63285,0.00000,3.49226E+02,0
1379,22.96664,40.63285,0.00000,3.49015E+02,0
1380,22.96902,40.63285,0.00000,3.48949E+02,0
1381,22.97140,40.63285,0.00000,3.48852E+02,0
1382,22.97378,40.63285,0.00000,3.48845E+02,0
1383,22.97615,40.63285,0.00000,3.48845E+02,0
1384,22.97853,40.63285,0.00000,3.48845E+02,0
1385,22.98091,40.63285,0.00000,3.48845E+02,0
1386,22.98328,40.63285,0.00000,3.48845E+02,0
1387,22.98566,40.63285,0.00000,3.48845E+02,0
1388,22.98804,40.63285,0.00000,3.48845E+02,0
1389,22.99041,40.63285,0.00000,3.48845E+02,0
1390,22.99279,40.63285,0.00000,3.48845E+02,0
1391,22.99517,40.63285,0.00000,3.48845E+02,0
1392,22.99755,40.63285,0.00000,3.48845E+02,0
1393,22.99992,40.63285,0.00000,3.48845E+02,0
1394,23.00230,40.63285,0.00000,3.48845E+02,0
1395,22.89771,40.63508,0.00000,3.48845E+02,0
1396,22.90009,40.63508,0.00000,3.48845E+02,0
1397,22.90246,40.63508,0.00000,3.48845E+02,0
1398,22.90484,40.63508,0.00000,3.48845E+02,0
1399,22.90722,40.63508,0.00000,3.48845E+02,0
1400,22.90960,40.63508,0.00000,3.48845E+02,0
1401,22.91197,40.63508,0.00000,3.48845E+02,0
1402,22.91435,40.63508,0.00000,3.48845E+02,0
1403,22.91673,40.63508,0.00000,3.48845E+02,0
1404,22.91910,40.63508,0.00000,3.48845E+02,0
1405,22.92148,40.63508,0.00000,3.48845E+02,0
1406,22.92386,40.63508,0.00000,3.48775E+02,0
1407,22.92623,40.63508,0.00000,3.46584E+02,0
1408,22.92861,40.63508,0.00000,3.24708E+02,0
1409,22.93099,40.63508,0.00000,2.59096E+02,0
1410,22.93337,40.63508,0.00000,2.33374E+02,0
1411,22.93574,40.63508,0.00000,2.50928E+02,0
1412,22.93812,40.63508,0.00000,2.50800E+02,0
1413,22.94050,40.63508,0.00000,2.70403E+02,0
1414,22.94287,40.63508,0.00000,2.72628E+02,0
1415,22.94525,40.63508,0.00000,3.21943E+02,0
1416,22.94763,40.63508,0.00000,3.07365E+02,0
1417,22.95000,40.63508,0.00000,4.17738E+02,0
1418,22.95238,40.63508,0.00000,5.53079E+02,0
1419,22.95476,40.63508,0.00000,4.48474E+02,0
1420,22.95714,40.63508,0.00000,3.76712E+02,0
1421,22.95951,40.63508,0.00000,3.53262E+02,0
1422,22.96189,40.63508,0.00000,3.48952E+02,0
1423,22.96427,40.63508,0.00000,3.48846E+02,0
1424,22.96664,40.63508,0.00000,3.48845E+02,0
1425,22.96902,40.63508,0.00000,3.48845E+02,0
1426,22.97140,40.63508,0.00000,3.48845E+02,0
1427,22.97378,40.63508,0.00000,3.48845E+02,0
1428,22.97615,40.63508,0.00000,3.48845E+02,0
1429,22.97853,40.63508,0.00000,3.48845E+02,0
1430,22.98091,40.63508,0.00000,3.48845E+02,0
1431,22.98328,40.63508,0.00000,3.48845E+02,0
1432,22.98566,40.63508,0.00000,3.48845E+02,0
1433,22.98804,40.63508,0.00000,3.48845E+02,0
1434,22.99041,40.63508,0.00000,3.48845E+02,0
1435,22.99279,40.63508,0.00000,3.48845E+02,0
1436,22.99517,40.63508,0.00000,3.48845E+02,0
1437,22.99755,40.63508,0.00000,3.48845E+02,0
1438,22.99992,40.63508,0.00000,3.48845E+02,0
1439,23.00230,40.63508,0.00000,3.48845E+02,0
1440,22.89771,40.63731,0.00000,3.48845E+02,0
1441,22.90009,40.63731,0.00000,3.48845E+02,0
1442,22.90246,40.63731,0.00000,3.48845E+02,0
1443,22.90484,40.63731,0.00000,3.48845E+02,0
1444,22.90722,40.63731,0.00000,3.48845E+02,0
1445,22.90960,40.63731,0.00000,3.48845E+02,0
1446,22.91197,40.63731,0.00000,3.48845E+02,0
1447,22.91435,40.63731,0.00000,3.48845E+02,0
1448,22.91673,40.63731,0.00000,3.48845E+02,0
1449,22.91910,40.63731,0.00000,3.48845E+02,0
1450,22.92148,40.63731,0.00000,3.48792E+02,0
1451,22.92386,40.63731,0.00000,3.45468E+02,0
1452,22.92623,40.63731,0.00000,3.08787E+02,0
1453,22.92861,40.63731,0.00000,2.34892E+02,0
1454,22.93099,40.63731,0.00000,2.17521E+02,0
1455,22.93337,40.63731,0.00000,2.16452E+02,0
1456,22.93574,40.63731,0.00000,2.66776E+02,0
1457,22.93812,40.63731,0.00000,2.57238E+02,0
1458,22.94050,40.63731,0.00000,3.00928E+02,0
1459,22.94287,40.63731,0.00000,3.45237E+02,0
1460,22.94525,40.63731,0.00000,4.19600E+02,0
1461,22.94763,40.63731,0.00000,4.56171E+02,0
1462,22.95000,40.63731,0.00000,7.40010E+02,0
1463,22.95238,40.63731,0.00000,6.56644E+02,0
1464,22.95476,40.63731,0.00000,4.04262E+02,0
1465,22.95714,40.63731,0.00000,3.51369E+02,0
1466,22.95951,40.63731,0.00000,3.48894E+02,0
1467,22.96189,40.63731,0.00000,3.48846E+02,0
1468,22.96427,40.63731,0.00000,3.48845E+02,0
1469,22.96664,40.63731,0.00000,3.48845E+02,0
1470,22.96902,40.63731,0.00000,3.48845E+02,0
1471,22.97140,40.63731,0.00000,3.48845E+02,0
1472,22.97378,40.63731,0.00000,3.48845E+02,0
1473,22.97615,40.63731,0.00000,3.48845E+02,0
1474,22.97853,40.63731,0.00000,3.48845E+02,0
1475,22.98091,40.63731,0.00000,3.48845E+02,0
1476,22.98328,40.63731,0.00000,3.48845E+02,0
1477,22.98566,40.63731,0.00000,3.48845E+02,0
1478,22.98804,40.63731,0.00000,3.48845E+02,0
1479,22.99041,40.63731,0.00000,3.48845E+02,0
1480,22.99279,40.63731,0.00000,3.48845E+02,0
1481,22.99517,40.63731,0.00000,3.48845E+02,0
1482,22.99755,40.63731,0.00000,3.48845E+02,0
1483,22.99992,40.63731,0.00000,3.48845E+02,0
1484,23.00230,40.63731,0.00000,3.48845E+02,0
1485,22.89771,40.63954,0.00000,3.48845E+02,0
1486,22.90009,40.63954,0.00000,3.48845E+02,0
1487,22.90246,40.63954,0.00000,3.48845E+02,0
1488,22.90484,40.63954,0.00000,3.48845E+02,0
1489,22.90722,40.63954,0.00000,3.48845E+02,0
1490,22.90960,40.63954,0.00000,3.48845E+02,0
1491,22.91197,40.63954,0.00000,3.48845E+02,0
1492,22.91435,40.63954,0.00000,3.48845E+02,0
1493,22.91673,40.63954,0.00000,3.48843E+02,0
1494,22.91910,40.63954,0.00000,3.48752E+02,0
1495,22.92148,40.63954,0.00000,3.47427E+02,0
1496,22.92386,40.63954,0.00000,3.35113E+02,0
1497,22.92623,40.63954,0.00000,2.70427E+02,0
1498,22.92861,40.63954,0.00000,2.37057E+02,0
1499,22.93099,40.63954,0.00000,2.77855E+02,0
1500,22.93337,40.63954,0.00000,2.92769E+02,0
1501,22.93574,40.63954,0.00000,3.37468E+02,0
1502,22.93812,40.63954,0.00000,2.91711E+02,0
1503,22.94050,40.63954,0.00000,4.12888E+02,0
1504,22.94287,40.63954,0.00000,5.08606E+02,0
1505,22.94525,40.63954,0.00000,4.20158E+02,0
1506,22.94763,40.63954,0.00000,3.88875E+02,0
1507,22.95000,40.63954,0.00000,4.45720E+02,0
1508,22.95238,40.63954,0.00000,4.01672E+02,0
1509,22.95476,40.63954,0.00000,3.52680E+02,0
1510,22.95714,40.63954,0.00000,3.48905E+02,0
1511,22.95951,40.63954,0.00000,3.48845E+02,0
1512,22.96189,40.63954,0.00000,3.48845E+02,0
1513,22.96427,40.63954,0.00000,3.48845E+02,0
1514,22.96664,40.63954,0.00000,3.48845E+02,0
1515,22.96902,40.63954,0.00000,3.48845E+02,0
1516,22.97140,40.63954,0.00000,3.48845E+02,0
1517,22.97378,40.63954,0.00000,3.48845E+02,0
1518,22.97615,40.63954,0.00000,3.48845E+02,0
1519,22.97853,40.63954,0.00000,3.48845E+02,0
1520,22.98091,40.63954,0.00000,3.48845E+02,0
1521,22.98328,40.63954,0.00000,3.48845E+02,0
1522,22.98566,40.63954,0.00000,3.48845E+02,0
1523,22.98804,40.63954,0.00000,3.48845E+02,0
1524,22.99041,40.63954,0.00000,3.48845E+02,0
1525,22.99279,40.63954,0.00000,3.48845E+02,0
1526,22.99517,40.63954,0.00000,3.48845E+02,0
1527,22.99755,40.63954,0.00000,3.48845E+02,0
1528,22.99992,40.63954,0.00000,3.48845E+02,0
1529,23.00230,40.63954,0.00000,3.48845E+02,0
1530,22.89771,40.64177,0.00000,3.48845E+02,0
1531,22.90009,40.64177,0.00000,3.48845E+02,0
1532,22.90246,40.64177,0.00000,3.48845E+02,0
1533,22.90484,40.64177,0.00000,3.48845E+02,0
1534,22.90722,40.64177,0.00000,3.48845E+02,0
1535,22.90960,40.64177,0.00000,3.48845E+02,0
1536,22.91197,40.64177,0.00000,3.48845E+02,0
1537,22.91435,40.64177,0.00000,3.48844E+02,0
1538,22.91673,40.64177,0.00000,3.48662E+02,0
1539,22.91910,40.64177,0.00000,3.44537E+02,0
1540,22.92148,40.64177,0.00000,3.31208E+02,0
1541,22.92386,40.64177,0.00000,3.13737E+02,0
1542,22.92623,40.64177,0.00000,3.12146E+02,0
1543,22.92861,40.64177,0.00000,3.17231E+02,0
1544,22.93099,40.64177,0.00000,3.25129E+02,0
1545,22.93337,40.64177,0.00000,3.30573E+02,0
1546,22.93574,40.64177,0.00000,3.30017E+02,0
1547,22.93812,40.64177,0.00000,4.24208E+02,0
1548,22.94050,40.64177,0.00000,6.59047E+02,0
1549,22.94287,40.64177,0.00000,5.30421E+02,0
1550,22.94525,40.64177,0.00000,3.73890E+02,0
1551,22.94763,40.64177,0.00000,3.49852E+02,0
1552,22.95000,40.64177,0.00000,3.49659E+02,0
1553,22.95238,40.64177,0.00000,3.49269E+02,0
1554,22.95476,40.64177,0.00000,3.48870E+02,0
1555,22.95714,40.64177,0.00000,3.48845E+02,0
1556,22.95951,40.64177,0.00000,3.48845E+02,0
1557,22.96189,40.64177,0.00000,3.48845E+02,0
1558,22.96427,40.64177,0.00000,3.48845E+02,0
1559,22.96664,40.64177,0.00000,3.48845E+02,0
1560,22.96902,40.64177,0.00000,3.48845E+02,0
1561,22.97140,40.64177,0.00000,3.48845E+02,0
1562,22.97378,40.64177,0.00000,3.48845E+02,0
1563,22.97615,40.64177,0.00000,3.48845E+02,0
1564,22.97853,40.64177,0.00000,3.48845E+02,0
1565,22.98091,40.64177,0.00000,3.48845E+02,0
1566,22.98328,40.64177,0.00000,3.48845E+02,0
1567,22.98566,40.64177,0.00000,3.48845E+02,0
1568,22.98804,40.64177,0.00000,3.48845E+02,0
1569,22.99041,40.64177,0.00000,3.48845E+02,0
1570,22.99279,40.64177,0.00000,3.48845E+02,0
1571,22.99517,40.64177,0.00000,3.48845E+02,0
1572,22.99755,40.64177,0.00000,3.48845E+02,0
1573,22.99992,40.64177,0.00000,3.48845E+02,0
1574,23.00230,40.64177,0.00000,3.48845E+02,0
1575,22.89771,40.64400,0.00000,3.48845E+02,0
1576,22.90009,40.64400,0.00000,3.48845E+02,0
1577,22.90246,40.64400,0.00000,3.48845E+02,0
1578,22.90484,40.64400,0.00000,3.48845E+02,0
1579,22.90722,40.64400,0.00000,3.48845E+02,0
1580,22.90960,40.64400,0.00000,3.48845E+02,0
1581,22.91197,40.64400,0.00000,3.48845E+02,0
1582,22.91435,40.64400,0.00000,3.48842E+02,0
1583,22.91673,40.64400,0.00000,3.48222E+02,0
1584,22.91910,40.64400,0.00000,3.35362E+02,0
1585,22.92148,40.64400,0.00000,3.11900E+02,0
1586,22.92386,40.64400,0.00000,2.86323E+02,0
1587,22.92623,40.64400,0.00000,2.77672E+02,0
1588,22.92861,40.64400,0.00000,3.26201E+02,0
1589,22.93099,40.64400,0.00000,3.55880E+02,0
1590,22.93337,40.64400,0.00000,4.21498E+02,0
1591,22.93574,40.64400,0.00000,3.83737E+02,0
1592,22.93812,40.64400,0.00000,3.93138E+02,0
1593,22.94050,40.64400,0.00000,4.36783E+02,0
1594,22.94287,40.64400,0.00000,3.70953E+02,0
1595,22.94525,40.64400,0.00000,3.49947E+02,0
1596,22.94763,40.64400,0.00000,3.48859E+02,0
1597,22.95000,40.64400,0.00000,3.48845E+02,0
1598,22.95238,40.64400,0.00000,3.48845E+02,0
1599,22.95476,40.64400,0.00000,3.48845E+02,0
1600,22.95714,40.64400,0.00000,3.48845E+02,0
1601,22.95951,40.64400,0.00000,3.48845E+02,0
1602,22.96189,40.64400,0.00000,3.48845E+02,0
1603,22.96427,40.64400,0.00000,3.48845E+02,0
1604,22.96664,40.64400,0.00000,3.48845E+02,0
1605,22.96902,40.64400,0.00000,3.48845E+02,0
1606,22.97140,40.64400,0.00000,3.48845E+02,0
1607,22.97378,40.64400,0.00000,3.48845E+02,0
1608,22.97615,40.64400,0.00000,3.48845E+02,0
1609,22.97853,40.64400,0.00000,3.48845E+02,0
1610,22.98091,40.64400,0.00000,3.48845E+02,0
1611,22.98328,40.64400,0.00000,3.48845E+02,0
1612,22.98566,40.64400,0.00000,3.48845E+02,0
1613,22.98804,40.64400,0.00000,3.48845E+02,0
1614,22.99041,40.64400,0.00000,3.48845E+02,0
1615,22.99279,40.64400,0.00000,3.48845E+02,0
1616,22.99517,40.64400,0.00000,3.48845E+02,0
1617,22.99755,40.64400,0.00000,3.48845E+02,0
1618,22.99992,40.64400,0.00000,3.48845E+02,0
1619,23.00230,40.64400,0.00000,3.48845E+02,0
1620,22.89771,40.64623,0.00000,3.48845E+02,0
1621,22.90009,40.64623,0.00000,3.48845E+02,0
1622,22.90246,40.64623,0.00000,3.48845E+02,0
1623,22.90484,40.64623,0.00000,3.48845E+02,0
1624,22.90722,40.64623,0.00000,3.48845E+02,0
1625,22.90960,40.64623,0.00000,3.48845E+02,0
1626,22.91197,40.64623,0.00000,3.48845E+02,0
1627,22.91435,40.64623,0.00000,3.48842E+02,0
1628,22.91673,40.64623,0.00000,3.48308E+02,0
1629,22.91910,40.64623,0.00000,3.37696E+02,0
1630,22.92148,40.64623,0.00000,3.23874E+02,0
1631,22.92386,40.64623,0.00000,3.42855E+02,0
1632,22.92623,40.64623,0.00000,3.52798E+02,0
1633,22.92861,40.64623,0.00000,3.82428E+02,0
1634,22.93099,40.64623,0.00000,4.86733E+02,0
1635,22.93337,40.64623,0.00000,8.19956E+02,0
1636,22.93574,40.64623,0.00000,5.55808E+02,0
1637,22.93812,40.64623,0.00000,3.59216E+02,0
1638,22.94050,40.64623,0.00000,3.49931E+02,0
1639,22.94287,40.64623,0.00000,3.49066E+02,0
1640,22.94525,40.64623,0.00000,3.48851E+02,0
1641,22.94763,40.64623,0.00000,3.48845E+02,0
1642,22.95000,40.64623,0.00000,3.48845E+02,0
1643,22.95238,40.64623,0.00000,3.48845E+02,0
1644,22.95476,40.64623,0.00000,3.48845E+02,0
1645,22.95714,40.64623,0.00000,3.48845E+02,0
1646,22.95951,40.64623,0.00000,3.48845E+02,0
1647,22.96189,40.64623,0.00000,3.48845E+02,0
1648,22.96427,40.64623,0.00000,3.48845E+02,0
1649,22.96664,40.64623,0.00000,3.48845E+02,0
1650,22.96902,40.64623,0.00000,3.48845E+02,0
1651,22.97140,40.64623,0.00000,3.48845E+02,0
1652,22.97378,40.64623,0.00000,3.48845E+02,0
1653,22.97615,40.64623,0.00000,3.48845E+02,0
1654,22.97853,40.64623,0.00000,3.48845E+02,0
1655,22.98091,40.64623,0.00000,3.48845E+02,0
1656,22.98328,40.64623,0.00000,3.48845E+02,0
1657,22.98566,40.64623,0.00000,3.48845E+02,0
1658,22.98804,40.64623,0.00000,3.48845E+02,0
1659,22.99041,40.64623,0.00000,3.48845E+02,0
1660,22.99279,40.64623,0.00000,3.48845E+02,0
1661,22.99517,40.64623,0.00000,3.48845E+02,0
1662,22.99755,40.64623,0.00000,3.48845E+02,0
1663,22.99992,40.64623,0.00000,3.48845E+02,0
1664,23.00230,40.64623,0.00000,3.48845E+02,0
1665,22.89771,40.64846,0.00000,3.48845E+02,0
1666,22.90009,40.64846,0.00000,3.48845E+02,0
1667,22.90246,40.64846,0.00000,3.48845E+02,0
1668,22.90484,40.64846,0.00000,3.48845E+02,0
1669,22.90722,40.64846,0.00000,3.48845E+02,0
1670,22.90960,40.64846,0.00000,3.48845E+02,0
1671,22.91197,40.64846,0.00000,3.48845E+02,0
1672,22.91435,40.64846,0.00000,3.48844E+02,0
1673,22.91673,40.64846,0.00000,3.48572E+02,0
1674,22.91910,40.64846,0.00000,3.43243E+02,0
1675,22.92148,40.64846,0.00000,3.36672E+02,0
1676,22.92386,40.64846,0.00000,3.49206E+02,0
1677,22.92623,40.64846,0.00000,3.77141E+02,0
1678,22.92861,40.64846,0.00000,5.18563E+02,0
1679,22.93099,40.64846,0.00000,5.33475E+02,0
1680,22.93337,40.64846,0.00000,6.09300E+02,0
1681,22.93574,40.64846,0.00000,4.59425E+02,0
1682,22.93812,40.64846,0.00000,3.54098E+02,0
1683,22.94050,40.64846,0.00000,3.48873E+02,0
1684,22.94287,40.64846,0.00000,3.48845E+02,0
1685,22.94525,40.64846,0.00000,3.48845E+02,0
1686,22.94763,40.64846,0.00000,3.48845E+02,0
1687,22.95000,40.64846,0.00000,3.48845E+02,0
1688,22.95238,40.64846,0.00000,3.48845E+02,0
1689,22.95476,40.64846,0.00000,3.48845E+02,0
1690,22.95714,40.64846,0.00000,3.48845E+02,0
1691,22.95951,40.64846,0.00000,3.48845E+02,0
1692,22.96189,40.64846,0.00000,3.48845E+02,0
1693,22.96427,40.64846,0.00000,3.48845E+02,0
1694,22.96664,40.64846,0.00000,3.48845E+02,0
1695,22.96902,40.64846,0.00000,3.48845E+02,0
1696,22.97140,40.64846,0.00000,3.48845E+02,0
1697,22.97378,40.64846,0.00000,3.48845E+02,0
1698,22.97615,40.64846,0.00000,3.48845E+02,0
1699,22.97853,40.64846,0.00000,3.48845E+02,0
1700,22.98091,40.64846,0.00000,3.48845E+02,0
1701,22.98328,40.64846,0.00000,3.48845E+02,0
1702,22.98566,40.64846,0.00000,3.48845E+02,0
1703,22.98804,40.64846,0.00000,3.48845E+02,0
1704,22.99041,40.64846,0.00000,3.48845E+02,0
1705,22.99279,40.64846,0.00000,3.48845E+02,0
1706,22.99517,40.64846,0.00000,3.48845E+02,0
1707,22.99755,40.64846,0.00000,3.48845E+02,0
1708,22.99992,40.64846,0.00000,3.48845E+02,0
1709,23.00230,40.64846,0.00000,3.48845E+02,0
1710,22.89771,40.65069,0.00000,3.48845E+02,0
1711,22.90009,40.65069,0.00000,3.48845E+02,0
1712,22.90246,40.65069,0.00000,3.48845E+02,0
1713,22.90484,40.65069,0.00000,3.48845E+02,0
1714,22.90722,40.65069,0.00000,3.48845E+02,0
1715,22.90960,40.65069,0.00000,3.48845E+02,0
1716,22.91197,40.65069,0.00000,3.48845E+02,0
1717,22.91435,40.65069,0.00000,3.48845E+02,0
1718,22.91673,40.65069,0.00000,3.48744E+02,0
1719,22.91910,40.65069,0.00000,3.46815E+02,0
1720,22.92148,40.65069,0.00000,3.44476E+02,0
1721,22.92386,40.65069,0.00000,3.48653E+02,0
1722,22.92623,40.65069,0.00000,3.97688E+02,0
1723,22.92861,40.65069,0.00000,6.80751E+02,0
1724,22.93099,40.65069,0.00000,5.93375E+02,0
1725,22.93337,40.65069,0.00000,3.72719E+02,0
1726,22.93574,40.65069,0.00000,3.51046E+02,0
1727,22.93812,40.65069,0.00000,3.48942E+02,0
1728,22.94050,40.65069,0.00000,3.48846E+02,0
1729,22.94287,40.65069,0.00000,3.48845E+02,0
1730,22.94525,40.65069,0.00000,3.48845E+02,0
1731,22.94763,40.65069,0.00000,3.48845E+02,0
1732,22.95000,40.65069,0.00000,3.48845E+02,0
1733,22.95238,40.65069,0.00000,3.48845E+02,0
1734,22.95476,40.65069,0.00000,3.48845E+02,0
1735,22.95714,40.65069,0.00000,3.48845E+02,0
1736,22.95951,40.65069,0.00000,3.48845E+02,0
1737,22.96189,40.65069,0.00000,3.48845E+02,0
1738,22.96427,40.65069,0.00000,3.48845E+02,0
1739,22.96664,40.65069,0.00000,3.48845E+02,0
1740,22.96902,40.65069,0.00000,3.48845E+02,0
1741,22.97140,40.65069,0.00000,3.48845E+02,0
1742,22.97378,40.65069,0.00000,3.48845E+02,0
1743,22.97615,40.65069,0.00000,3.48845E+02,0
1744,22.97853,40.65069,0.00000,3.48845E+02,0
1745,22.98091,40.65069,0.00000,3.48845E+02,0
1746,22.98328,40.65069,0.00000,3.48845E+02,0
1747,22.98566,40.65069,0.00000,3.48845E+02,0
1748,22.98804,40.65069,0.00000,3.48845E+02,0
1749,22.99041,40.65069,0.00000,3.48845E+02,0
1750,22.99279,40.65069,0.00000,3.48845E+02,0
1751,22.99517,40.65069,0.00000,3.48845E+02,0
1752,22.99755,40.65069,0.00000,3.48845E+02,0
1753,22.99992,40.65069,0.00000,3.48845E+02,0
1754,23.00230,40.65069,0.00000,3.48845E+02,0
1755,22.89771,40.65292,0.00000,3.48845E+02,0
1756,22.90009,40.65292,0.00000,3.48845E+02,0
1757,22.90246,40.65292,0.00000,3.48845E+02,0
1758,22.90484,40.65292,0.00000,3.48845E+02,0
1759,22.90722,40.65292,0.00000,3.48845E+02,0
1760,22.90960,40.65292,0.00000,3.48845E+02,0
1761,22.91197,40.65292,0.00000,3.48845E+02,0
1762,22.91435,40.65292,0.00000,3.48845E+02,0
1763,22.91673,40.65292,0.00000,3.48838E+02,0
1764,22.91910,40.65292,0.00000,3.48712E+02,0
1765,22.92148,40.65292,0.00000,3.48558E+02,0
1766,22.92386,40.65292,0.00000,3.48836E+02,0
1767,22.92623,40.65292,0.00000,3.52469E+02,0
1768,22.92861,40.65292,0.00000,3.73499E+02,0
1769,22.93099,40.65292,0.00000,3.66927E+02,0
1770,22.93337,40.65292,0.00000,3.50278E+02,0
1771,22.93574,40.65292,0.00000,3.48859E+02,0
1772,22.93812,40.65292,0.00000,3.48845E+02,0
1773,22.94050,40.65292,0.00000,3.48845E+02,0
1774,22.94287,40.65292,0.00000,3.48845E+02,0
1775,22.94525,40.65292,0.00000,3.48845E+02,0
1776,22.94763,40.65292,0.00000,3.48845E+02,0
1777,22.95000,40.65292,0.00000,3.48845E+02,0
1778,22.95238,40.65292,0.00000,3.48845E+02,0
1779,22.95476,40.65292,0.00000,3.48845E+02,0
1780,22.95714,40.65292,0.00000,3.48845E+02,0
1781,22.95951,40.65292,0.00000,3.48845E+02,0
1782,22.96189,40.65292,0.00000,3.48845E+02,0
1783,22.96427,40.65292,0.00000,3.48845E+02,0
1784,22.96664,40.65292,0.00000,3.48845E+02,0
1785,22.96902,40.65292,0.00000,3.48845E+02,0
1786,22.97140,40.65292,0.00000,3.48845E+02,0
1787,22.97378,40.65292,0.00000,3.48845E+02,0
1788,22.97615,40.65292,0.00000,3.48845E+02,0
1789,22.97853,40.65292,0.00000,3.48845E+02,0
1790,22.98091,40.65292,0.00000,3.48845E+02,0
1791,22.98328,40.65292,0.00000,3.48845E+02,0
1792,22.98566,40.65292,0.00000,3.48845E+02,0
1793,22.98804,40.65292,0.00000,3.48845E+02,0
1794,22.99041,40.65292,0.00000,3.48845E+02,0
1795,22.99279,40.65292,0.00000,3.48845E+02,0
1796,22.99517,40.65292,0.00000,3.48845E+02,0
1797,22.99755,40.65292,0.00000,3.48845E+02,0
1798,22.99992,40.65292,0.00000,3.48845E+02,0
1799,23.00230,40.65292,0.00000,3.48845E+02,0
1800,22.89771,40.65515,0.00000,3.48845E+02,0
1801,22.90009,40.65515,0.00000,3.48845E+02,0
1802,22.90246,40.65515,0.00000,3.48845E+02,0
1803,22.90484,40.65515,0.00000,3.48845E+02,0
1804,22.90722,40.65515,0.00000,3.48845E+02,0
1805,22.90960,40.65515,0.00000,3.48845E+02,0
1806,22.91197,40.65515,0.00000,3.48845E+02,0
1807,22.91435,40.65515,0.00000,3.48845E+02,0
1808,22.91673,40.65515,0.00000,3.48845E+02,0
1809,22.91910,40.65515,0.00000,3.48845E+02,0
1810,22.92148,40.65515,0.00000,3.48845E+02,0
1811,22.92386,40.65515,0.00000,3.48845E+02,0
1812,22.92623,40.65515,0.00000,3.48854E+02,0
1813,22.92861,40.65515,0.00000,3.48908E+02,0
1814,22.93099,40.65515,0.00000,3.48891E+02,0
1815,22.93337,40.65515,0.00000,3.48849E+02,0
1816,22.93574,40.65515,0.00000,3.48845E+02,0
1817,22.93812,40.65515,0.00000,3.48845E+02,0
1818,22.94050,40.65515,0.00000,3.48845E+02,0
1819,22.94287,40.65515,0.00000,3.48845E+02,0
1820,22.94525,40.65515,0.00000,3.48845E+02,0
1821,22.94763,40.65515,0.00000,3.48845E+02,0
1822,22.95000,40.65515,0.00000,3.48845E+02,0
1823,22.95238,40.65515,0.00000,3.48845E+02,0
1824,22.95476,40.65515,0.00000,3.48845E+02,0
1825,22.95714,40.65515,0.00000,3.48845E+02,0
1826,22.95951,40.65515,0.00000,3.48845E+02,0
1827,22.96189,40.65515,0.00000,3.48845E+02,0
1828,22.96427,40.65515,0.00000,3.48845E+02,0
1829,22.96664,40.65515,0.00000,3.48845E+02,0
1830,22.96902,40.65515,0.00000,3.48845E+02,0
1831,22.97140,40.65515,0.00000,3.48845E+02,0
1832,22.97378,40.65515,0.00000,3.48845E+02,0
1833,22.97615,40.65515,0.00000,3.48845E+02,0
1834,22.97853,40.65515,0.00000,3.48845E+02,0
1835,22.98091,40.65515,0.00000,3.48845E+02,0
1836,22.98328,40.65515,0.00000,3.48845E+02,0
1837,22.98566,40.65515,0.00000,3.48845E+02,0
1838,22.98804,40.65515,0.00000,3.48845E+02,0
1839,22.99041,40.65515,0.00000,3.48845E+02,0
1840,22.99279,40.65515,0.00000,3.48845E+02,0
1841,22.99517,40.65515,0.00000,3.48845E+02,0
1842,22.99755,40.65515,0.00000,3.48845E+02,0
1843,22.99992,40.65515,0.00000,3.48845E+02,0
1844,23.00230,40.65515,0.00000,3.48845E+02,0
1845,22.89771,40.65738,0.00000,3.48845E+02,0
1846,22.90009,40.65738,0.00000,3.48845E+02,0
1847,22.90246,40.65738,0.00000,3.48845E+02,0
1848,22.90484,40.65738,0.00000,3.48845E+02,0
1849,22.90722,40.65738,0.00000,3.48845E+02,0
1850,22.90960,40.65738,0.00000,3.48845E+02,0
1851,22.91197,40.65738,0.00000,3.48845E+02,0
1852,22.91435,40.65738,0.00000,3.48845E+02,0
1853,22.91673,40.65738,0.00000,3.48845E+02,0
1854,22.91910,40.65738,0.00000,3.48845E+02,0
1855,22.92148,40.65738,0.00000,3.48845E+02,0
1856,22.92386,40.65738,0.00000,3.48845E+02,0
1857,22.92623,40.65738,0.00000,3.48845E+02,0
1858,22.92861,40.65738,0.00000,3.48845E+02,0
1859,22.93099,40.65738,0.00000,3.48845E+02,0
1860,22.93337,40.65738,0.00000,3.48845E+02,0
1861,22.93574,40.65738,0.00000,3.48845E+02,0
1862,22.93812,40.65738,0.00000,3.48845E+02,0
1863,22.94050,40.65738,0.00000,3.48845E+02,0
1864,22.94287,40.65738,0.00000,3.48845E+02,0
1865,22.94525,40.65738,0.00000,3.48845E+02,0
1866,22.94763,40.65738,0.00000,3.48845E+02,0
1867,22.95000,40.65738,0.00000,3.48845E+02,0
1868,22.95238,40.65738,0.00000,3.48845E+02,0
1869,22.95476,40.65738,0.00000,3.48845E+02,0
1870,22.95714,40.65738,0.00000,3.48845E+02,0
1871,22.95951,40.65738,0.00000,3.48845E+02,0
1872,22.96189,40.65738,0.00000,3.48845E+02,0
1873,22.96427,40.65738,0.00000,3.48845E+02,0
1874,22.96664,40.65738,0.00000,3.48845E+02,0
1875,22.96902,40.65738,0.00000,3.48845E+02,0
1876,22.97140,40.65738,0.00000,3.48845E+02,0
1877,22.97378,40.65738,0.00000,3.48845E+02,0
1878,22.97615,40.65738,0.00000,3.48845E+02,0
1879,22.97853,40.65738,0.00000,3.48845E+02,0
1880,22.98091,40.65738,0.00000,3.48845E+02,0
1881,22.98328,40.65738,0.00000,3.48845E+02,0
1882,22.98566,40.65738,0.00000,3.48845E+02,0
1883,22.98804,40.65738,0.00000,3.48845E+02,0
1884,22.99041,40.65738,0.00000,3.48845E+02,0
1885,22.99279,40.65738,0.00000,3.48845E+02,0
1886,22.99517,40.65738,0.00000,3.48845E+02,0
1887,22.99755,40.65738,0.00000,3.48845E+02,0
1888,22.99992,40.65738,0.00000,3.48845E+02,0
1889,23.00230,40.65738,0.00000,3.48845E+02,0
1890,22.89771,40.65961,0.00000,3.48845E+02,0
1891,22.90009,40.65961,0.00000,3.48845E+02,0
1892,22.90246,40.65961,0.00000,3.48845E+02,0
1893,22.90484,40.65961,0.00000,3.48845E+02,0
1894,22.90722,40.65961,0.00000,3.48845E+02,0
1895,22.90960,40.65961,0.00000,3.48845E+02,0
1896,22.91197,40.65961,0.00000,3.48845E+02,0
1897,22.91435,40.65961,0.00000,3.48845E+02,0
1898,22.91673,40.65961,0.00000,3.48845E+02,0
1899,22.91910,40.65961,0.00000,3.48845E+02,0
1900,22.92148,40.65961,0.00000,3.48845E+02,0
1901,22.92386,40.65961,0.00000,3.48845E+02,0
1902,22.92623,40.65961,0.00000,3.48845E+02,0
1903,22.92861,40.65961,0.00000,3.48845E+02,0
1904,22.93099,40.65961,0.00000,3.48845E+02,0
1905,22.93337,40.65961,0.00000,3.48845E+02,0
1906,22.93574,40.65961,0.00000,3.48845E+02,0
1907,22.93812,40.65961,0.00000,3.48845E+02,0
1908,22.94050,40.65961,0.00000,3.48845E+02,0
1909,22.94287,40.65961,0.00000,3.48845E+02,0
1910,22.94525,40.65961,0.00000,3.48845E+02,0
1911,22.94763,40.65961,0.00000,3.48845E+02,0
1912,22.95000,40.65961,0.00000,3.48845E+02,0
1913,22.95238,40.65961,0.00000,3.48845E+02,0
1914,22.95476,40.65961,0.00000,3.48845E+02,0
1915,22.95714,40.65961,0.00000,3.48845E+02,0
1916,22.95951,40.65961,0.00000,3.48845E+02,0
1917,22.96189,40.65961,0.00000,3.48845E+02,0
1918,22.96427,40.65961,0.00000,3.48845E+02,0
1919,22.96664,40.65961,0.00000,3.48845E+02,0
1920,22.96902,40.65961,0.00000,3.48845E+02,0
1921,22.97140,40.65961,0.00000,3.48845E+02,0
1922,22.97378,40.65961,0.00000,3.48845E+02,0
1923,22.97615,40.65961,0.00000,3.48845E+02,0
1924,22.97853,40.65961,0.00000,3.48845E+02,0
1925,22.98091,40.65961,0.00000,3.48845E+02,0
1926,22.98328,40.65961,0.00000,3.48845E+02,0
1927,22.98566,40.65961,0.00000,3.48845E+02,0
1928,22.98804,40.65961,0.00000,3.48845E+02,0
1929,22.99041,40.65961,0.00000,3.48845E+02,0
1930,22.99279,40.65961,0.00000,3.48845E+02,0
1931,22.99517,40.65961,0.00000,3.48845E+02,0
1932,22.99755,40.65961,0.00000,3.48845E+02,0
1933,22.99992,40.65961,0.00000,3.48845E+02,0
1934,23.00230,40.65961,0.00000,3.48845E+02,0
1935,22.89771,40.66184,0.00000,3.48845E+02,0
1936,22.90009,40.66184,0.00000,3.48845E+02,0
1937,22.90246,40.66184,0.00000,3.48845E+02,0
1938,22.90484,40.66184,0.00000,3.48845E+02,0
1939,22.90722,40.66184,0.00000,3.48845E+02,0
1940,22.90960,40.66184,0.00000,3.48845E+02,0
1941,22.91197,40.66184,0.00000,3.48845E+02,0
1942,22.91435,40.66184,0.00000,3.48845E+02,0
1943,22.91673,40.66184,0.00000,3.48845E+02,0
1944,22.91910,40.66184,0.00000,3.48845E+02,0
1945,22.92148,40.66184,0.00000,3.48845E+02,0
1946,22.92386,40.66184,0.00000,3.48845E+02,0
1947,22.92623,40.66184,0.00000,3.48845E+02,0
1948,22.92861,40.66184,0.00000,3.48845E+02,0
1949,22.93099,40.66184,0.00000,3.48845E+02,0
1950,22.93337,40.66184,0.00000,3.48845E+02,0
1951,22.93574,40.66184,0.00000,3.48845E+02,0
1952,22.93812,40.66184,0.00000,3.48845E+02,0
1953,22.94050,40.66184,0.00000,3.48845E+02,0
1954,22.94287,40.66184,0.00000,3.48845E+02,0
1955,22.94525,40.66184,0.00000,3.48845E+02,0
1956,22.94763,40.66184,0.00000,3.48845E+02,0
1957,22.95000,40.66184,0.00000,3.48845E+02,0
1958,22.95238,40.66184,0.00000,3.48845E+02,0
1959,22.95476,40.66184,0.00000,3.48845E+02,0
1960,22.95714,40.66184,0.00000,3.48845E+02,0
1961,22.95951,40.66184,0.00000,3.48845E+02,0
1962,22.96189,40.66184,0.00000,3.48845E+02,0
1963,22.96427,40.66184,0.00000,3.48845E+02,0
1964,22.96664,40.66184,0.00000,3.48845E+02,0
1965,22.96902,40.66184,0.00000,3.48845E+02,0
1966,22.97140,40.66184,0.00000,3.48845E+02,0
1967,22.97378,40.66184,0.00000,3.48845E+02,0
1968,22.97615,40.66184,0.00000,3.48845E+02,0
1969,22.97853,40.66184,0.00000,3.48845E+02,0
1970,22.98091,40.66184,0.00000,3.48845E+02,0
1971,22.98328,40.66184,0.00000,3.48845E+02,0
1972,22.98566,40.66184,0.00000,3.48845E+02,0
1973,22.98804,40.66184,0.00000,3.48845E+02,0
1974,22.99041,40.66184,0.00000,3.48845E+02,0
1975,22.99279,40.66184,0.00000,3.48845E+02,0
1976,22.99517,40.66184,0.00000,3.48845E+02,0
1977,22.99755,40.66184,0.00000,3.48845E+02,0
1978,22.99992,40.66184,0.00000,3.48845E+02,0
1979,23.00230,40.66184,0.00000,3.48845E+02,0
1980,22.89771,40.66407,0.00000,3.48845E+02,0
1981,22.90009,40.66407,0.00000,3.48845E+02,0
1982,22.90246,40.66407,0.00000,3.48845E+02,0
1983,22.90484,40.66407,0.00000,3.48845E+02,0
1984,22.90722,40.66407,0.00000,3.48845E+02,0
1985,22.90960,40.66407,0.00000,3.48845E+02,0
1986,22.91197,40.66407,0.00000,3.48845E+02,0
1987,22.91435,40.66407,0.00000,3.48845E+02,0
1988,22.91673,40.66407,0.00000,3.48845E+02,0
1989,22.91910,40.66407,0.00000,3.48845E+02,0
1990,22.92148,40.66407,0.00000,3.48845E+02,0
1991,22.92386,40.66407,0.00000,3.48845E+02,0
1992,22.92623,40.66407,0.00000,3.48845E+02,0
1993,22.92861,40.66407,0.00000,3.48845E+02,0
1994,22.93099,40.66407,0.00000,3.48845E+02,0
1995,22.93337,40.66407,0.00000,3.48845E+02,0
1996,22.93574,40.66407,0.00000,3.48845E+02,0
1997,22.93812,40.66407,0.00000,3.48845E+02,0
1998,22.94050,40.66407,0.00000,3.48845E+02,0
1999,22.94287,40.66407,0.00000,3.48845E+02,0
2000,22.94525,40.66407,0.00000,3.48845E+02,0
2001,22.94763,40.66407,0.00000,3.48845E+02,0
2002,22.95000,40.66407,0.00000,3.48845E+02,0
2003,22.95238,40.66407,0.00000,3.48845E+02,0
2004,22.95476,40.66407,0.00000,3.48845E+02,0
2005,22.95714,40.66407,0.00000,3.48845E+02,0
2006,22.95951,40.66407,0.00000,3.48845E+02,0
2007,22.96189,40.66407,0.00000,3.48845E+02,0
2008,22.96427,40.66407,0.00000,3.48845E+02,0
2009,22.96664,40.66407,0.00000,3.48845E+02,0
2010,22.96902,40.66407,0.00000,3.48845E+02,0
2011,22.97140,40.66407,0.00000,3.48845E+02,0
2012,22.97378,40.66407,0.00000,3.48845E+02,0
2013,22.97615,40.66407,0.00000,3.48845E+02,0
2014,22.97853,40.66407,0.00000,3.48845E+02,0
2015,22.98091,40.66407,0.00000,3.48845E+02,0
2016,22.98328,40.66407,0.00000,3.48845E+02,0
2017,22.98566,40.66407,0.00000,3.48845E+02,0
2018,22.98804,40.66407,0.00000,3.48845E+02,0
2019,22.99041,40.66407,0.00000,3.48845E+02,0
2020,22.99279,40.66407,0.00000,3.48845E+02,0
2021,22.99517,40.66407,0.00000,3.48845E+02,0
2022,22.99755,40.66407,0.00000,3.48845E+02,0
2023,22.99992,40.66407,0.00000,3.48845E+02,0
2024,23.00230,40.66407,0.00000,3.48845E+02,0
