sids,lon,lat,depth,vs30,vs30measured,region,xvf,slope,geology
0,22.92611,40.64528,0.00000,3.87833E+02,0,2,-1.50000E+02,2.37805E-02,UNKNOWN
1,22.92631,40.64517,0.00000,3.87833E+02,0,2,-1.50000E+02,2.37805E-02,UNKNOWN
2,22.92651,40.64507,0.00000,3.87833E+02,0,2,-1.50000E+02,2.37805E-02,UNKNOWN
3,22.92671,40.64496,0.00000,3.87833E+02,0,2,-1.50000E+02,2.37805E-02,UNKNOWN
4,22.92691,40.64486,0.00000,3.87833E+02,0,2,-1.50000E+02,2.37805E-02,UNKNOWN
5,22.92712,40.64475,0.00000,3.87833E+02,0,2,-1.50000E+02,2.37805E-02,UNKNOWN
6,22.92732,40.64465,0.00000,3.87833E+02,0,2,-1.50000E+02,2.37805E-02,UNKNOWN
7,22.92752,40.64454,0.00000,3.87833E+02,0,2,-1.50000E+02,2.37805E-02,UNKNOWN
8,22.92772,40.64443,0.00000,3.87833E+02,0,2,-1.50000E+02,2.37805E-02,UNKNOWN
9,22.92792,40.64433,0.00000,3.87833E+02,0,2,-1.50000E+02,2.37805E-02,UNKNOWN
10,22.92812,40.64422,0.00000,3.87833E+02,0,2,-1.50000E+02,2.37805E-02,UNKNOWN
11,22.92833,40.64412,0.00000,3.87833E+02,0,2,-1.50000E+02,2.37805E-02,UNKNOWN
12,22.92853,40.64401,0.00000,3.87833E+02,0,2,-1.50000E+02,2.37805E-02,UNKNOWN
13,22.92873,40.64391,0.00000,3.87833E+02,0,2,-1.50000E+02,2.37805E-02,UNKNOWN
14,22.92893,40.64380,0.00000,3.87833E+02,0,2,-1.50000E+02,2.37805E-02,UNKNOWN
15,22.92913,40.64370,0.00000,3.87833E+02,0,2,-1.50000E+02,2.37805E-02,UNKNOWN
16,22.92933,40.64359,0.00000,3.87833E+02,0,2,-1.50000E+02,2.37805E-02,UNKNOWN
17,22.92953,40.64349,0.00000,3.87833E+02,0,2,-1.50000E+02,2.37805E-02,UNKNOWN
18,22.92974,40.64338,0.00000,3.87833E+02,0,2,-1.50000E+02,2.37805E-02,UNKNOWN
19,22.92994,40.64328,0.00000,3.87833E+02,0,2,-1.50000E+02,2.37805E-02,UNKNOWN
20,22.93014,40.64317,0.00000,3.87833E+02,0,2,-1.50000E+02,2.37805E-02,UNKNOWN
21,22.93034,40.64307,0.00000,3.87833E+02,0,2,-1.50000E+02,2.37805E-02,UNKNOWN
22,22.93054,40.64296,0.00000,3.87833E+02,0,2,-1.50000E+02,2.37805E-02,UNKNOWN
23,22.93074,40.64286,0.00000,3.87833E+02,0,2,-1.50000E+02,2.37805E-02,UNKNOWN
24,22.93094,40.64275,0.00000,3.87833E+02,0,2,-1.50000E+02,2.37805E-02,UNKNOWN
25,22.93115,40.64265,0.00000,3.87833E+02,0,2,-1.50000E+02,2.37805E-02,UNKNOWN
26,22.93135,40.64254,0.00000,3.87833E+02,0,2,-1.50000E+02,2.37805E-02,UNKNOWN
27,22.93155,40.64244,0.00000,3.87833E+02,0,2,-1.50000E+02,2.37805E-02,UNKNOWN
28,22.93175,40.64233,0.00000,3.87833E+02,0,2,-1.50000E+02,2.37805E-02,UNKNOWN
29,22.93195,40.64222,0.00000,3.87833E+02,0,2,-1.50000E+02,2.37805E-02,UNKNOWN
30,22.93215,40.64212,0.00000,3.87833E+02,0,2,-1.50000E+02,2.37805E-02,UNKNOWN
31,22.93235,40.64201,0.00000,3.87833E+02,0,2,-1.50000E+02,2.37805E-02,UNKNOWN
32,22.93256,40.64191,0.00000,3.87833E+02,0,2,-1.50000E+02,2.37805E-02,UNKNOWN
33,22.93276,40.64180,0.00000,3.87833E+02,0,2,-1.50000E+02,2.37805E-02,UNKNOWN
34,22.93296,40.64170,0.00000,3.87833E+02,0,2,-1.50000E+02,2.37805E-02,UNKNOWN
35,22.93316,40.64159,0.00000,4.19278E+02,0,2,-1.50000E+02,1.59099E-02,UNKNOWN
36,22.93336,40.64149,0.00000,4.15199E+02,0,2,-1.50000E+02,2.99182E-02,UNKNOWN
37,22.93356,40.64139,0.00000,4.15199E+02,0,2,-1.50000E+02,2.99182E-02,UNKNOWN
38,22.93377,40.64128,0.00000,4.15199E+02,0,2,-1.50000E+02,2.99182E-02,UNKNOWN
39,22.93397,40.64118,0.00000,4.15199E+02,0,2,-1.50000E+02,2.99182E-02,UNKNOWN
40,22.93417,40.64107,0.00000,4.15199E+02,0,2,-1.50000E+02,2.99182E-02,UNKNOWN
41,22.93437,40.64097,0.00000,4.15199E+02,0,2,-1.50000E+02,2.99182E-02,UNKNOWN
42,22.93457,40.64086,0.00000,4.15199E+02,0,2,-1.50000E+02,2.99182E-02,UNKNOWN
43,22.93477,40.64076,0.00000,4.15199E+02,0,2,-1.50000E+02,2.99182E-02,UNKNOWN
44,22.93497,40.64065,0.00000,4.15199E+02,0,2,-1.50000E+02,2.99182E-02,UNKNOWN
45,22.93518,40.64055,0.00000,4.15199E+02,0,2,-1.50000E+02,2.99182E-02,UNKNOWN
46,22.93538,40.64044,0.00000,4.15199E+02,0,2,-1.50000E+02,2.99182E-02,UNKNOWN
47,22.93558,40.64034,0.00000,4.15199E+02,0,2,-1.50000E+02,2.99182E-02,UNKNOWN
48,22.93578,40.64023,0.00000,4.15199E+02,0,2,-1.50000E+02,2.99182E-02,UNKNOWN
49,22.93598,40.64013,0.00000,4.15199E+02,0,2,-1.50000E+02,2.99182E-02,UNKNOWN
50,22.93618,40.64002,0.00000,4.15199E+02,0,2,-1.50000E+02,2.99182E-02,UNKNOWN
51,22.93639,40.63992,0.00000,4.15199E+02,0,2,-1.50000E+02,2.99182E-02,UNKNOWN
52,22.93659,40.63981,0.00000,4.15199E+02,0,2,-1.50000E+02,2.99182E-02,UNKNOWN
53,22.93679,40.63971,0.00000,4.15199E+02,0,2,-1.50000E+02,2.99182E-02,UNKNOWN
54,22.93699,40.63960,0.00000,4.15199E+02,0,2,-1.50000E+02,2.99182E-02,UNKNOWN
55,22.93719,40.63950,0.00000,4.15199E+02,0,2,-1.50000E+02,2.99182E-02,UNKNOWN
56,22.93739,40.63939,0.00000,4.15199E+02,0,2,-1.50000E+02,2.99182E-02,UNKNOWN
57,22.93759,40.63928,0.00000,4.15199E+02,0,2,-1.50000E+02,2.99182E-02,UNKNOWN
58,22.93780,40.63918,0.00000,4.15199E+02,0,2,-1.50000E+02,2.99182E-02,UNKNOWN
59,22.93800,40.63907,0.00000,4.15199E+02,0,2,-1.50000E+02,2.99182E-02,UNKNOWN
60,22.93820,40.63897,0.00000,4.15199E+02,0,2,-1.50000E+02,2.99182E-02,UNKNOWN
61,22.93840,40.63886,0.00000,4.15199E+02,0,2,-1.50000E+02,2.99182E-02,UNKNOWN
62,22.93860,40.63876,0.00000,4.15199E+02,0,2,-1.50000E+02,2.99182E-02,UNKNOWN
63,22.93880,40.63865,0.00000,4.15199E+02,0,2,-1.50000E+02,2.99182E-02,UNKNOWN
64,22.93900,40.63855,0.00000,4.15199E+02,0,2,-1.50000E+02,2.99182E-02,UNKNOWN
65,22.93921,40.63844,0.00000,4.15199E+02,0,2,-1.50000E+02,2.99182E-02,UNKNOWN
66,22.93941,40.63834,0.00000,4.15199E+02,0,2,-1.50000E+02,2.99182E-02,UNKNOWN
67,22.93961,40.63823,0.00000,4.15199E+02,0,2,-1.50000E+02,2.99182E-02,UNKNOWN
68,22.93981,40.63813,0.00000,4.15199E+02,0,2,-1.50000E+02,2.99182E-02,UNKNOWN
69,22.94001,40.63802,0.00000,4.15199E+02,0,2,-1.50000E+02,2.99182E-02,UNKNOWN
70,22.94021,40.63792,0.00000,4.15199E+02,0,2,-1.50000E+02,2.99182E-02,UNKNOWN
71,22.94042,40.63781,0.00000,4.15199E+02,0,2,-1.50000E+02,2.99182E-02,UNKNOWN
72,22.94062,40.63771,0.00000,4.15199E+02,0,2,-1.50000E+02,2.99182E-02,UNKNOWN
73,22.94082,40.63760,0.00000,4.15199E+02,0,2,-1.50000E+02,2.99182E-02,UNKNOWN
74,22.94102,40.63750,0.00000,4.15199E+02,0,2,-1.50000E+02,2.99182E-02,UNKNOWN
75,22.94122,40.63739,0.00000,4.15199E+02,0,2,-1.50000E+02,2.99182E-02,UNKNOWN
76,22.94142,40.63729,0.00000,4.15199E+02,0,2,-1.50000E+02,2.99182E-02,UNKNOWN
77,22.94162,40.63718,0.00000,4.15199E+02,0,2,-1.50000E+02,2.99182E-02,UNKNOWN
78,22.94183,40.63708,0.00000,4.83245E+02,0,2,-1.50000E+02,4.98226E-02,UNKNOWN
79,22.94203,40.63697,0.00000,4.83245E+02,0,2,-1.50000E+02,4.98226E-02,UNKNOWN
80,22.94223,40.63686,0.00000,4.83245E+02,0,2,-1.50000E+02,4.98226E-02,UNKNOWN
81,22.94243,40.63675,0.00000,4.83245E+02,0,2,-1.50000E+02,4.98226E-02,UNKNOWN
82,22.94263,40.63664,0.00000,4.83245E+02,0,2,-1.50000E+02,4.98226E-02,UNKNOWN
83,22.94283,40.63653,0.00000,4.83245E+02,0,2,-1.50000E+02,4.98226E-02,UNKNOWN
84,22.94303,40.63642,0.00000,4.83245E+02,0,2,-1.50000E+02,4.98226E-02,UNKNOWN
85,22.94323,40.63631,0.00000,4.83245E+02,0,2,-1.50000E+02,4.98226E-02,UNKNOWN
86,22.94343,40.63620,0.00000,4.83245E+02,0,2,-1.50000E+02,4.98226E-02,UNKNOWN
87,22.94363,40.63610,0.00000,4.83245E+02,0,2,-1.50000E+02,4.98226E-02,UNKNOWN
88,22.94383,40.63599,0.00000,4.83245E+02,0,2,-1.50000E+02,4.98226E-02,UNKNOWN
89,22.94403,40.63588,0.00000,4.83245E+02,0,2,-1.50000E+02,4.98226E-02,UNKNOWN
90,22.94423,40.63578,0.00000,4.83245E+02,0,2,-1.50000E+02,4.98226E-02,UNKNOWN
91,22.94443,40.63567,0.00000,4.83245E+02,0,2,-1.50000E+02,4.98226E-02,UNKNOWN
92,22.94463,40.63557,0.00000,4.83245E+02,0,2,-1.50000E+02,4.98226E-02,UNKNOWN
93,22.94484,40.63546,0.00000,4.83245E+02,0,2,-1.50000E+02,4.98226E-02,UNKNOWN
94,22.94504,40.63535,0.00000,4.83245E+02,0,2,-1.50000E+02,4.98226E-02,UNKNOWN
95,22.94524,40.63525,0.00000,4.83245E+02,0,2,-1.50000E+02,4.98226E-02,UNKNOWN
96,22.94544,40.63514,0.00000,4.83245E+02,0,2,-1.50000E+02,4.98226E-02,UNKNOWN
97,22.94564,40.63503,0.00000,4.83245E+02,0,2,-1.50000E+02,4.98226E-02,UNKNOWN
98,22.94584,40.63493,0.00000,4.83245E+02,0,2,-1.50000E+02,4.98226E-02,UNKNOWN
99,22.94604,40.63482,0.00000,4.83245E+02,0,2,-1.50000E+02,4.98226E-02,UNKNOWN
100,22.94624,40.63471,0.00000,4.83245E+02,0,2,-1.50000E+02,4.98226E-02,UNKNOWN
101,22.94644,40.63461,0.00000,4.83245E+02,0,2,-1.50000E+02,4.98226E-02,UNKNOWN
102,22.94665,40.63450,0.00000,4.83245E+02,0,2,-1.50000E+02,4.98226E-02,UNKNOWN
103,22.94685,40.63440,0.00000,4.83245E+02,0,2,-1.50000E+02,4.98226E-02,UNKNOWN
104,22.94705,40.63430,0.00000,4.83245E+02,0,2,-1.50000E+02,4.98226E-02,UNKNOWN
105,22.94725,40.63419,0.00000,4.83245E+02,0,2,-1.50000E+02,4.98226E-02,UNKNOWN
106,22.94745,40.63409,0.00000,4.83245E+02,0,2,-1.50000E+02,4.98226E-02,UNKNOWN
107,22.94766,40.63399,0.00000,4.83245E+02,0,2,-1.50000E+02,4.98226E-02,UNKNOWN
108,22.94786,40.63388,0.00000,4.83245E+02,0,2,-1.50000E+02,4.98226E-02,UNKNOWN
109,22.94806,40.63378,0.00000,4.83245E+02,0,2,-1.50000E+02,4.98226E-02,UNKNOWN
110,22.94826,40.63368,0.00000,4.83245E+02,0,2,-1.50000E+02,4.98226E-02,UNKNOWN
111,22.94846,40.63357,0.00000,4.83245E+02,0,2,-1.50000E+02,4.98226E-02,UNKNOWN
112,22.94867,40.63347,0.00000,4.83245E+02,0,2,-1.50000E+02,4.98226E-02,UNKNOWN
113,22.94887,40.63336,0.00000,4.83245E+02,0,2,-1.50000E+02,4.98226E-02,UNKNOWN
114,22.94907,40.63326,0.00000,4.64213E+02,0,2,-1.50000E+02,2.62267E-02,UNKNOWN
115,22.94927,40.63316,0.00000,4.64213E+02,0,2,-1.50000E+02,2.62267E-02,UNKNOWN
116,22.94947,40.63305,0.00000,4.64213E+02,0,2,-1.50000E+02,2.62267E-02,UNKNOWN
117,22.94968,40.63295,0.00000,4.64213E+02,0,2,-1.50000E+02,2.62267E-02,UNKNOWN
118,22.94988,40.63285,0.00000,4.64213E+02,0,2,-1.50000E+02,2.62267E-02,UNKNOWN
119,22.95008,40.63274,0.00000,4.62279E+02,0,2,-1.50000E+02,3.98337E-02,UNKNOWN
120,22.95028,40.63264,0.00000,4.62279E+02,0,2,-1.50000E+02,3.98337E-02,UNKNOWN
121,22.95048,40.63254,0.00000,4.62279E+02,0,2,-1.50000E+02,3.98337E-02,UNKNOWN
122,22.95068,40.63243,0.00000,4.62279E+02,0,2,-1.50000E+02,3.98337E-02,UNKNOWN
123,22.95089,40.63233,0.00000,4.62279E+02,0,2,-1.50000E+02,3.98337E-02,UNKNOWN
124,22.95109,40.63222,0.00000,4.62279E+02,0,2,-1.50000E+02,3.98337E-02,UNKNOWN
125,22.95129,40.63212,0.00000,4.62279E+02,0,2,-1.50000E+02,3.98337E-02,UNKNOWN
126,22.95149,40.63202,0.00000,4.62279E+02,0,2,-1.50000E+02,3.98337E-02,UNKNOWN
127,22.95169,40.63191,0.00000,4.62279E+02,0,2,-1.50000E+02,3.98337E-02,UNKNOWN
128,22.95190,40.63181,0.00000,4.62279E+02,0,2,-1.50000E+02,3.98337E-02,UNKNOWN
129,22.95210,40.63171,0.00000,4.62279E+02,0,2,-1.50000E+02,3.98337E-02,UNKNOWN
130,22.95230,40.63160,0.00000,4.62279E+02,0,2,-1.50000E+02,3.98337E-02,UNKNOWN
131,22.95250,40.63150,0.00000,4.62279E+02,0,2,-1.50000E+02,3.98337E-02,UNKNOWN
132,22.95270,40.63140,0.00000,4.62279E+02,0,2,-1.50000E+02,3.98337E-02,UNKNOWN
133,22.95291,40.63129,0.00000,4.62279E+02,0,2,-1.50000E+02,3.98337E-02,UNKNOWN
134,22.95311,40.63119,0.00000,4.62279E+02,0,2,-1.50000E+02,3.98337E-02,UNKNOWN
135,22.95331,40.63108,0.00000,4.62279E+02,0,2,-1.50000E+02,3.98337E-02,UNKNOWN
136,22.95352,40.63100,0.00000,4.62279E+02,0,2,-1.50000E+02,3.98337E-02,UNKNOWN
137,22.95372,40.63092,0.00000,4.62279E+02,0,2,-1.50000E+02,3.98337E-02,UNKNOWN
138,22.95393,40.63084,0.00000,4.62279E+02,0,2,-1.50000E+02,3.98337E-02,UNKNOWN
139,22.95414,40.63076,0.00000,4.62279E+02,0,2,-1.50000E+02,3.98337E-02,UNKNOWN
140,22.95435,40.63069,0.00000,4.62279E+02,0,2,-1.50000E+02,3.98337E-02,UNKNOWN
141,22.95456,40.63061,0.00000,4.62279E+02,0,2,-1.50000E+02,3.98337E-02,UNKNOWN
142,22.95477,40.63053,0.00000,4.62279E+02,0,2,-1.50000E+02,3.98337E-02,UNKNOWN
143,22.95498,40.63046,0.00000,4.62279E+02,0,2,-1.50000E+02,3.98337E-02,UNKNOWN
144,22.95518,40.63038,0.00000,4.62279E+02,0,2,-1.50000E+02,3.98337E-02,UNKNOWN
145,22.95539,40.63029,0.00000,4.62279E+02,0,2,-1.50000E+02,3.98337E-02,UNKNOWN
146,22.95559,40.63019,0.00000,4.62279E+02,0,2,-1.50000E+02,3.98337E-02,UNKNOWN
147,22.95580,40.63009,0.00000,4.62279E+02,0,2,-1.50000E+02,3.98337E-02,UNKNOWN
148,22.95600,40.62998,0.00000,4.62279E+02,0,2,-1.50000E+02,3.98337E-02,UNKNOWN
149,22.95620,40.62987,0.00000,4.62279E+02,0,2,-1.50000E+02,3.98337E-02,UNKNOWN
150,22.95640,40.62977,0.00000,4.62279E+02,0,2,-1.50000E+02,3.98337E-02,UNKNOWN
151,22.95660,40.62966,0.00000,4.62279E+02,0,2,-1.50000E+02,3.98337E-02,UNKNOWN
152,22.95680,40.62955,0.00000,4.62279E+02,0,2,-1.50000E+02,3.98337E-02,UNKNOWN
153,22.95700,40.62945,0.00000,4.62279E+02,0,2,-1.50000E+02,3.98337E-02,UNKNOWN
154,22.95720,40.62934,0.00000,4.62279E+02,0,2,-1.50000E+02,3.98337E-02,UNKNOWN
155,22.95740,40.62924,0.00000,4.62279E+02,0,2,-1.50000E+02,3.98337E-02,UNKNOWN
156,22.95761,40.62913,0.00000,4.62279E+02,0,2,-1.50000E+02,3.98337E-02,UNKNOWN
157,22.95781,40.62902,0.00000,4.62279E+02,0,2,-1.50000E+02,3.98337E-02,UNKNOWN
158,22.95801,40.62892,0.00000,4.62279E+02,0,2,-1.50000E+02,3.98337E-02,UNKNOWN
159,22.95821,40.62880,0.00000,4.62279E+02,0,2,-1.50000E+02,3.98337E-02,UNKNOWN
160,22.95841,40.62869,0.00000,5.49940E+02,0,2,-1.50000E+02,6.90543E-02,CENOZOIC
161,22.95860,40.62856,0.00000,5.49940E+02,0,2,-1.50000E+02,6.90543E-02,CENOZOIC
162,22.95879,40.62842,0.00000,5.49940E+02,0,2,-1.50000E+02,6.90543E-02,CENOZOIC
163,22.95897,40.62826,0.00000,5.49940E+02,0,2,-1.50000E+02,6.90543E-02,CENOZOIC
164,22.95914,40.62809,0.00000,5.49940E+02,0,2,-1.50000E+02,6.90543E-02,CENOZOIC
165,22.95930,40.62789,0.00000,5.49940E+02,0,2,-1.50000E+02,6.90543E-02,CENOZOIC
166,22.95945,40.62769,0.00000,5.49940E+02,0,2,-1.50000E+02,6.90543E-02,CENOZOIC
167,22.95960,40.62748,0.00000,5.49940E+02,0,2,-1.50000E+02,6.90543E-02,CENOZOIC
168,22.95975,40.62728,0.00000,5.49940E+02,0,2,-1.50000E+02,6.90543E-02,CENOZOIC
169,22.95991,40.62708,0.00000,5.49940E+02,0,2,-1.50000E+02,6.90543E-02,CENOZOIC
170,22.96006,40.62688,0.00000,5.49940E+02,0,2,-1.50000E+02,6.90543E-02,CENOZOIC
171,22.96021,40.62667,0.00000,5.49940E+02,0,2,-1.50000E+02,6.90543E-02,CENOZOIC
172,22.96037,40.62647,0.00000,5.49940E+02,0,2,-1.50000E+02,6.90543E-02,CENOZOIC
173,22.96052,40.62627,0.00000,5.49940E+02,0,2,-1.50000E+02,6.90543E-02,CENOZOIC
174,22.96067,40.62606,0.00000,5.49940E+02,0,2,-1.50000E+02,6.90543E-02,CENOZOIC
175,22.96082,40.62586,0.00000,5.49940E+02,0,2,-1.50000E+02,6.90543E-02,CENOZOIC
176,22.96098,40.62566,0.00000,5.49940E+02,0,2,-1.50000E+02,6.90543E-02,CENOZOIC
177,22.96113,40.62545,0.00000,5.49940E+02,0,2,-1.50000E+02,6.90543E-02,CENOZOIC
178,22.96128,40.62525,0.00000,5.49940E+02,0,2,-1.50000E+02,6.90543E-02,CENOZOIC
179,22.96143,40.62505,0.00000,5.49940E+02,0,2,-1.50000E+02,6.90543E-02,CENOZOIC
180,22.96159,40.62485,0.00000,4.48906E+02,0,2,-1.50000E+02,3.82132E-02,CENOZOIC
181,22.96174,40.62464,0.00000,4.48906E+02,0,2,-1.50000E+02,3.82132E-02,CENOZOIC
182,22.96189,40.62443,0.00000,4.48906E+02,0,2,-1.50000E+02,3.82132E-02,CENOZOIC
183,22.96201,40.62420,0.00000,4.48906E+02,0,2,-1.50000E+02,3.82132E-02,CENOZOIC
184,22.96212,40.62395,0.00000,4.48906E+02,0,2,-1.50000E+02,3.82132E-02,CENOZOIC
185,22.96221,40.62369,0.00000,4.48906E+02,0,2,-1.50000E+02,3.82132E-02,CENOZOIC
186,22.96226,40.62341,0.00000,4.48906E+02,0,2,-1.50000E+02,3.82132E-02,CENOZOIC
187,22.96232,40.62313,0.00000,4.48906E+02,0,2,-1.50000E+02,3.82132E-02,CENOZOIC
188,22.96237,40.62286,0.00000,4.48906E+02,0,2,-1.50000E+02,3.82132E-02,CENOZOIC
189,22.96242,40.62258,0.00000,4.48906E+02,0,2,-1.50000E+02,3.82132E-02,CENOZOIC
190,22.96248,40.62230,0.00000,4.48906E+02,0,2,-1.50000E+02,3.82132E-02,CENOZOIC
191,22.96253,40.62202,0.00000,4.48906E+02,0,2,-1.50000E+02,3.82132E-02,CENOZOIC
192,22.96258,40.62175,0.00000,4.48906E+02,0,2,-1.50000E+02,3.82132E-02,CENOZOIC
193,22.96264,40.62147,0.00000,4.48906E+02,0,2,-1.50000E+02,3.82132E-02,CENOZOIC
194,22.96269,40.62119,0.00000,4.48906E+02,0,2,-1.50000E+02,3.82132E-02,CENOZOIC
195,22.96274,40.62091,0.00000,4.48906E+02,0,2,-1.50000E+02,3.82132E-02,CENOZOIC
196,22.96280,40.62064,0.00000,4.48906E+02,0,2,-1.50000E+02,3.82132E-02,CENOZOIC
197,22.96285,40.62036,0.00000,4.48906E+02,0,2,-1.50000E+02,3.82132E-02,CENOZOIC
198,22.96290,40.62008,0.00000,4.48906E+02,0,2,-1.50000E+02,3.82132E-02,CENOZOIC
199,22.96296,40.61980,0.00000,4.48906E+02,0,2,-1.50000E+02,3.82132E-02,CENOZOIC
200,22.96301,40.61952,0.00000,4.48906E+02,0,2,-1.50000E+02,3.82132E-02,CENOZOIC
201,22.96306,40.61925,0.00000,4.48906E+02,0,2,-1.50000E+02,3.82132E-02,CENOZOIC
202,22.96311,40.61897,0.00000,4.48906E+02,0,2,-1.50000E+02,3.82132E-02,CENOZOIC
203,22.96311,40.61869,0.00000,4.48906E+02,0,2,-1.50000E+02,3.82132E-02,CENOZOIC
204,22.96306,40.61841,0.00000,4.48906E+02,0,2,-1.50000E+02,3.82132E-02,CENOZOIC
205,22.96297,40.61815,0.00000,4.48906E+02,0,2,-1.50000E+02,3.82132E-02,CENOZOIC
206,22.96285,40.61791,0.00000,4.48906E+02,0,2,-1.50000E+02,3.82132E-02,CENOZOIC
207,22.96272,40.61768,0.00000,4.48906E+02,0,2,-1.50000E+02,3.82132E-02,CENOZOIC
208,22.96257,40.61748,0.00000,4.48906E+02,0,2,-1.50000E+02,3.82132E-02,CENOZOIC
209,22.96240,40.61731,0.00000,4.48906E+02,0,2,-1.50000E+02,3.82132E-02,CENOZOIC
210,22.96221,40.61716,0.00000,4.48906E+02,0,2,-1.50000E+02,3.82132E-02,CENOZOIC
211,22.96202,40.61702,0.00000,4.48906E+02,0,2,-1.50000E+02,3.82132E-02,CENOZOIC
212,22.96183,40.61689,0.00000,4.48906E+02,0,2,-1.50000E+02,3.82132E-02,CENOZOIC
213,22.96164,40.61675,0.00000,4.48906E+02,0,2,-1.50000E+02,3.82132E-02,CENOZOIC
214,22.96145,40.61661,0.00000,3.91938E+02,0,2,-1.50000E+02,2.66517E-02,CENOZOIC
215,22.96126,40.61648,0.00000,3.91938E+02,0,2,-1.50000E+02,2.66517E-02,CENOZOIC
216,22.96107,40.61634,0.00000,3.91938E+02,0,2,-1.50000E+02,2.66517E-02,CENOZOIC
217,22.96088,40.61621,0.00000,3.91938E+02,0,2,-1.50000E+02,2.66517E-02,CENOZOIC
218,22.96069,40.61607,0.00000,3.91938E+02,0,2,-1.50000E+02,2.66517E-02,CENOZOIC
219,22.96050,40.61593,0.00000,3.91938E+02,0,2,-1.50000E+02,2.66517E-02,CENOZOIC
220,22.96031,40.61580,0.00000,3.91938E+02,0,2,-1.50000E+02,2.66517E-02,CENOZOIC
221,22.96012,40.61566,0.00000,3.91938E+02,0,2,-1.50000E+02,2.66517E-02,CENOZOIC
222,22.95992,40.61553,0.00000,3.91938E+02,0,2,-1.50000E+02,2.66517E-02,CENOZOIC
223,22.95973,40.61539,0.00000,3.91938E+02,0,2,-1.50000E+02,2.66517E-02,CENOZOIC
224,22.95954,40.61525,0.00000,3.91938E+02,0,2,-1.50000E+02,2.66517E-02,CENOZOIC
225,22.95935,40.61512,0.00000,3.91938E+02,0,2,-1.50000E+02,2.66517E-02,CENOZOIC
226,22.95916,40.61498,0.00000,3.91938E+02,0,2,-1.50000E+02,2.66517E-02,CENOZOIC
227,22.95897,40.61485,0.00000,3.91938E+02,0,2,-1.50000E+02,2.66517E-02,CENOZOIC
228,22.95878,40.61471,0.00000,3.91938E+02,0,2,-1.50000E+02,2.66517E-02,CENOZOIC
229,22.95859,40.61457,0.00000,3.91938E+02,0,2,-1.50000E+02,2.66517E-02,CENOZOIC
230,22.95840,40.61444,0.00000,3.91938E+02,0,2,-1.50000E+02,2.66517E-02,CENOZOIC
231,22.95821,40.61430,0.00000,3.61443E+02,0,2,-1.50000E+02,2.42215E-02,UNKNOWN
232,22.95802,40.61416,0.00000,3.61443E+02,0,2,-1.50000E+02,2.42215E-02,UNKNOWN
233,22.95783,40.61403,0.00000,3.61443E+02,0,2,-1.50000E+02,2.42215E-02,UNKNOWN
234,22.95764,40.61389,0.00000,3.61443E+02,0,2,-1.50000E+02,2.42215E-02,UNKNOWN
235,22.95745,40.61374,0.00000,3.61443E+02,0,2,-1.50000E+02,2.42215E-02,UNKNOWN
236,22.95733,40.61351,0.00000,3.61443E+02,0,2,-1.50000E+02,2.42215E-02,UNKNOWN
237,22.95724,40.61326,0.00000,3.61443E+02,0,2,-1.50000E+02,2.42215E-02,UNKNOWN
238,22.95721,40.61297,0.00000,3.61443E+02,0,2,-1.50000E+02,2.42215E-02,UNKNOWN
239,22.95723,40.61269,0.00000,3.61443E+02,0,2,-1.50000E+02,2.42215E-02,UNKNOWN
240,22.95725,40.61240,0.00000,3.61443E+02,0,2,-1.50000E+02,2.42215E-02,UNKNOWN
241,22.95727,40.61212,0.00000,3.61443E+02,0,2,-1.50000E+02,2.42215E-02,UNKNOWN
242,22.95729,40.61183,0.00000,3.61443E+02,0,2,-1.50000E+02,2.42215E-02,UNKNOWN
243,22.95731,40.61155,0.00000,3.61443E+02,0,2,-1.50000E+02,2.42215E-02,UNKNOWN
244,22.95734,40.61126,0.00000,3.61443E+02,0,2,-1.50000E+02,2.42215E-02,UNKNOWN
245,22.95736,40.61098,0.00000,3.61443E+02,0,2,-1.50000E+02,2.42215E-02,UNKNOWN
246,22.95738,40.61069,0.00000,3.61443E+02,0,2,-1.50000E+02,2.42215E-02,UNKNOWN
247,22.95740,40.61041,0.00000,3.61443E+02,0,2,-1.50000E+02,2.42215E-02,UNKNOWN
248,22.95742,40.61012,0.00000,3.61443E+02,0,2,-1.50000E+02,2.42215E-02,UNKNOWN
249,22.95745,40.60984,0.00000,3.61443E+02,0,2,-1.50000E+02,2.42215E-02,UNKNOWN
250,22.95747,40.60955,0.00000,3.61443E+02,0,2,-1.50000E+02,2.42215E-02,UNKNOWN
251,22.95749,40.60927,0.00000,3.61443E+02,0,2,-1.50000E+02,2.42215E-02,UNKNOWN
252,22.95751,40.60898,0.00000,3.61443E+02,0,2,-1.50000E+02,2.42215E-02,UNKNOWN
253,22.95753,40.60870,0.00000,3.61443E+02,0,2,-1.50000E+02,2.42215E-02,UNKNOWN
254,22.95756,40.60841,0.00000,3.61443E+02,0,2,-1.50000E+02,2.42215E-02,UNKNOWN
255,22.95758,40.60813,0.00000,3.51231E+02,0,2,-1.50000E+02,2.20586E-02,UNKNOWN
256,22.95760,40.60784,0.00000,3.51231E+02,0,2,-1.50000E+02,2.20586E-02,UNKNOWN
257,22.95762,40.60756,0.00000,3.51231E+02,0,2,-1.50000E+02,2.20586E-02,UNKNOWN
258,22.95764,40.60727,0.00000,3.51231E+02,0,2,-1.50000E+02,2.20586E-02,UNKNOWN
259,22.95767,40.60699,0.00000,3.51231E+02,0,2,-1.50000E+02,2.20586E-02,UNKNOWN
260,22.95770,40.60671,0.00000,3.51231E+02,0,2,-1.50000E+02,2.20586E-02,UNKNOWN
261,22.95775,40.60643,0.00000,3.51231E+02,0,2,-1.50000E+02,2.20586E-02,UNKNOWN
262,22.95781,40.60616,0.00000,3.51231E+02,0,2,-1.50000E+02,2.20586E-02,UNKNOWN
263,22.95789,40.60589,0.00000,3.51231E+02,0,2,-1.50000E+02,2.20586E-02,UNKNOWN
264,22.95796,40.60562,0.00000,3.51231E+02,0,2,-1.50000E+02,2.20586E-02,UNKNOWN
265,22.95804,40.60535,0.00000,3.51231E+02,0,2,-1.50000E+02,2.20586E-02,UNKNOWN
266,22.95811,40.60508,0.00000,3.51231E+02,0,2,-1.50000E+02,2.20586E-02,UNKNOWN
267,22.95819,40.60481,0.00000,3.51231E+02,0,2,-1.50000E+02,2.20586E-02,UNKNOWN
268,22.95827,40.60455,0.00000,3.51231E+02,0,2,-1.50000E+02,2.20586E-02,UNKNOWN
269,22.95834,40.60428,0.00000,3.61462E+02,0,2,-1.50000E+02,1.56729E-02,CENOZOIC
270,22.95842,40.60401,0.00000,3.61462E+02,0,2,-1.50000E+02,1.56729E-02,CENOZOIC
271,22.95849,40.60374,0.00000,3.61462E+02,0,2,-1.50000E+02,1.56729E-02,CENOZOIC
272,22.95857,40.60347,0.00000,3.61462E+02,0,2,-1.50000E+02,1.56729E-02,CENOZOIC
273,22.95865,40.60320,0.00000,3.61462E+02,0,2,-1.50000E+02,1.56729E-02,CENOZOIC
274,22.95872,40.60294,0.00000,3.61462E+02,0,2,-1.50000E+02,1.56729E-02,CENOZOIC
275,22.95878,40.60266,0.00000,3.61462E+02,0,2,-1.50000E+02,1.56729E-02,CENOZOIC
276,22.95879,40.60238,0.00000,3.61462E+02,0,2,-1.50000E+02,1.56729E-02,CENOZOIC
277,22.95873,40.60210,0.00000,3.61462E+02,0,2,-1.50000E+02,1.56729E-02,CENOZOIC
278,22.95866,40.60183,0.00000,3.61462E+02,0,2,-1.50000E+02,1.56729E-02,CENOZOIC
279,22.95859,40.60156,0.00000,3.61462E+02,0,2,-1.50000E+02,1.56729E-02,CENOZOIC
280,22.95852,40.60129,0.00000,3.61462E+02,0,2,-1.50000E+02,1.56729E-02,CENOZOIC
281,22.95846,40.60101,0.00000,3.61462E+02,0,2,-1.50000E+02,1.56729E-02,CENOZOIC
282,22.95839,40.60074,0.00000,3.61462E+02,0,2,-1.50000E+02,1.56729E-02,CENOZOIC
283,22.95831,40.60047,0.00000,3.51231E+02,0,2,-1.50000E+02,2.20586E-02,UNKNOWN
284,22.95820,40.60023,0.00000,3.51231E+02,0,2,-1.50000E+02,2.20586E-02,UNKNOWN
285,22.95804,40.60004,0.00000,3.51231E+02,0,2,-1.50000E+02,2.20586E-02,UNKNOWN
286,22.95787,40.59986,0.00000,3.63381E+02,0,2,-1.50000E+02,1.80584E-02,CENOZOIC
287,22.95768,40.59973,0.00000,3.63381E+02,0,2,-1.50000E+02,1.80584E-02,CENOZOIC
288,22.95749,40.59960,0.00000,3.63381E+02,0,2,-1.50000E+02,1.80584E-02,CENOZOIC
289,22.95732,40.59941,0.00000,3.63381E+02,0,2,-1.50000E+02,1.80584E-02,CENOZOIC
290,22.95720,40.59919,0.00000,3.63381E+02,0,2,-1.50000E+02,1.80584E-02,CENOZOIC
291,22.95716,40.59891,0.00000,3.63381E+02,0,2,-1.50000E+02,1.80584E-02,CENOZOIC
292,22.95726,40.59866,0.00000,3.63381E+02,0,2,-1.50000E+02,1.80584E-02,CENOZOIC
293,22.95741,40.59846,0.00000,3.63381E+02,0,2,-1.50000E+02,1.80584E-02,CENOZOIC
294,22.95760,40.59831,0.00000,3.63381E+02,0,2,-1.50000E+02,1.80584E-02,CENOZOIC
295,22.95780,40.59822,0.00000,3.63381E+02,0,2,-1.50000E+02,1.80584E-02,CENOZOIC
296,22.95801,40.59815,0.00000,3.63381E+02,0,2,-1.50000E+02,1.80584E-02,CENOZOIC
297,22.95821,40.59806,0.00000,3.63381E+02,0,2,-1.50000E+02,1.80584E-02,CENOZOIC
298,22.95841,40.59795,0.00000,3.68616E+02,0,2,-1.50000E+02,1.84413E-02,CENOZOIC
299,22.95861,40.59783,0.00000,3.68616E+02,0,2,-1.50000E+02,1.84413E-02,CENOZOIC
300,22.95880,40.59769,0.00000,3.68616E+02,0,2,-1.50000E+02,1.84413E-02,CENOZOIC
301,22.95898,40.59754,0.00000,3.68616E+02,0,2,-1.50000E+02,1.84413E-02,CENOZOIC
302,22.95917,40.59738,0.00000,3.68616E+02,0,2,-1.50000E+02,1.84413E-02,CENOZOIC
303,22.95935,40.59723,0.00000,3.68616E+02,0,2,-1.50000E+02,1.84413E-02,CENOZOIC
304,22.95953,40.59707,0.00000,3.68616E+02,0,2,-1.50000E+02,1.84413E-02,CENOZOIC
305,22.95970,40.59689,0.00000,3.68616E+02,0,2,-1.50000E+02,1.84413E-02,CENOZOIC
306,22.95986,40.59670,0.00000,3.68616E+02,0,2,-1.50000E+02,1.84413E-02,CENOZOIC
307,22.95999,40.59647,0.00000,3.68616E+02,0,2,-1.50000E+02,1.84413E-02,CENOZOIC
308,22.96011,40.59624,0.00000,3.68616E+02,0,2,-1.50000E+02,1.84413E-02,CENOZOIC
309,22.96024,40.59600,0.00000,3.68616E+02,0,2,-1.50000E+02,1.84413E-02,CENOZOIC
310,22.96035,40.59576,0.00000,3.68616E+02,0,2,-1.50000E+02,1.84413E-02,CENOZOIC
311,22.96045,40.59550,0.00000,3.68616E+02,0,2,-1.50000E+02,1.84413E-02,CENOZOIC
312,22.96054,40.59524,0.00000,3.68616E+02,0,2,-1.50000E+02,1.84413E-02,CENOZOIC
313,22.96063,40.59498,0.00000,3.68616E+02,0,2,-1.50000E+02,1.84413E-02,CENOZOIC
314,22.96072,40.59472,0.00000,3.68616E+02,0,2,-1.50000E+02,1.84413E-02,CENOZOIC
315,22.96081,40.59446,0.00000,3.68616E+02,0,2,-1.50000E+02,1.84413E-02,CENOZOIC
316,22.96091,40.59421,0.00000,3.68616E+02,0,2,-1.50000E+02,1.84413E-02,CENOZOIC
317,22.96101,40.59396,0.00000,3.68616E+02,0,2,-1.50000E+02,1.84413E-02,CENOZOIC
318,22.96116,40.59375,0.00000,3.68616E+02,0,2,-1.50000E+02,1.84413E-02,CENOZOIC
319,22.96133,40.59357,0.00000,3.68616E+02,0,2,-1.50000E+02,1.84413E-02,CENOZOIC
320,22.96152,40.59345,0.00000,3.68616E+02,0,2,-1.50000E+02,1.84413E-02,CENOZOIC
321,22.96172,40.59332,0.00000,3.68616E+02,0,2,-1.50000E+02,1.84413E-02,CENOZOIC
322,22.96191,40.59320,0.00000,3.68616E+02,0,2,-1.50000E+02,1.84413E-02,CENOZOIC
323,22.96211,40.59308,0.00000,3.68616E+02,0,2,-1.50000E+02,1.84413E-02,CENOZOIC
324,22.96231,40.59298,0.00000,3.68616E+02,0,2,-1.50000E+02,1.84413E-02,CENOZOIC
325,22.96252,40.59289,0.00000,3.68616E+02,0,2,-1.50000E+02,1.84413E-02,CENOZOIC
326,22.96273,40.59281,0.00000,3.68616E+02,0,2,-1.50000E+02,1.84413E-02,CENOZOIC
327,22.96293,40.59273,0.00000,3.68616E+02,0,2,-1.50000E+02,1.84413E-02,CENOZOIC
328,22.96315,40.59269,0.00000,3.68616E+02,0,2,-1.50000E+02,1.84413E-02,CENOZOIC
329,22.96336,40.59267,0.00000,3.68616E+02,0,2,-1.50000E+02,1.84413E-02,CENOZOIC
330,22.96358,40.59266,0.00000,3.68616E+02,0,2,-1.50000E+02,1.84413E-02,CENOZOIC
331,22.96380,40.59268,0.00000,3.68616E+02,0,2,-1.50000E+02,1.84413E-02,CENOZOIC
332,22.96401,40.59271,0.00000,3.68616E+02,0,2,-1.50000E+02,1.84413E-02,CENOZOIC
333,22.96423,40.59273,0.00000,3.68616E+02,0,2,-1.50000E+02,1.84413E-02,CENOZOIC
334,22.96444,40.59275,0.00000,3.68616E+02,0,2,-1.50000E+02,1.84413E-02,CENOZOIC
335,22.96466,40.59278,0.00000,3.68616E+02,0,2,-1.50000E+02,1.84413E-02,CENOZOIC
336,22.96487,40.59280,0.00000,3.68616E+02,0,2,-1.50000E+02,1.84413E-02,CENOZOIC
337,22.96509,40.59282,0.00000,3.68616E+02,0,2,-1.50000E+02,1.84413E-02,CENOZOIC
338,22.96531,40.59285,0.00000,3.68616E+02,0,2,-1.50000E+02,1.84413E-02,CENOZOIC
339,22.96552,40.59287,0.00000,3.68616E+02,0,2,-1.50000E+02,1.84413E-02,CENOZOIC
340,22.96574,40.59289,0.00000,3.68616E+02,0,2,-1.50000E+02,1.84413E-02,CENOZOIC
341,22.96595,40.59292,0.00000,3.68616E+02,0,2,-1.50000E+02,1.84413E-02,CENOZOIC
342,22.96617,40.59294,0.00000,3.68616E+02,0,2,-1.50000E+02,1.84413E-02,CENOZOIC
343,22.96639,40.59296,0.00000,3.68616E+02,0,2,-1.50000E+02,1.84413E-02,CENOZOIC
344,22.96660,40.59299,0.00000,3.68616E+02,0,2,-1.50000E+02,1.84413E-02,CENOZOIC
345,22.96682,40.59301,0.00000,3.86847E+02,0,2,-1.50000E+02,2.46374E-02,CENOZOIC
346,22.96703,40.59303,0.00000,3.86847E+02,0,2,-1.50000E+02,2.46374E-02,CENOZOIC
347,22.96725,40.59306,0.00000,3.86847E+02,0,2,-1.50000E+02,2.46374E-02,CENOZOIC
348,22.96747,40.59308,0.00000,3.86847E+02,0,2,-1.50000E+02,2.46374E-02,CENOZOIC
349,22.96768,40.59310,0.00000,3.86847E+02,0,2,-1.50000E+02,2.46374E-02,CENOZOIC
350,22.96790,40.59313,0.00000,3.86847E+02,0,2,-1.50000E+02,2.46374E-02,CENOZOIC
351,22.96811,40.59315,0.00000,3.86847E+02,0,2,-1.50000E+02,2.46374E-02,CENOZOIC
352,22.96833,40.59317,0.00000,3.86847E+02,0,2,-1.50000E+02,2.46374E-02,CENOZOIC
353,22.96854,40.59320,0.00000,3.86847E+02,0,2,-1.50000E+02,2.46374E-02,CENOZOIC
354,22.96876,40.59322,0.00000,3.86847E+02,0,2,-1.50000E+02,2.46374E-02,CENOZOIC
355,22.96898,40.59324,0.00000,3.86847E+02,0,2,-1.50000E+02,2.46374E-02,CENOZOIC
356,22.96919,40.59327,0.00000,3.86847E+02,0,2,-1.50000E+02,2.46374E-02,CENOZOIC
357,22.96941,40.59329,0.00000,3.86847E+02,0,2,-1.50000E+02,2.46374E-02,CENOZOIC
358,22.96962,40.59330,0.00000,3.86847E+02,0,2,-1.50000E+02,2.46374E-02,CENOZOIC
359,22.96984,40.59331,0.00000,3.86847E+02,0,2,-1.50000E+02,2.46374E-02,CENOZOIC
360,22.97006,40.59329,0.00000,3.86847E+02,0,2,-1.50000E+02,2.46374E-02,CENOZOIC
361,22.97026,40.59318,0.00000,3.86847E+02,0,2,-1.50000E+02,2.46374E-02,CENOZOIC
362,22.97043,40.59302,0.00000,3.86847E+02,0,2,-1.50000E+02,2.46374E-02,CENOZOIC
363,22.97057,40.59279,0.00000,3.86847E+02,0,2,-1.50000E+02,2.46374E-02,CENOZOIC
364,22.97067,40.59254,0.00000,3.86847E+02,0,2,-1.50000E+02,2.46374E-02,CENOZOIC
365,22.97072,40.59226,0.00000,3.86847E+02,0,2,-1.50000E+02,2.46374E-02,CENOZOIC
366,22.97073,40.59198,0.00000,3.86847E+02,0,2,-1.50000E+02,2.46374E-02,CENOZOIC
367,22.97071,40.59169,0.00000,3.86847E+02,0,2,-1.50000E+02,2.46374E-02,CENOZOIC
368,22.97068,40.59141,0.00000,3.69049E+02,0,2,-1.50000E+02,2.23813E-02,CENOZOIC
369,22.97065,40.59113,0.00000,3.69049E+02,0,2,-1.50000E+02,2.23813E-02,CENOZOIC
370,22.97062,40.59084,0.00000,3.69049E+02,0,2,-1.50000E+02,2.23813E-02,CENOZOIC
371,22.97059,40.59056,0.00000,3.69049E+02,0,2,-1.50000E+02,2.23813E-02,CENOZOIC
372,22.97056,40.59027,0.00000,3.69049E+02,0,2,-1.50000E+02,2.23813E-02,CENOZOIC
373,22.97053,40.58999,0.00000,3.69049E+02,0,2,-1.50000E+02,2.23813E-02,CENOZOIC
374,22.97050,40.58971,0.00000,3.69049E+02,0,2,-1.50000E+02,2.23813E-02,CENOZOIC
375,22.97047,40.58942,0.00000,3.69049E+02,0,2,-1.50000E+02,2.23813E-02,CENOZOIC
376,22.97044,40.58914,0.00000,3.69049E+02,0,2,-1.50000E+02,2.23813E-02,CENOZOIC
377,22.97042,40.58886,0.00000,3.69049E+02,0,2,-1.50000E+02,2.23813E-02,CENOZOIC
378,22.97042,40.58857,0.00000,3.69049E+02,0,2,-1.50000E+02,2.23813E-02,CENOZOIC
379,22.97046,40.58829,0.00000,3.69049E+02,0,2,-1.50000E+02,2.23813E-02,CENOZOIC
380,22.97049,40.58800,0.00000,3.69049E+02,0,2,-1.50000E+02,2.23813E-02,CENOZOIC
381,22.97052,40.58772,0.00000,3.69049E+02,0,2,-1.50000E+02,2.23813E-02,CENOZOIC
382,22.97052,40.58743,0.00000,3.69049E+02,0,2,-1.50000E+02,2.23813E-02,CENOZOIC
383,22.97049,40.58715,0.00000,3.69049E+02,0,2,-1.50000E+02,2.23813E-02,CENOZOIC
384,22.97042,40.58688,0.00000,3.69049E+02,0,2,-1.50000E+02,2.23813E-02,CENOZOIC
385,22.97032,40.58663,0.00000,3.69049E+02,0,2,-1.50000E+02,2.23813E-02,CENOZOIC
386,22.97019,40.58639,0.00000,3.69049E+02,0,2,-1.50000E+02,2.23813E-02,CENOZOIC
387,22.97007,40.58616,0.00000,3.69049E+02,0,2,-1.50000E+02,2.23813E-02,CENOZOIC
388,22.96995,40.58592,0.00000,3.69049E+02,0,2,-1.50000E+02,2.23813E-02,CENOZOIC
389,22.96984,40.58567,0.00000,3.69049E+02,0,2,-1.50000E+02,2.23813E-02,CENOZOIC
390,22.96978,40.58540,0.00000,3.69049E+02,0,2,-1.50000E+02,2.23813E-02,CENOZOIC
391,22.96977,40.58511,0.00000,3.69049E+02,0,2,-1.50000E+02,2.23813E-02,CENOZOIC
392,22.96976,40.58483,0.00000,3.69049E+02,0,2,-1.50000E+02,2.23813E-02,CENOZOIC
393,22.96973,40.58454,0.00000,3.69049E+02,0,2,-1.50000E+02,2.23813E-02,CENOZOIC
394,22.96968,40.58427,0.00000,3.69049E+02,0,2,-1.50000E+02,2.23813E-02,CENOZOIC
395,22.96963,40.58399,0.00000,3.69049E+02,0,2,-1.50000E+02,2.23813E-02,CENOZOIC
396,22.96957,40.58371,0.00000,3.69049E+02,0,2,-1.50000E+02,2.23813E-02,CENOZOIC
397,22.96955,40.58343,0.00000,3.69049E+02,0,2,-1.50000E+02,2.23813E-02,CENOZOIC
398,22.96955,40.58314,0.00000,3.58301E+02,0,2,-1.50000E+02,1.11031E-02,CENOZOIC
399,22.96955,40.58286,0.00000,3.58301E+02,0,2,-1.50000E+02,1.11031E-02,CENOZOIC
