KP,Er
0,-6.32
3.856,-6.32580889818472
11.3559,-6.33712519464838
18.8558,-6.34842139111832
26.3557,-6.35971758758825
33.8556,-6.37103388405191
41.3555,-6.38233008052185
48.8555,-6.39362627699179
56.3554,-6.40494257345545
63.8553,-6.41623876992538
71.3552,-6.42755506638904
78.8551,-6.43885126285898
86.355,-6.45014745932892
93.855,-6.46146375579258
101.3549,-6.47275995226252
108.8548,-6.48405614873245
116.3547,-6.49537244519611
123.8546,-6.50666864166605
131.3546,-6.51798493812971
138.8545,-6.52928113459965
146.3544,-6.54057733106958
153.8543,-6.55189362753324
161.3542,-6.56318982400318
168.8541,-6.57448602047312
176.3541,-6.58580231693678
183.854,-6.59709851340672
191.3539,-6.60841480987037
198.8538,-6.61971100634031
206.3537,-6.64067529978897
213.8536,-6.68419178619007
221.3536,-6.75032076552476
228.8535,-6.83908233778677
236.3534,-6.95043630298866
243.8533,-7.08440276112414
251.3532,-7.24098171219322
258.8531,-7.42017315619589
266.3531,-7.62197709313216
273.853,-7.84639352300203
281.3529,-8.09137224644617
288.8528,-8.34010966871573
296.3527,-8.58884709098528
303.8527,-8.83758451325484
311.3526,-9.0863219355244
318.8525,-9.33505935779395
326.3524,-9.58381688005723
333.8523,-9.83255430232678
341.3522,-10.0812917245963
348.8522,-10.3300291468659
356.3521,-10.5787665691354
363.852,-10.8195845938798
371.3519,-11.0380916255964
378.8518,-11.2339861643793
386.3517,-11.4072682102287
393.8517,-11.5579377631444
401.3516,-11.6859948231266
408.8515,-11.7914393901752
416.3514,-11.8742714642902
423.8513,-11.9344910454716
431.3512,-11.9720981337193
438.8512,-11.9870927290335
446.3511,-11.9807612310121
453.851,-11.9694650345422
461.3509,-11.9581688380722
468.8508,-11.9468525416086
476.3508,-11.9355563451386
483.8507,-11.9242601486687
491.3506,-11.9129639521988
498.8505,-11.9016476557351
506.3504,-11.8903514592652
513.8503,-11.8790552627952
521.3503,-11.8677389663316
528.8502,-11.8564427698616
536.3501,-11.8451465733917
543.85,-11.8338503769218
551.3499,-11.8225340804581
558.8498,-11.8112378839882
566.3498,-11.7999416875182
573.8497,-11.7886253910546
581.3496,-11.7773291945846
588.8495,-11.7660329981147
596.3494,-11.754716701651
603.8493,-11.7434205051811
611.3493,-11.7321243087112
618.8492,-11.7208281122412
626.3491,-11.7095118157776
633.849,-11.6982156193076
641.3489,-11.6869194228377
648.8488,-11.675603126374
656.3488,-11.6643069299041
663.8487,-11.6530107334341
671.3486,-11.6417145369642
678.8485,-11.6303982405006
686.3484,-11.6282676411664
693.8484,-11.6486289348035
701.3483,-11.6916027213742
708.8482,-11.7571689008847
716.3481,-11.8453676733226
723.848,-11.9561186387129
731.3479,-12.0767186010254
738.8479,-12.1973185633379
746.3478,-12.3179185256505
753.8477,-12.438518487963
761.3476,-12.5591184502755
768.8475,-12.679718412588
776.3474,-12.8003183749005
783.8474,-12.920918337213
791.3473,-13.0415182995255
798.8472,-13.1620981618443
806.3471,-13.2826981241568
813.847,-13.4032980864693
821.3469,-13.5238980487819
828.8469,-13.6444980110944
836.3468,-13.7650979734069
843.8467,-13.8856979357194
851.3466,-14.0062978980319
858.8465,-14.1268978603444
866.3465,-14.2474978226569
873.8464,-14.3680776849757
881.3463,-14.4886776472882
888.8462,-14.6092776096007
896.3461,-14.7298775719133
903.846,-14.8504775342258
911.346,-14.9710774965383
918.8459,-15.0916774588508
926.3458,-15.2122774211633
933.8457,-15.3328773834758
941.3456,-15.4534773457883
948.8455,-15.5740572081071
956.3455,-15.6946571704196
963.8454,-15.8152571327321
971.3453,-15.9358570950447
978.8452,-16.0564570573572
986.3451,-16.1770570196697
993.845,-16.2912852839734
1001.345,-16.3836246551173
1008.8449,-16.4533314333339
1016.3448,-16.5004458186107
1023.8447,-16.5249276109601
1031.3446,-16.5268170103697
1038.8446,-16.5060738168519
1046.3445,-16.4627382303943
1053.8444,-16.3967901510031
1061.3443,-16.3082094786845
1068.8442,-16.197116813401
1076.3441,-16.0764967510948
1083.8441,-15.9558967887823
1091.344,-15.8352968264697
1098.8439,-15.7146767641635
1106.3438,-15.594076801851
1113.8437,-15.4734768395385
1121.3436,-15.352876877226
1128.8436,-15.2322568149197
1136.3435,-15.1116568526072
1143.8434,-14.9910568902947
1151.3433,-14.8704368279885
1158.8432,-14.749836865676
1166.3431,-14.6292369033635
1173.8431,-14.5086168410572
1181.343,-14.3880168787447
1188.8429,-14.2674169164322
1196.3428,-14.1468169541197
1203.8427,-14.0261968918135
1211.3427,-13.905596929501
1218.8426,-13.7849969671884
1226.3425,-13.6643769048822
1233.8424,-13.5437769425697
1241.3423,-13.4231769802572
1248.8422,-13.302556917951
1256.3422,-13.1819569556385
1263.8421,-13.0613569933259
1271.342,-12.9407369310197
1278.8419,-12.8201369687072
1286.3418,-12.6995370063947
1293.8417,-12.5789370440822
1301.3417,-12.4583169817759
1308.8416,-12.3452947170954
1316.3415,-12.2545231454615
1323.8414,-12.1863640667612
1331.3413,-12.1408174809945
1338.8412,-12.1178833881614
1346.3412,-12.1065670916978
1353.8411,-12.0952507952341
1361.341,-12.0839545987642
1368.8409,-12.0726383023005
1376.3408,-12.0613421058306
1383.8407,-12.0500258093669
1391.3407,-12.038729612897
1398.8406,-12.0274133164333
1406.3405,-12.0160970199697
1413.8404,-12.0048008234997
1421.3403,-11.9934845270361
1428.8403,-11.9821883305661
1436.3402,-11.9708720341025
1443.8401,-11.9595758376326
1451.34,-11.9480585412317
1458.8399,-11.9301293468346
1466.3398,-11.9027531553896
1473.8398,-11.8659701668843
1481.3397,-11.8199612812621
1488.8396,-11.7709775965695
1496.3395,-11.7219939118769
1503.8394,-11.6729901271906
1511.3393,-11.624006442498
1518.8393,-11.5750227578054
1526.3392,-11.5260189731191
1533.8391,-11.4770352884265
1541.339,-11.4280516037339
1548.8389,-11.3790478190476
1556.3388,-11.330064134355
1563.8388,-11.2810804496624
1571.3387,-11.232076664976
1578.8386,-11.1830929802834
1586.3385,-11.1341092955908
1593.8384,-11.0851055109045
1601.3384,-11.0361218262119
1608.8383,-10.9871381415193
1616.3382,-10.938134356833
1623.8381,-10.8891506721404
1631.338,-10.8401669874478
1638.8379,-10.7911632027615
1646.3379,-10.7421795180689
1653.8378,-10.6931958333763
1661.3377,-10.64419204869
1668.8376,-10.5952083639974
1676.3375,-10.5462246793048
1683.8374,-10.4972208946185
1691.3374,-10.4482372099259
1698.8373,-10.3992535252333
1706.3372,-10.3502698405407
1713.8371,-10.3012660558544
1721.337,-10.2522823711618
1728.8369,-10.2032986864692
1736.3369,-10.1542949017828
1743.8368,-10.1053112170902
1751.3367,-10.0563275323976
1758.8366,-10.0080875474726
1766.3365,-9.96758606012936
1773.8365,-9.93651146984017
1781.3364,-9.91486377660507
1788.8363,-9.90187918066276
1796.3362,-9.8905628841991
1803.8361,-9.87926668772916
1811.336,-9.8679503912655
1818.836,-9.85663409480184
1826.3359,-9.84533789833191
1833.8358,-9.83402160186825
1841.3357,-9.82270530540459
1848.8356,-9.81140910893465
1856.3355,-9.800092812471
1863.8355,-9.78879661600106
1871.3354,-9.7774803195374
1878.8353,-9.76616402307374
1886.3352,-9.7548678266038
1893.8351,-9.74355153014015
1901.335,-9.73225533367021
1908.835,-9.73301913343152
1916.3349,-9.75641552612015
1923.8348,-9.80240431174865
1931.3347,-9.87056339044894
1938.8346,-9.94593836689426
1946.3346,-10.0213133433396
1953.8345,-10.0966883197849
1961.3344,-10.1720833962239
1968.8343,-10.2474583726693
1976.3342,-10.3228333491146
1983.8341,-10.3982083255599
1991.3341,-10.4735833020052
1998.834,-10.5489783784443
2006.3339,-10.6243533548896
2013.8338,-10.6997283313349
2021.3337,-10.7751033077802
2028.8336,-10.8504983842193
2036.3336,-10.9258733606646
2043.8335,-11.0012483371099
2051.3334,-11.0766233135552
2058.8333,-11.1519982900005
2066.3332,-11.2273933664396
2073.8331,-11.3027683428849
2081.3331,-11.3781433193302
2088.833,-11.4535182957755
2096.3329,-11.5289133722146
2103.8328,-11.6042883486599
2111.3327,-11.6796633251052
2118.8327,-11.7550383015505
2126.3326,-11.8304132779959
2133.8325,-11.9058083544349
2141.3324,-11.9811833308802
2148.8323,-12.0565583073255
2156.3322,-12.1319332837708
2163.8322,-12.2073283602099
2171.3321,-12.2827033366552
2178.832,-12.3580783131005
2186.3319,-12.4334532895458
2193.8318,-12.5088282659912
2201.3317,-12.5719824462555
2208.8317,-12.6125241335862
2216.3316,-12.6304734279771
2223.8315,-12.6257901294406
2231.3314,-12.5985144379642
2238.8313,-12.5486061535606
2246.3312,-12.4760853762233
2253.8312,-12.3809722059462
2261.3311,-12.2632264427417
2268.831,-12.1228882865974
2276.3309,-11.9599175375258
2283.8308,-11.7743543955143
2291.3307,-11.5661586605754
2298.8307,-11.3410186309317
2306.3306,-11.1149138015894
2313.8305,-10.8887888722535
2321.3304,-10.6626840429112
2328.8303,-10.4365591135753
2336.3303,-10.210454284233
2343.8302,-9.9843494548908
2351.3301,-9.75822452555484
2358.83,-9.5321196962126
2366.3299,-9.30599476687664
2373.8298,-9.07988993753439
2381.3298,-8.85378510819215
2388.8297,-8.62766017885619
2396.3296,-8.40155534951395
2403.8295,-8.17543042017799
2411.3294,-7.94932559083575
2418.8293,-7.72320066149979
2426.3293,-7.49709583215755
2433.8292,-7.27099100281531
2441.3291,-7.04486607347935
2448.829,-6.81876124413711
2456.3289,-6.59263631480115
2463.8288,-6.36653148545891
2471.3288,-6.14040655612295
2478.8287,-5.91430172678071
2486.3286,-5.68819689743847
2493.8285,-5.46207196810251
2501.3284,-5.23773593820752
2508.8284,-5.0319120025275
2516.3283,-4.84870055978108
2523.8282,-4.68810160996825
2531.3281,-4.55011515308902
2538.828,-4.43474118914338
2546.3279,-4.34197971813134
2553.8279,-4.27181064005918
2561.3278,-4.22427415491433
2568.8277,-4.19935016270308
2576.3276,-4.1879132662771
2583.8275,-4.17657686981973
2591.3274,-4.16526057335607
2598.8274,-4.15394427689241
2606.3273,-4.14260788043504
2613.8272,-4.13129158397138
2621.3271,-4.11997528750772
2628.827,-4.10863889105035
2636.3269,-4.09732259458669
2643.8269,-4.08600629812303
2651.3268,-4.07469000165938
2658.8267,-4.063353605202
2666.3266,-4.05203730873834
2673.8265,-4.04076121226212
2681.3265,-4.042128011835
2688.8264,-4.06612740433519
2696.3263,-4.11271918977525
2703.8262,-4.18134056833107
2711.3261,-4.25671554477639
2718.826,-4.33209052122171
2726.326,-4.40748559766075
2733.8259,-4.48286057410607
2741.3258,-4.55823555055139
2748.8257,-4.63361052699671
2756.3256,-4.70898550344203
2763.8255,-4.78436047988735
2771.3255,-4.85973545633267
2778.8254,-4.93511043277799
2786.3253,-5.01048540922331
2793.8252,-5.08586038566863
2801.3251,-5.16123536211395
2808.825,-5.23661033855927
2816.325,-5.31198531500459
2823.8249,-5.38736029144991
2831.3248,-5.46273526789523
2838.8247,-5.53811024434055
2846.3246,-5.61348522078587
2853.8246,-5.68886019723119
2861.3245,-5.76423517367651
2868.8244,-5.83961015012183
2876.3243,-5.91498512656715
2883.8242,-5.99036010301247
2891.3241,-6.06573507945779
2898.8241,-6.14111005590311
2906.324,-6.21648503234843
2913.8239,-6.29186000879375
2921.3238,-6.36723498523907
2928.8237,-6.44260996168439
2936.3236,-6.51798493812971
2943.8236,-6.59335991457503
2951.3235,-6.66873489102035
2958.8234,-6.74410986746567
2966.3233,-6.81948484391099
2973.8232,-6.89485982035631
2981.3231,-6.97025489679535
2988.8231,-7.04562987324066
2996.323,-7.12100484968599
3003.8229,-7.19637982613131
3011.3228,-7.27175480257662
3018.8227,-7.34712977902194
3026.3226,-7.42250475546726
3033.8226,-7.49787973191258
3041.3225,-7.5732547083579
3048.8224,-7.64862968480322
3056.3223,-7.72400466124854
3063.8222,-7.79937963769386
3071.3222,-7.87475461413918
3078.8221,-7.94417999244375
3086.322,-7.99183707755091
3093.8219,-8.0169017697182
3101.3218,-8.01933386895817
3108.8217,-7.99917357525826
3116.3217,-7.95638068863104
3123.8216,-7.89099540906394
3131.3215,-7.80297753656952
3138.8214,-7.69236727113523
3146.3213,-7.55916461276106
3153.8212,-7.41597225750867
3161.3212,-7.27277990225628
3168.8211,-7.12956744701017
3176.321,-6.98637509175778
3183.8209,-6.84316263651168
3191.3208,-6.69997028125929
3198.8207,-6.5567779260069
3206.3207,-6.41356547076079
3213.8206,-6.2703731155084
3221.3205,-6.12716066026229
3228.8204,-5.98396830500991
3236.3203,-5.8407558497638
3243.8203,-5.69756349451141
3251.3202,-5.55437113925902
3258.8201,-5.41115868401291
3266.32,-5.26796632876052
3273.8199,-5.12475387351442
3281.3198,-4.984636817301
3288.8198,-4.86455945482517
3296.3197,-4.76707448528922
3303.8196,-4.69222210868059
3311.3195,-4.63998222500556
3318.8194,-4.6103347342704
3326.3193,-4.59793303814593
3333.8193,-4.58659664168855
3341.3192,-4.57526024523117
3348.8191,-4.56394394876752
3356.319,-4.55260755231014
3363.8189,-4.54129125584648
3371.3188,-4.52995485938911
3378.8188,-4.51861846293173
3386.3187,-4.50730216646807
3393.8186,-4.4959657700107
3401.3185,-4.48464947354704
3408.8184,-4.47331307708966
3416.3184,-4.46197668063229
3423.8183,-4.45066038416863
3431.3182,-4.4376556882326
3438.8181,-4.40633989801878
3446.318,-4.35239151487765
3453.8179,-4.27585073879664
3461.3179,-4.17667736978832
3468.8178,-4.05491160784012
3476.3177,-3.91397045188423
3483.8176,-3.77075799663813
3491.3175,-3.62754554139202
3498.8174,-3.48433308614591
3506.3174,-3.3411206308998
3513.8173,-3.1979081756537
3521.3172,-3.05469572040759
3528.8171,-2.91148326516148
3536.317,-2.76827080991537
3543.8169,-2.62505835466926
3551.3169,-2.48184589942316
3558.8168,-2.33863344417705
3566.3167,-2.19542098893094
3573.8166,-2.05220853368483
3581.3165,-1.90899607843873
3588.8165,-1.76578362319262
3596.3164,-1.62257116794651
3603.8163,-1.4793587127004
3611.3162,-1.33614625745429
3618.8161,-1.19295390220191
3626.316,-1.0497414469558
3629.96,-0.980155268701479
3642.3159,-0.937322182086819
3648.816,-0.813204720873525
3656.316,-0.669992265627418
3663.816,-0.52677981038131
3671.316,-0.383567355135201
3678.816,-0.240354899889094
3686.316,-0.0971424446429863
3693.816,0.0460700106031213
3701.316,0.18928246584923
3708.816,0.332494921095337
3716.316,0.475707376341445
3723.816,0.618919831587552
3731.316,0.762152386827379
3738.816,0.905364842073486
3746.316,1.04857729731959
3753.816,1.1917897525657
3761.316,1.33500220781181
3768.816,1.47821466305792
3776.316,1.62142711830403
3783.816,1.76463957355013
3791.316,1.90785202879624
3798.816,2.05106448404235
3806.316,2.19427693928846
3813.816,2.33748939453456
3821.316,2.48070184978067
3828.816,2.62391430502678
3836.316,2.76712676027289
3843.816,2.910339215519
3851.316,3.0535516707651
3858.816,3.19676412601121
3866.316,3.33997658125732
3873.816,3.48318903650343
3881.316,3.62640149174953
3888.816,3.76961394699564
3896.316,3.91282640224175
3903.816,4.05603885748786
3911.316,4.19927141272768
3918.816,4.34248386797379
3926.316,4.4856963232199
3933.816,4.62890877846601
3941.316,4.77212123371212
3948.816,4.91533368895822
3956.316,5.05854614420433
3963.816,5.20175859945044
3971.316,5.34497105469655
3978.816,5.48818350994265
3986.316,5.63139596518876
3993.816,5.77460842043487
4001.316,5.91782087568098
4008.816,6.06103333092708
4016.316,6.20424578617319
4023.816,6.3474582414193
4031.316,6.48474119851838
4038.816,6.60027596241376
4046.316,6.69317813338183
4053.816,6.76348791141003
4061.316,6.81116509651091
4068.816,6.83624988867191
4076.316,6.8387020879056
4083.816,6.82750639140425
4091.316,6.8161900949406
4098.816,6.80485369848322
4106.316,6.79351730202584
4113.816,6.78220100556219
4121.316,6.77086460910481
4128.816,6.75952821264743
4136.316,6.74819181619006
4143.816,6.7368755197264
4151.316,6.72553912326902
4158.816,6.71420272681165
4166.316,6.70288643034799
4173.816,6.69155003389061
4181.316,6.68021363743324
4188.816,6.66861594105752
4196.316,6.64248594922314
4203.816,6.59376356444889
4211.316,6.52240858674732
4218.816,6.42846121610587
4226.316,6.31188125253711
4233.816,6.17268879603475
4241.316,6.01090394659252
4248.816,5.82648650422297
4256.316,5.61945656891982
4263.816,5.3898342406768
4271.316,5.13757931950646
4278.816,4.86273200539625
4286.316,4.56641789799441
4293.816,4.26493809220685
4301.316,3.96343818642557
4308.816,3.66193828064429
4316.316,3.36043837486301
4323.816,3.05895856907545
4331.316,2.75745866329417
4338.816,2.45595875751289
4346.316,2.15445885173161
4353.816,1.85297904594405
4361.316,1.55147914016277
4368.816,1.24997923438149
4376.316,0.948479328600209
4383.816,0.646999522812649
4391.316,0.34549961703137
4398.816,0.0439997112500903
4406.316,-0.25748009453747
4413.816,-0.55898000031875
4421.316,-0.860479906100029
4428.816,-1.16197981188131
4436.316,-1.46345961766887
4443.816,-1.76495952345015
4451.316,-2.06645942923143
4458.816,-2.36795933501271
4466.316,-2.66943914080027
4473.816,-2.97093904658155
4481.316,-3.27243895236283
4488.816,-3.57391875815039
4496.316,-3.87541866393167
4503.816,-4.17691856971295
4511.316,-4.47841847549423
4518.816,-4.77989828128179
4526.316,-5.08037308738341
4533.816,-5.36376289882409
4541.316,-5.62452011733746
4548.816,-5.86268494291096
4556.316,-6.07821717555713
4563.816,-6.27115701526343
4571.316,-6.44146426204242
4578.816,-6.58917911588153
4586.316,-6.71426137679332
4593.816,-6.81673114477152
4601.316,-6.89660851980984
4608.816,-6.95385330192084
4616.316,-6.98850569109197
4623.816,-7.00299778656319
4631.316,-7.01427388303941
4638.816,-7.02554997951563
4646.316,-7.03684617598557
4653.816,-7.04812227246179
4661.316,-7.05939836893801
4668.816,-7.07067446541423
4676.316,-7.08197066188417
4683.816,-7.09324675836039
4691.316,-7.10452285483661
4698.816,-7.11579895131283
4706.316,-7.12707504778905
4713.816,-7.13837124425899
4721.316,-7.15067244041486
4728.816,-7.17242063361855
4736.316,-7.2054851232859
4743.816,-7.24984580942319
4751.316,-7.30228669303541
4758.816,-7.35506927654085
4766.316,-7.40783176005258
4773.816,-7.46061434355802
4781.316,-7.51337682706974
4788.816,-7.56615941057518
4796.316,-7.61892189408691
4803.816,-7.67170447759235
4811.316,-7.72446696110408
4818.816,-7.77724954460952
4826.316,-7.83001202812124
4833.816,-7.88279461162668
4841.316,-7.93555709513841
4848.816,-7.98833967864385
4856.316,-8.04110216215558
4863.816,-8.09388474566102
4871.316,-8.14664722917274
4878.816,-8.19942981267818
4886.316,-8.25219229618991
4893.816,-8.30497487969535
4901.316,-8.35773736320708
4908.816,-8.41051994671252
4916.316,-8.46328243022424
4923.816,-8.51606501372968
4931.316,-8.56882749724141
4938.816,-8.62161008074685
4946.316,-8.67437256425857
4953.816,-8.72715514776402
4961.316,-8.77991763127574
4968.816,-8.83270021478118
4976.316,-8.88546269829291
4983.816,-8.93824528179835
4991.316,-8.99100776531007
4998.816,-9.04379034881552
5006.316,-9.09655283232724
5013.816,-9.14933541583268
5021.316,-9.20209789934441
5028.816,-9.25488048284985
5036.316,-9.30764296636157
5043.816,-9.36042554986702
5051.316,-9.41318803337874
5058.816,-9.46597061688418
5066.316,-9.51873310039591
5073.816,-9.57151568390135
5081.316,-9.6229113678402
5088.816,-9.66447815485058
5096.316,-9.6947286453973
5103.816,-9.71368293947408
5111.316,-9.72516003588749
5118.816,-9.73645623235743
5126.316,-9.74775242882737
5133.816,-9.75906872529102
5141.316,-9.77036492176096
5148.816,-9.7816611182309
5156.316,-9.79295731470084
5163.816,-9.80425351117078
5171.316,-9.81556980763444
5178.816,-9.82686600410437
5186.316,-9.83816220057431
5193.816,-9.84945839704425
5201.316,-9.86077469350791
5208.816,-9.87207088997785
5216.316,-9.88336708644779
5223.816,-9.89466328291772
5231.316,-9.90597957938138
5238.816,-9.91727577585132
5246.316,-9.92857197232126
5253.816,-9.94853126608398
5261.316,-9.99092215283683
5268.816,-10.055945632517
5276.316,-10.143561505137
5283.816,-10.2522220711806
5291.316,-10.3652845358486
5298.816,-10.4783671005103
5306.316,-10.5914295651783
5313.816,-10.70451212984
5321.316,-10.8175946945017
5328.816,-10.9306571591696
5336.316,-11.0437397238313
5343.816,-11.1568021884993
5351.316,-11.269884753161
5358.816,-11.3829673178227
5366.316,-11.4960297824907
5373.816,-11.6091123471524
5381.316,-11.7221748118204
5388.816,-11.8352573764821
5396.316,-11.9483399411438
5403.816,-12.0614024058117
5411.316,-12.1744849704734
5418.816,-12.2875474351414
5426.316,-12.4006299998031
5433.816,-12.5063961667512
5441.316,-12.5899920406275
5448.816,-12.6509754215702
5456.316,-12.6893463095793
5463.816,-12.7050846046611
5471.316,-12.698230506803
5478.816,-12.6687639160113
5486.316,-12.616684832286
5493.816,-12.5419932556271
5501.316,-12.4448901859718
5508.816,-12.3393451189547
5516.316,-12.2338000519375
5523.816,-12.1282549849203
5531.316,-12.0227099179032
5538.816,-11.9171849508797
5546.316,-11.8116398838625
5553.816,-11.7060948168454
5561.316,-11.6005497498282
5568.816,-11.495004682811
5576.316,-11.3894797157876
5583.816,-11.2839346487704
5591.316,-11.1783895817533
5598.816,-11.0728445147361
5606.316,-10.9672994477189
5613.816,-10.8617744806955
5621.316,-10.7562294136783
5628.816,-10.6506843466611
5636.316,-10.545139279644
5643.816,-10.4395942126268
5651.316,-10.3340692456034
5658.816,-10.2285241785862
5666.316,-10.122979111569
5673.816,-10.0174340445519
5681.316,-9.91188897753469
5688.816,-9.80634391051753
5696.316,-9.70081894349408
5703.816,-9.59527387647691
5711.316,-9.48972880945975
5718.816,-9.38418374244258
5726.316,-9.27863867542541
5733.816,-9.17311370840197
5741.316,-9.06768924134711
5748.816,-8.97577197007126
5756.316,-8.90648729172272
5763.816,-8.85979500631406
5771.316,-8.835715213839
5778.816,-8.83426801429125
5786.316,-8.84552401077375
5793.816,-8.85686040723112
5801.316,-8.86817670369478
5808.816,-8.87949300015844
5816.316,-8.8908092966221
5823.816,-8.90214569307947
5831.316,-8.91346198954313
5838.816,-8.92477828600679
5846.316,-8.93609458247044
5853.816,-8.94743097892782
5861.316,-8.95874727539148
5868.816,-8.97006357185513
5876.316,-8.98137986831879
5883.816,-8.99271626477617
5891.316,-9.00403256123983
5898.816,-9.01534885770348
5906.316,-9.02666515416714
5913.816,-9.03800155062452
5921.316,-9.04931784708817
5928.816,-9.06063414355183
5936.316,-9.07195044001549
5943.816,-9.08328683647286
5951.316,-9.09460313293652
5958.816,-9.10591942940018
5966.316,-9.11723572586384
5973.816,-9.12857212232121
5981.316,-9.13988841878487
5988.816,-9.15120471524853
5996.316,-9.16252101171218
6003.816,-9.17385740816956
6011.316,-9.18517370463322
6018.816,-9.20143459955169
6026.316,-9.2334940895331
6033.816,-9.28167377447695
6041.316,-9.34601385437067
6048.816,-9.42552942952205
6056.316,-9.50844190361191
6063.816,-9.59137447769548
6071.316,-9.67428695178533
6078.816,-9.75719942587518
6086.316,-9.84011189996503
6093.816,-9.92302437405488
6101.316,-10.0059569481385
6108.816,-10.0888694222283
6116.316,-10.1717818963182
6123.816,-10.254694370408
6131.316,-10.3376269444916
6138.816,-10.4205394185814
6146.316,-10.5034518926713
6153.816,-10.5863643667611
6161.316,-10.6692969408447
6168.816,-10.7405916185651
6176.316,-10.7892738033519
6183.816,-10.8153434952052
6191.316,-10.8188207941185
6198.816,-10.7996655001045
6206.316,-10.757897713157
6213.816,-10.6935174332758
6221.316,-10.6181223568368
6228.816,-10.5427272803977
6236.316,-10.4673322039587
6243.816,-10.3919371275196
6251.316,-10.3165420510806
6258.816,-10.2411469746416
6266.316,-10.1657518982025
6273.816,-10.0903568217635
6281.316,-10.0149617453245
6288.816,-9.93956666888542
6296.316,-9.86417159244638
6303.816,-9.78877651600734
6311.316,-9.7133814395683
6318.816,-9.63800646312298
6326.316,-9.57473168289635
6333.816,-9.53406939560331
6341.316,-9.51599950125016
6348.816,-9.5201199999625
6356.316,-9.53143629642616
6363.816,-9.54275259288982
6371.316,-9.55406888935347
6378.816,-9.56538518581713
6386.316,-9.57670148228079
6393.816,-9.58801777874444
6401.316,-9.59935417520182
6408.816,-9.61067047166548
6416.316,-9.62198676812914
6423.816,-9.63330306459279
6431.316,-9.64461936105645
6438.816,-9.65593565752011
6446.316,-9.66727205397748
6453.816,-9.67858835044114
6461.316,-9.6899046469048
6468.816,-9.70122094336845
6476.316,-9.71253723983211
6483.816,-9.72385353629577
6491.316,-9.73516983275943
6498.816,-9.7465062292168
6506.316,-9.75975212507746
6513.816,-9.79171111509028
6521.316,-9.84628259803669
6528.816,-9.9234665739167
6536.316,-10.0232630427303
6543.816,-10.1456720044775
6551.316,-10.290713559152
6558.816,-10.4583475067664
6566.316,-10.6485939473144
6573.816,-10.861452880796
6581.316,-11.0969243072112
6588.816,-11.3550082265599
6596.316,-11.635724738836
6603.816,-11.9352146452454
6611.316,-12.236694451033
6618.816,-12.5381943568143
6626.316,-12.8396741626018
6633.816,-13.1411539683894
6641.316,-13.4426538741707
6648.816,-13.7441336799582
6656.316,-14.0456335857395
6663.816,-14.3471133915271
6671.316,-14.6485931973146
6678.816,-14.9500931030959
6686.316,-15.2511307090217
6693.816,-15.5368119197463
6701.316,-15.7998806375373
6708.816,-16.0403368623947
6716.316,-16.2582006943123
6723.816,-16.4534319333025
6731.316,-16.6260506793592
6738.816,-16.7760569324822
6746.316,-16.9034707926654
6753.816,-17.0082520599212
6761.316,-17.0904208342435
6768.816,-17.1499771156322
6776.316,-17.1869410040809
6783.816,-17.2012722996024
6791.316,-17.1929911021903
6798.816,-17.1620974118446
6806.316,-17.108611328559
6813.816,-17.032492652346
6821.316,-16.9337614831995
6828.816,-16.8124178211194
6836.316,-16.6684817660994
6843.816,-16.5019131181522
6851.316,-16.3127319772713
6858.816,-16.1009383434568
6866.316,-15.8665322167087
6873.816,-15.6095336970207
6881.316,-15.3299025844054
6888.816,-15.0308749778516
6896.316,-14.7293549720766
6903.816,-14.4278349663016
6911.316,-14.1263350605203
6918.816,-13.8248150547453
6926.316,-13.523315148964
6933.816,-13.221795143189
6941.316,-12.920275137414
6948.816,-12.6187752316327
6956.316,-12.3172552258577
6963.816,-12.0157553200765
6971.316,-11.7142755142889
6978.816,-11.4255190045253
6986.316,-11.1593749876953
6993.816,-10.9158434637989
7001.316,-10.6949244328361
7008.816,-10.4966178948069
7016.316,-10.3209238497113
7023.816,-10.1678422975493
7031.316,-10.0373732383209
7038.816,-9.92951667202604
7046.316,-9.84427259866481
7053.816,-9.78164101823718
7061.316,-9.74162193074315
7068.816,-9.72363243636486
7076.316,-9.71233623989493
7083.816,-9.70106014341871
7091.316,-9.68978404694249
7098.816,-9.67848785047255
7106.316,-9.66721175399633
7113.816,-9.65591555752639
7121.316,-9.64463946105017
7128.816,-9.63334326458023
7136.316,-9.62206716810401
7143.816,-9.61077097163407
7151.316,-9.59949487515785
7158.816,-9.58821877868163
7158.9825,-9.58795747876329
7268.8733,-8.32284377411132
7270.3733,-8.30376888007223
7271.8733,-8.28288498659844
7273.3733,-8.26019209368997
7274.8733,-8.23569020134681
7276.3733,-8.20937930956897
7277.8733,-8.18123931836271
7279.3733,-8.15131042771549
7280.8733,-8.11957253763358
7282.3733,-8.08602564811699
7283.8733,-8.0506697591657
7285.3733,-8.01350487077973
7286.8733,-7.97453098295907
7288.3733,-7.93372799571
7289.8733,-7.89113610901997
7291.3733,-7.84673522289524
7292.8733,-7.80052533733583
7294.3733,-7.75250645234173
7295.8733,-7.70267856791295
7297.3733,-7.65104168404947
7298.8733,-7.59759580075131
7300.3733,-7.54232081802475
7301.8733,-7.48525693585721
7303.3733,-7.42638405425498
7304.8733,-7.3661644730736
7306.3733,-7.30586449191735
7307.8733,-7.24556451076109
7309.3733,-7.18526452960484
7310.8733,-7.1249846484423
7312.3733,-7.06468466728604
7313.8733,-7.00438468612979
7315.3733,-6.94408470497353
7316.8733,-6.88378472381727
7318.3733,-6.82348474266102
7319.8733,-6.76320486149848
7321.3733,-6.70290488034223
7322.8733,-6.64260489918597
7324.3733,-6.58230491802971
7325.8733,-6.52200493687346
7327.3733,-6.4617049557172
7328.8733,-6.40142507455466
7330.3733,-6.34112509339841
7331.8733,-6.28082511224215
7333.3733,-6.2205251310859
7334.8733,-6.16022514992964
7336.3733,-6.09992516877339
7337.8733,-6.03964528761085
7339.3733,-5.97934530645459
7340.8733,-5.91904532529834
7342.3733,-5.85874534414208
7343.8733,-5.79844536298582
7345.3733,-5.73814538182957
7346.8733,-5.67784540067331
7348.3733,-5.61756551951078
7349.8733,-5.55726553835452
7349.96,-5.55475303913968
7351.46,-5.49445305798342
7352.96,-5.43415307682716
7354.46,-5.37385309567091
7355.96,-5.31355311451465
7357.46,-5.2532531333584
7358.96,-5.19295315220214
7360.46,-5.13265317104588
7361.96,-5.07235318988963
7363.46,-5.01205320873337
7364.96,-4.95175322757712
7366.46,-4.89145324642086
7367.96,-4.83115326526461
7369.46,-4.77085328410835
7370.96,-4.71055330295209
7372.46,-4.65025332179584
7373.96,-4.58995334063958
7375.46,-4.52967345947704
7376.96,-4.46937347832079
7378.46,-4.40907349716453
7379.96,-4.34877351600828
7381.46,-4.28847353485202
7382.96,-4.22817355369577
7384.46,-4.16787357253951
7385.96,-4.10757359138325
7387.46,-4.047273610227
7388.96,-3.98697362907074
7390.46,-3.92667364791449
7391.96,-3.86637366675823
7393.46,-3.80607368560197
7394.96,-3.74577370444572
7396.46,-3.68547372328946
7397.96,-3.62517374213321
7399.46,-3.56487376097695
7400.96,-3.50457377982069
7402.46,-3.44427379866444
7403.96,-3.38397381750818
7405.46,-3.32367383635193
7406.96,-3.26337385519567
7408.46,-3.20307387403941
7409.96,-3.14277389288316
7411.46,-3.0824739117269
7412.96,-3.02217393057065
7414.46,-2.96187394941439
7415.96,-2.90159406825185
7417.46,-2.8412940870956
7418.96,-2.78099410593934
7420.46,-2.72069412478309
7421.96,-2.66039414362683
7423.46,-2.60009416247057
7424.96,-2.53979418131432
7426.46,-2.47949420015806
7427.96,-2.41919421900181
7429.46,-2.35889423784555
7430.96,-2.2985942566893
7432.46,-2.23829427553304
7433.96,-2.17799429437678
7435.46,-2.11769431322053
7436.96,-2.05739433206427
7438.46,-1.99709435090802
7439.96,-1.93679436975176
7441.46,-1.8764943885955
7442.96,-1.81619440743925
7444.46,-1.75589442628299
7445.96,-1.69559444512674
7447.46,-1.63529446397048
7448.96,-1.57499448281422
7450.46,-1.51469450165797
7451.96,-1.45439452050171
7453.46,-1.39409453934546
7454.96,-1.3337945581892
7456.46,-1.27351467702666
7457.96,-1.21321469587041
7459.46,-1.15291471471415
7460.96,-1.0926147335579
7462.46,-1.03231475240164
7463.96,-0.972014771245385
7465.46,-0.911714790089128
7466.96,-0.851414808932872
7468.46,-0.791114827776616
7469.96,-0.730814846620361
7471.46,-0.670514865464105
7472.96,-0.610214884307849
7474.46,-0.549914903151593
7475.96,-0.489614921995337
7477.46,-0.429314940839082
7478.96,-0.369014959682826
7480.46,-0.308714978526569
7481.96,-0.248414997370314
7483.46,-0.188115016214057
7484.96,-0.127815035057802
7486.46,-0.0675150539015457
7487.96,-0.00721507274529021
7489.46,0.0530849084109661
7490.96,0.113384889567222
7492.46,0.173684870723477
7493.96,0.233984851879734
7495.46,0.29426473304227
7496.96,0.354564714198527
7498.46,0.414864695354782
7499.96,0.475164676511039
7501.46,0.535464657667294
7502.96,0.59576463882355
7504.46,0.656064619979806
7505.96,0.716364601136061
7507.46,0.776664582292319
7508.96,0.836964563448573
7510.46,0.897264544604829
7511.96,0.957564525761086
7513.46,1.01786450691734
7514.96,1.0781644880736
7516.46,1.13846446922985
7517.96,1.19876445038611
7519.46,1.25906443154237
7520.96,1.31936441269862
7522.46,1.37966439385488
7523.96,1.43996437501113
7525.46,1.50026435616739
7526.96,1.56056433732365
7528.46,1.6208643184799
7529.96,1.68116429963616
7531.46,1.74146428079241
7532.96,1.80176426194867
7534.46,1.86206424310492
7535.96,1.92234412426746
7537.46,1.98264410542372
7538.96,2.04294408657997
7540.46,2.10324406773623
7541.96,2.16354404889248
7543.46,2.22384403004874
7544.96,2.284144011205
7546.46,2.34444399236125
7547.96,2.40474397351751
7549.46,2.46504395467376
7550.96,2.52534393583002
7552.46,2.58564391698628
7553.96,2.64594389814253
7555.46,2.70624387929879
7556.96,2.76654386045504
7558.46,2.8268438416113
7559.96,2.88714382276756
7561.46,2.94744380392381
7562.96,3.00774378508007
7564.46,3.06804376623632
7565.96,3.12834374739258
7567.46,3.18864372854883
7568.96,3.24894370970509
7570.46,3.30924369086135
7571.96,3.3695436720176
7573.46,3.42984365317386
7574.96,3.49014363433011
7576.46,3.55042351549265
7577.96,3.61072349664891
7579.46,3.67102347780516
7580.96,3.73132345896142
7582.46,3.79162344011768
7583.96,3.85192342127393
7585.46,3.91222340243019
7586.96,3.97252338358644
7588.46,4.0328233647427
7589.96,4.09312334589895
7591.46,4.15342332705521
7592.96,4.21372330821147
7594.46,4.27402328936772
7595.96,4.33432327052398
7597.46,4.39462325168024
7598.96,4.45492323283649
7600.46,4.51522321399274
7601.96,4.575523195149
7603.46,4.63582317630526
7604.96,4.69612315746151
7606.46,4.75642313861777
7607.96,4.81672311977403
7609.46,4.87702310093028
7610.96,4.93732308208654
7612.46,4.99762306324279
7613.96,5.05792304439905
7615.46,5.1182230255553
7616.96,5.17850290671784
7618.46,5.2388028878741
7619.96,5.29910286903035
7621.46,5.35940285018661
7622.96,5.41970283134287
7624.46,5.48000281249912
7625.96,5.54030279365538
7627.46,5.60060277481163
7628.96,5.66090275596789
7630.46,5.72120273712415
7631.96,5.7815027182804
7633.46,5.84180269943666
7634.96,5.90210268059291
7636.46,5.96240266174917
7637.96,6.02270264290542
7639.46,6.08300262406168
7640.96,6.14330260521794
7642.46,6.20360258637419
7643.96,6.26390256753045
7645.46,6.3242025486867
7646.96,6.38450252984296
7648.46,6.44480251099922
7649.96,6.50510249215547
7651.46,6.56540247331173
7652.96,6.62570245446798
7654.46,6.68600243562424
7655.96,6.74628231678678
7657.46,6.80658229794303
7658.96,6.86688227909929
7660.46,6.92718226025554
7661.96,6.9874822414118
7663.46,7.04778222256805
7664.96,7.10808220372431
7666.46,7.16838218488057
7667.96,7.22868216603682
7669.46,7.28898214719308
7670.96,7.34928212834934
7672.46,7.40958210950559
7673.96,7.46988209066184
7675.46,7.5301820718181
7676.96,7.59048205297436
7678.46,7.65078203413061
7679.96,7.71108201528687
7681.46,7.77138199644313
7682.96,7.83168197759938
7684.46,7.89198195875564
7685.96,7.95228193991189
7687.46,8.01258192106815
7688.96,8.0728819022244
7690.46,8.13318188338066
7691.96,8.19348186453692
7693.46,8.25378184569317
7694.96,8.31408182684943
7696.46,8.37436170801197
7697.96,8.43466168916822
7699.46,8.49496167032448
7700.96,8.55526165148073
7702.46,8.61556163263699
7703.96,8.67586161379325
7705.46,8.7361615949495
7706.96,8.79646157610576
7708.46,8.85676155726201
7709.96,8.91706153841827
7711.46,8.97736151957453
7712.96,9.03766150073078
7714.46,9.09796148188704
7715.96,9.15826146304329
7717.46,9.21856144419955
7718.96,9.27886142535581
7720.46,9.33916140651206
7721.96,9.39946138766832
7723.46,9.45976136882457
7724.96,9.52006134998083
7726.46,9.58036133113708
7727.96,9.64066131229334
7729.46,9.7009612934496
7730.96,9.76126127460585
7732.46,9.82156125576211
7733.96,9.88186123691837
7735.46,9.94216121807462
7736.96,10.0024410992372
7738.46,10.0627410803934
7739.96,10.1230410615497
7741.46,10.1833410427059
7742.96,10.2436410238622
7744.46,10.3039410050184
7745.96,10.3642409861747
7747.46,10.4245409673309
7748.96,10.4848409484872
7750.46,10.5451409296435
7751.96,10.6054409107997
7753.46,10.665740891956
7754.96,10.7260408731122
7756.46,10.7863408542685
7757.96,10.8466408354247
7759.46,10.906940816581
7760.96,10.9672407977373
7762.46,11.0275407788935
7763.96,11.0878407600498
7765.46,11.148140741206
7766.96,11.2084407223623
7768.46,11.2687407035185
7769.96,11.3290406846748
7771.46,11.389340665831
7772.96,11.4496406469873
7774.46,11.5099406281436
7775.96,11.5702205093061
7777.46,11.6305204904623
7778.96,11.6908204716186
7780.46,11.7511204527749
7781.96,11.8114204339311
7783.46,11.8717204150874
7784.96,11.9320203962436
7786.46,11.9923203773999
7787.96,12.0526203585561
7789.46,12.1129203397124
7790.96,12.1732203208687
7792.46,12.2335203020249
7793.96,12.2938202831812
7795.46,12.3541202643374
7796.96,12.4144202454937
7798.46,12.4747202266499
7799.96,12.5350202078062
7801.46,12.5953201889624
7802.96,12.6556201701187
7804.46,12.715920151275
7805.96,12.7762201324312
7807.46,12.8365201135875
7808.96,12.8968200947437
7810.46,12.9569793759439
7811.96,13.0163547573891
7813.46,13.074825639117
7814.96,13.1323920211275
7816.46,13.1890338034269
7817.96,13.2447911860028
7819.46,13.2996440688612
7820.96,13.3535924520024
7822.46,13.4066363354261
7823.96,13.4587556191389
7825.46,13.509990503128
7826.96,13.5603208873997
7828.46,13.6097467719541
7829.96,13.6582480567975
7831.46,13.7058649419172
7832.96,13.7525773273196
7834.46,13.7983852130046
7835.96,13.8432684989786
7837.46,13.8872673852289
7838.96,13.9303617717619
7840.46,13.9725516585776
7841.96,14.0138169456822
7843.46,14.0541978330632
7844.96,14.0936742207268
7846.46,14.1322461086731
7847.96,14.169913496902
7849.46,14.2066562854199
7850.96,14.2425146742142
7852.46,14.2774685632911
7853.96,14.3115179526506
7855.46,14.3446427422991
7856.96,14.376883132224
7858.46,14.4082190224316
7859.96,14.4386504129217
7861.46,14.4681572037009
7862.96,14.4967795947564
7864.46,14.5244974860945
7865.96,14.5513108777154
7867.46,14.5772197696188
7868.96,14.6022040618112
7870.46,14.62630395428
7871.96,14.6494993470315
7873.46,14.6721118399651
7874.96,14.6947243328986
7876.46,14.7173368258322
7877.96,14.7399493187658
7879.46,14.7625618116994
7880.96,14.785174304633
7882.46,14.8077867975666
7883.96,14.8303992905002
7885.46,14.8530117834338
7886.96,14.8756242763674
7888.46,14.898236769301
7889.96,14.9208492622346
7891.46,14.9434617551682
7892.96,14.9660742481018
7894.46,14.9886867410354
7895.96,15.011299233969
7897.46,15.0339117269026
7898.96,15.0565242198362
7900.46,15.0791367127698
7901.96,15.1017492057034
7903.46,15.124361698637
7904.96,15.1469741915706
7906.46,15.1695866845042
7907.96,15.1921991774378
7909.46,15.2148116703714
7910.96,15.2374040633112
7912.46,15.2600165562448
7913.96,15.2826290491784
7915.46,15.305241542112
7916.96,15.3278540350456
7918.46,15.3504665279792
7919.96,15.3730790209128
7921.46,15.3956915138464
7922.96,15.41830400678
7924.46,15.4409164997136
7925.96,15.4635289926472
7927.46,15.4861414855808
7928.96,15.5087539785144
7930.46,15.531366471448
7931.96,15.5539789643816
7933.46,15.5765914573152
7934.96,15.5992039502488
7936.46,15.6218164431824
7937.96,15.644428936116
7939.46,15.6670414290496
7940.96,15.6896539219831
7942.46,15.7122664149167
7943.96,15.7348789078503
7945.46,15.7574914007839
7946.96,15.7801038937175
7948.46,15.8027163866511
7949.96,15.8253288795847
7951.46,15.8479413725183
7952.96,15.8705538654519
7954.46,15.8931663583855
7955.96,15.9157788513191
7957.46,15.9383913442527
7958.96,15.9610038371863
7960.46,15.9835962301262
7961.96,16.0062087230598
7963.46,16.0288212159934
7964.96,16.051433708927
7966.46,16.0740462018606
7967.96,16.0966586947942
7969.46,16.1192711877278
7970.96,16.1418836806613
7972.46,16.1644961735949
7973.96,16.1871086665285
7975.46,16.2097211594621
7976.96,16.2323336523957
7978.46,16.2549461453293
7979.96,16.2775586382629
7981.46,16.3001711311965
7982.96,16.3227836241301
7984.46,16.3453961170637
7985.96,16.3680086099973
7987.46,16.3906211029309
7988.96,16.4132335958645
7990.46,16.4358460887981
7991.96,16.4584585817317
7993.46,16.4810710746653
7994.96,16.5036835675989
7996.46,16.5262960605325
7997.96,16.5489085534661
7999.46,16.5715210463997
8000.96,16.5941335393333
8002.46,16.6167460322669
8003.96,16.6393585252005
8005.46,16.6619710181341
8006.96,16.6845835110677
8008.46,16.7071960040012
8009.96,16.7298084969348
8011.46,16.7524008898747
8012.96,16.7750133828083
8014.46,16.7976258757419
8015.96,16.8202383686755
8017.46,16.8428508616091
8018.96,16.8654633545427
8020.46,16.8880758474763
8021.96,16.9102260405544
8023.46,16.9306476341726
8024.96,16.9492602283562
8026.46,16.9660638231051
8027.96,16.9810584184192
8029.46,16.9942440142987
8030.96,17.0056206107436
8032.46,17.0151882077537
8033.96,17.0229267053354
8035.46,17.0288763034762
8036.96,17.0330169021822
8038.46,17.0355495013908
8039.96,17.037820800681
8041.46,17.0400920999712
8042.96,17.0423633992614
8044.46,17.0446346985517
8045.96,17.0469059978419
8047.46,17.0491772971321
8048.96,17.0514485964223
8050.46,17.0537198957125
8051.96,17.055971095009
8053.46,17.0582423942993
8054.96,17.0605136935895
8056.46,17.0627849928797
8057.96,17.0650562921699
8059.46,17.0673275914601
8060.96,17.0695988907503
8062.46,17.0718701900406
8063.96,17.0741414893308
8065.46,17.076412788621
8066.96,17.0786840879112
8068.46,17.0809553872014
8069.96,17.0832266864917
8071.46,17.0854979857819
8072.96,17.0877692850721
8074.46,17.0900405843623
8075.96,17.0923118836525
8077.46,17.0945831829428
8078.96,17.096854482233
8080.46,17.0991257815232
8081.96,17.1013970808134
8083.46,17.1036683801036
8084.96,17.1059396793939
8086.46,17.1082109786841
8087.96,17.1104822779743
8089.46,17.1127535772645
8090.96,17.1150248765547
8092.46,17.1172760758512
8093.96,17.1195473751414
8095.46,17.1218186744317
8096.96,17.1240899737219
8098.46,17.1263612730121
8099.96,17.1286325723023
8101.46,17.1309038715925
8102.96,17.1331751708828
8104.46,17.135446470173
8105.96,17.1377177694632
8107.46,17.1399890687534
8108.96,17.1422603680436
8110.46,17.1445316673339
8111.96,17.1468029666241
8113.46,17.1490742659143
8114.96,17.1513455652045
8116.46,17.1536168644947
8117.96,17.155888163785
8119.46,17.1581594630752
8120.96,17.1604307623654
8122.46,17.1627020616556
8123.96,17.1649733609458
8125.46,17.167244660236
8126.96,17.1695159595263
8128.46,17.1717872588165
8129.96,17.1740585581067
8131.46,17.1765308573341
8132.96,17.1798674562914
8134.46,17.1841085549661
8135.96,17.1892541533581
8137.46,17.1953042514674
8138.96,17.2022588492941
8140.46,17.2101179468381
8141.96,17.2188815440995
8143.46,17.2285496410782
8144.96,17.2391222377743
8146.46,17.2505993341877
8147.96,17.2629809303185
8149.46,17.2762670261666
8150.96,17.290457621732
8152.46,17.3055527170148
8153.96,17.3215523120149
8155.46,17.3384564067324
8156.96,17.3562650011672
8158.46,17.3749780953193
8159.96,17.3946157891826
8161.46,17.4151378827694
8162.96,17.4365644760736
8164.46,17.4588955690951
8165.96,17.482131161834
8167.46,17.5062712542902
8168.96,17.5313158464638
8170.46,17.5572649383547
8171.96,17.584118529963
8173.46,17.6118766212886
8174.96,17.6405392123315
8176.46,17.6701063030918
8177.96,17.7005778935694
8179.46,17.7319539837644
8180.96,17.7642345736767
8182.46,17.7974196633064
8183.96,17.8315092526534
8185.46,17.8665033417177
8186.96,17.9024019304994
8188.46,17.9392050189984
8189.96,17.9769126072148
8191.46,18.0155246951485
8192.96,18.0550412827996
8194.46,18.095462370168
8195.96,18.1367879572538
8197.46,18.1790180440569
8198.96,18.2221526305773
8200.46,18.2661917168151
8201.96,18.3106730029147
8203.46,18.3551341890206
8203.707,18.3624706867279
8205.207,18.4069318728338
8206.707,18.4513930589397
8208.207,18.4958743450393
8209.707,18.5403355311451
8211.207,18.5848168172447
8212.707,18.6292780033506
8214.207,18.6737592894502
8215.707,18.7182204755561
8217.207,18.762681661662
8218.707,18.8071629477616
8220.207,18.8516241338675
8221.707,18.8961054199671
8223.207,18.9405666060729
8224.707,18.9850277921788
8226.207,19.0295090782784
8227.707,19.0739702643843
8229.207,19.1184515504839
8230.707,19.1629127365898
8232.207,19.2073940226894
8233.707,19.2518552087952
8235.207,19.2963163949011
8236.707,19.3407976810007
8238.207,19.3852588671066
8239.707,19.4297401532062
8241.207,19.4742013393121
8242.707,19.5186826254117
8244.207,19.5631438115176
8245.707,19.6076049976234
8247.207,19.652086283723
8248.707,19.6965474698289
8250.207,19.7410287559285
8251.707,19.7854899420344
8253.207,19.829971228134
8254.707,19.8744324142399
8256.207,19.9188936003457
8257.707,19.9633748864454
8259.207,20.0078360725512
8260.707,20.0523173586508
8262.207,20.0967785447567
8263.707,20.1412598308563
8265.207,20.1857210169622
8266.707,20.2301822030681
8268.207,20.2746634891677
8269.707,20.3191246752735
8271.207,20.3636059613731
8272.707,20.408067147479
8274.207,20.4525283335849
8275.707,20.4970096196845
8277.207,20.5414708057904
8278.707,20.58595209189
8280.207,20.6304132779959
8281.707,20.6748945640954
8283.207,20.7193557502013
8284.707,20.7638169363072
8286.207,20.8082982224068
8287.707,20.8527594085127
8289.207,20.8972406946123
8290.707,20.9417018807182
8292.207,20.9861831668178
8293.707,21.0306443529236
8295.207,21.0751055390295
8296.707,21.1195868251291
8298.207,21.164048011235
8299.707,21.2085292973346
8301.207,21.2529904834405
8302.707,21.2974717695401
8304.207,21.341932955646
8305.707,21.3863941417518
8307.207,21.4308754278514
8308.707,21.4753366139573
8310.207,21.5198179000569
8311.707,21.5642790861628
8313.207,21.6087603722624
8314.707,21.6532215583683
8316.207,21.6976827444741
8317.707,21.7421640305737
8319.207,21.7866252166796
8320.707,21.8311065027792
8322.207,21.8755676888851
8323.707,21.9200489749847
8325.207,21.9645101610906
8326.707,22.0089713471965
8328.207,22.0534526332961
8329.707,22.0979138194019
8331.207,22.1423951055015
8332.707,22.1868562916074
8334.207,22.2313174777133
8335.707,22.2757987638129
8337.207,22.3202599499188
8338.707,22.3647412360184
8340.207,22.4092024221242
8341.707,22.4536837082238
8343.207,22.4981448943297
8344.707,22.5426060804356
8346.207,22.5870873665352
8347.707,22.6315485526411
8349.207,22.6760298387407
8350.707,22.7204910248466
8352.207,22.7649723109462
8353.707,22.809433497052
8355.207,22.8538946831579
8356.707,22.8983759692575
8358.207,22.9428371553634
8359.707,22.987318441463
8361.207,23.0317796275689
8362.707,23.0762609136685
8364.207,23.1207220997743
8365.707,23.1651832858802
8367.207,23.2096645719798
8368.707,23.2541257580857
8370.207,23.2986070441853
8371.707,23.3430682302912
8373.207,23.3875495163908
8374.707,23.4320107024967
8376.207,23.4764718886025
8377.707,23.5209531747021
8379.207,23.565414360808
8380.707,23.6098956469076
8382.207,23.6543568330135
8383.707,23.6988180191194
8385.207,23.743299305219
8386.707,23.7877604913248
8388.207,23.8322417774244
8389.707,23.8767029635303
8391.207,23.9211842496299
8392.707,23.9656454357358
8394.207,24.0101066218417
8395.707,24.0545879079413
8397.207,24.0990490940472
8398.707,24.1435303801468
8400.207,24.1879915662526
8401.707,24.2324728523522
8403.207,24.2769340384581
8404.707,24.321395224564
8406.207,24.3658765106636
8407.707,24.4103376967695
8409.207,24.4548189828691
8410.707,24.4992801689749
8412.207,24.5437614550745
8413.707,24.5882226411804
8415.207,24.6326838272863
8416.707,24.6771651133859
8418.207,24.7216262994918
8419.707,24.7661075855914
8421.207,24.8105687716973
8422.707,24.8550500577969
8424.207,24.8995112439027
8425.707,24.9439724300086
8427.207,24.9884537161082
8428.707,25.0329149022141
8430.207,25.0773961883137
8431.707,25.1218573744196
8433.207,25.1663185605255
8434.707,25.210799846625
8436.207,25.2552610327309
8437.707,25.2997423188305
8439.207,25.3442035049364
8440.707,25.388684791036
8442.207,25.4331459771419
8443.707,25.4776071632478
8445.207,25.5220884493474
8446.707,25.5665496354532
8448.207,25.6110309215528
8449.707,25.6554921076587
8451.207,25.6999733937583
8452.707,25.7444345798642
8454.207,25.7888957659701
8455.707,25.8333770520697
8457.207,25.8778382381755
8458.707,25.9223195242752
8460.207,25.966780710381
8461.707,26.0112619964806
8463.207,26.0557231825865
8464.707,26.1001843686924
8466.207,26.144665654792
8467.707,26.1891268408979
8469.207,26.2336081269975
8470.707,26.2780693131033
8472.207,26.3225505992029
8473.707,26.3670117853088
8475.207,26.4114729714147
8476.707,26.4559542575143
8478.207,26.5004154436202
8479.707,26.5448967297198
8481.207,26.5893579158257
8482.707,26.6338392019252
8484.207,26.6783003880311
8485.707,26.722761574137
8487.207,26.7672428602366
8488.707,26.8117040463425
8490.207,26.8561853324421
8491.707,26.900646518548
8493.207,26.9451077046538
8494.707,26.9895889907534
8496.207,27.0340501768593
8497.707,27.0785314629589
8499.207,27.1229926490648
8500.707,27.1674739351644
8502.207,27.2119351212703
8503.707,27.2563963073762
8505.207,27.3008775934758
8506.707,27.3453387795816
8508.207,27.3898200656812
8509.707,27.4342812517871
8511.207,27.4787625378867
8512.707,27.5232237239926
8514.207,27.5676849100985
8515.707,27.6121661961981
8517.207,27.6566273823039
8518.707,27.7011086684035
8520.207,27.7455698545094
8521.707,27.790051140609
8523.207,27.8345123267149
8524.707,27.8789735128208
8526.207,27.9234547989204
8527.707,27.9679159850263
8529.207,28.0123972711258
8530.707,28.0568584572317
8532.207,28.1013397433313
8533.707,28.1458009294372
8535.207,28.1902621155431
8536.707,28.2347434016427
8538.207,28.2792045877486
8539.707,28.3236858738482
8541.207,28.368147059954
8542.707,28.4126082460599
8544.207,28.4570895321595
8545.707,28.5015507182654
8547.207,28.546032004365
8548.707,28.5904931904709
8550.207,28.6349744765705
8551.707,28.6794356626764
8553.207,28.7238968487822
8554.707,28.7683781348818
8556.207,28.8128393209877
8557.707,28.8573206070873
8559.207,28.9017817931932
8560.707,28.9462630792928
8562.207,28.9907242653987
8563.707,29.0351854515045
8565.207,29.0796667376041
8566.707,29.12412792371
8568.207,29.1686092098096
8569.707,29.2130703959155
8571.207,29.2575516820151
8572.707,29.302012868121
8574.207,29.3464740542269
8575.707,29.3909553403265
8577.207,29.4354165264323
8578.707,29.4798978125319
8580.207,29.5243589986378
8581.707,29.5688402847374
8583.207,29.6133014708433
8584.707,29.6577626569492
8586.207,29.7022439430488
8587.707,29.7467051291546
8589.207,29.7911864152542
8590.707,29.8356476013601
8592.207,29.880108787466
8593.707,29.9245900735656
8595.207,29.9690512596715
8596.707,30.0135325457711
8598.207,30.057993731877
8599.707,30.1024750179766
8601.207,30.1469362040824
8602.707,30.1913973901883
8604.207,30.2358786762879
8605.707,30.2803398623938
8607.207,30.3248211484934
8608.707,30.3692823345993
8610.207,30.4137636206989
8611.707,30.4582248068048
8613.207,30.5026859929106
8614.707,30.5471672790102
8616.207,30.5916284651161
8617.707,30.6361097512157
8619.207,30.6805709373216
8620.707,30.7250522234212
8622.207,30.7695134095271
8623.707,30.8139745956329
8625.207,30.8584558817325
8626.707,30.9029170678384
8628.207,30.947398353938
8629.707,30.9918595400439
8631.207,31.0363408261435
8632.707,31.0808020122494
8634.207,31.1252631983553
8635.707,31.1697444844548
8637.207,31.2142056705607
8638.707,31.2586869566603
8640.207,31.3031481427662
8641.707,31.3476093288721
8643.207,31.3920906149717
8644.707,31.4365518010776
8646.207,31.4810330871772
8647.707,31.525494273283
8649.207,31.5699755593826
8650.707,31.6144367454885
8652.207,31.6588979315944
8653.707,31.703379217694
8655.207,31.7478404037999
8656.707,31.7923216898995
8658.207,31.8367828760053
8659.707,31.8812641621049
8661.207,31.9257253482108
8662.707,31.9701865343167
8664.207,32.0146678204163
8665.707,32.0591290065222
8667.207,32.1036102926218
8668.707,32.1480714787277
8670.207,32.1925527648273
8671.707,32.2370139509331
8673.207,32.281475137039
8674.707,32.3259564231386
8676.207,32.3704176092445
8677.707,32.4148988953441
8679.207,32.45936008145
8680.707,32.5038413675496
8682.207,32.5483025536554
8683.707,32.5927637397613
8685.207,32.6372450258609
8686.707,32.6817062119668
8688.207,32.7261874980664
8689.707,32.7706486841723
8691.207,32.8151299702719
8692.707,32.8595911563778
8694.207,32.9040523424836
8695.707,32.9485336285832
8697.207,32.9929948146891
8698.707,33.0374761007887
8700.207,33.0819372868946
8701.707,33.1263984730005
8703.207,33.1708797591001
8704.707,33.215340945206
8706.207,33.2598222313056
8707.707,33.3042834174114
8709.207,33.348764703511
8710.707,33.3932258896169
8712.207,33.4376870757228
8713.707,33.4821683618224
8715.207,33.5266295479283
8716.707,33.5711108340279
8718.207,33.6155720201337
8719.707,33.6600533062333
8721.207,33.7045144923392
8722.707,33.7489756784451
8724.207,33.7934569645447
8725.707,33.8379181506506
8727.207,33.8823994367502
8728.707,33.9268606228561
8730.207,33.9713419089556
8731.707,34.0158030950615
8733.207,34.0602642811674
8734.707,34.104745567267
8736.207,34.1492067533729
8737.707,34.1936880394725
8739.207,34.2381492255784
8740.707,34.282630511678
8742.207,34.3270916977838
8743.707,34.3715528838897
8745.207,34.4160341699893
8746.707,34.4604953560952
8748.207,34.5049766421948
8749.707,34.5494378283007
8751.207,34.5938990144066
8752.707,34.6383803005062
8754.207,34.682841486612
8755.707,34.7273227727116
8757.207,34.7717839588175
8758.707,34.8162652449171
8760.207,34.860726431023
8761.707,34.9051876171289
8763.207,34.9496689032285
8764.707,34.9941300893343
8766.207,35.0386113754339
8767.707,35.0830725615398
8769.207,35.1275538476394
8770.707,35.1720150337453
8772.207,35.2164762198512
8773.707,35.2609575059508
8775.207,35.3054186920567
8776.707,35.3498999781563
8778.207,35.3943611642621
8779.707,35.4388424503617
8781.207,35.4833036364676
8782.707,35.5277648225735
8784.207,35.5722461086731
8785.707,35.616707294779
8787.207,35.6611885808786
8788.707,35.7056497669844
8790.207,35.750131053084
8791.707,35.7945922391899
8793.207,35.8390534252958
8794.707,35.8835347113954
8796.207,35.9279958975013
8797.707,35.9724771836009
8799.207,36.0169383697068
8800.707,36.0609372559571
8802.207,36.1038306425529
8803.707,36.1455582295131
8805.207,36.1861803168186
8806.707,36.225676804476
8808.207,36.2640275924914
8809.707,36.3012527808585
8811.207,36.3373523695774
8812.707,36.3723062586543
8814.207,36.406134548083
8815.707,36.4388372378634
8817.207,36.4704143279955
8818.707,36.5008457184857
8820.207,36.5301716093214
8821.707,36.5583518005151
8823.207,36.5853862920668
8824.707,36.611315283964
8826.207,36.6360985762192
8827.707,36.6597562688262
8829.207,36.6822883617849
8830.707,36.7037149550891
8832.207,36.7248199484938
8833.707,36.7459249418985
8835.207,36.7670299353031
8836.707,36.7881349287078
8838.207,36.8092399221125
8839.707,36.8303449155172
8841.207,36.8514499089219
8842.707,36.8725549023266
8844.207,36.8936598957313
8845.707,36.914764889136
8847.207,36.9358698825407
8848.707,36.9569748759453
8850.207,36.97807986935
8851.707,36.9991848627547
8853.207,37.0202898561594
8854.707,37.0413948495641
8856.207,37.0624998429688
8857.707,37.0836048363735
8859.207,37.1047098297782
8860.707,37.1258148231829
8862.207,37.1469198165876
8863.707,37.1680248099922
8865.207,37.1891298033969
8866.707,37.2102347968016
8868.207,37.2313397902063
8869.707,37.252444783611
8871.207,37.2735497770157
8872.707,37.2946547704204
8874.207,37.3157597638251
8875.707,37.3368647572298
8877.207,37.3579697506345
8878.707,37.3790747440391
8880.207,37.4001797374438
8881.707,37.4212847308485
8883.207,37.4423897242532
8884.707,37.4634947176579
8886.207,37.4845997110626
8887.707,37.5057047044673
8889.207,37.526809697872
8890.707,37.5479146912767
8892.207,37.5690196846813
8893.707,37.590124678086
8895.207,37.6112296714907
8896.707,37.6323346648954
8898.207,37.6534396583001
8899.707,37.6745446517048
8901.207,37.6956496451095
8902.707,37.7167546385142
8904.207,37.7378596319189
8905.707,37.7589646253235
8907.207,37.7800696187282
8908.707,37.8011746121329
8910.207,37.8222796055376
8911.707,37.8433845989423
8913.207,37.864489592347
8914.707,37.8855945857517
8916.207,37.9066995791564
8917.707,37.9278045725611
8919.207,37.9489095659658
8920.707,37.9700145593704
8922.207,37.9911195527751
8923.707,38.0122245461798
8925.207,38.0333295395845
8926.707,38.0544345329892
8928.207,38.0755395263939
8929.707,38.0966445197986
8931.207,38.1177495132033
8932.707,38.138854506608
8934.207,38.1599595000127
8935.707,38.1810644934173
8937.207,38.202169486822
8938.707,38.2232744802267
8940.207,38.2443794736314
8941.707,38.2654844670361
8943.207,38.2865894604408
8944.707,38.3086793535377
8946.207,38.3326787460379
8947.707,38.3585675379476
8949.207,38.3863256292732
8950.707,38.4159731200084
8952.207,38.4474899101594
8953.707,38.4809161997137
8955.207,38.5162117886838
8956.707,38.5533967770635
8958.207,38.592451064859
8959.707,38.6334148520579
8961.207,38.6762479386725
8962.707,38.7209704246967
8964.207,38.7675823101305
8965.707,38.8160634949802
8967.207,38.8664340792393
8968.707,38.9186940629081
8970.207,38.9728434459864
8971.707,39.0288621284806
8973.207,39.0867702103843
8974.707,39.1465676916976
8976.207,39.2082545724204
8977.707,39.2718107525591
8979.207,39.3366131323084
8980.707,39.4014356120514
8982.207,39.4662580917943
8983.707,39.5310805715373
8985.207,39.5959030512803
8986.707,39.6607255310233
8988.207,39.7255480107662
8989.707,39.7903704905092
8991.207,39.8551929702522
8992.707,39.9200355499889
8994.207,39.9848580297319
8995.707,40.0496805094748
8997.207,40.1145029892178
8998.707,40.1793254689608
9000.207,40.2441479487038
9001.707,40.3089704284467
9003.207,40.3737929081897
9004.707,40.4386153879327
9006.207,40.5034378676757
9007.707,40.5682603474186
9009.207,40.6330828271616
9010.707,40.6979053069046
9012.207,40.7627277866476
9013.707,40.8275703663843
9015.207,40.8923928461272
9016.707,40.9572153258702
9018.207,41.0220378056132
9019.707,41.0868602853562
9021.207,41.1516827650991
9022.707,41.2165052448421
9024.207,41.2813277245851
9025.707,41.3461502043281
9027.207,41.410972684071
9028.707,41.475795163814
9030.207,41.540617643557
9031.707,41.6054401233
9033.207,41.6702626030429
9034.707,41.7351051827796
9036.207,41.7999276625226
9037.707,41.8647501422656
9039.207,41.9295726220086
9040.707,41.9943951017515
9042.207,42.0592175814945
9043.707,42.1240400612375
9045.207,42.1888625409805
9046.707,42.2536850207234
9048.207,42.3185075004664
9049.707,42.3833299802094
9051.207,42.4481524599524
9052.707,42.5129749396953
9054.207,42.5777974194383
9055.707,42.642639999175
9057.207,42.707462478918
9058.707,42.772284958661
9060.207,42.8371074384039
9061.707,42.9019299181469
9063.207,42.9667523978899
9064.707,43.0315748776328
9066.207,43.0963973573758
9067.707,43.1612198371188
9069.207,43.2260423168618
9070.707,43.2908647966048
9072.207,43.3556872763477
9073.707,43.4205097560907
9075.207,43.4853322358337
9076.707,43.5501748155704
9078.207,43.6149972953133
9079.707,43.6798197750563
9079.999,43.6924425711117
9081.499,43.7572650508547
9082.999,43.8220875305977
9084.499,43.8869100103406
9085.999,43.9517324900836
9087.499,44.0165549698266
9088.999,44.0813774495696
9090.499,44.1461999293125
9091.999,44.2110224090555
9093.499,44.2758448887985
9094.999,44.3406673685414
9096.499,44.4054898482844
9097.999,44.4703123280274
9099.499,44.5351348077704
9100.999,44.5999773875071
9102.499,44.66479986725
9103.999,44.729622346993
9105.499,44.794444826736
9106.999,44.859267306479
9108.499,44.9240897862219
9109.999,44.9889122659649
9111.499,45.0537347457079
9112.999,45.1185572254509
9114.499,45.1833797051938
9115.999,45.2482021849368
9117.499,45.3130246646798
9118.999,45.3778471444228
9120.499,45.4426696241657
9121.999,45.5075122039025
9123.499,45.5723346836454
9124.999,45.6371571633884
9126.499,45.7019796431314
9127.999,45.7668021228743
9129.499,45.8316246026173
9130.999,45.8964470823603
9132.499,45.9612695621033
9133.999,46.0260920418462
9135.499,46.0909145215892
9136.999,46.1557370013322
9138.499,46.2205594810752
9139.999,46.2853819608181
9141.499,46.3502044405611
9142.999,46.4150269203041
9144.499,46.4798695000408
9145.999,46.5446919797838
9147.499,46.6095144595267
9148.999,46.6743369392697
9150.499,46.7391594190127
9151.999,46.8039818987557
9153.499,46.8688043784986
9154.999,46.9336268582416
9156.499,46.9984493379846
9157.999,47.0632718177276
9159.499,47.1280942974705
9160.999,47.1929167772135
9162.499,47.2577392569565
9163.999,47.3225617366994
9165.499,47.3874043164362
9166.999,47.4522267961791
9168.499,47.5170492759221
9169.999,47.5818717556651
9171.499,47.6466942354081
9172.999,47.711516715151
9174.499,47.776339194894
9175.999,47.841161674637
9177.499,47.90598415438
9178.999,47.9708066341229
9180.499,48.0356291138659
9181.999,48.1004515936089
9183.499,48.1652740733519
9184.999,48.2300965530948
9186.499,48.2949391328315
9187.999,48.3597616125745
9189.499,48.4245840923175
9190.999,48.4894065720605
9192.499,48.5542290518034
9193.999,48.6190515315464
9195.499,48.6838740112894
9196.999,48.7486964910323
9198.499,48.8135189707753
9199.999,48.8783414505183
9201.499,48.9431639302613
9202.999,49.0079864100042
9204.499,49.0728088897472
9205.999,49.1376313694902
9207.499,49.2024739492269
9208.999,49.2672964289699
9210.499,49.3321189087128
9211.999,49.3969413884558
9213.499,49.4617638681988
9214.999,49.5265863479418
9216.499,49.5914088276847
9217.999,49.6562313074277
9219.499,49.7210537871707
9220.999,49.7858762669137
9222.499,49.8506987466566
9223.999,49.9155212263996
9225.499,49.9803437061426
9226.999,50.0451661858856
9228.499,50.1100087656223
9229.999,50.1748312453652
9231.499,50.2396537251082
9232.999,50.3044762048512
9234.499,50.3692986845942
9235.999,50.4341211643371
9237.499,50.4989436440801
9238.999,50.5637661238231
9240.499,50.6285886035661
9241.999,50.6934110833091
9243.499,50.758233563052
9244.999,50.823056042795
9246.499,50.8877780225694
9247.999,50.951052802796
9249.499,51.0124381836131
9250.999,51.0719341650206
9252.499,51.1295407470185
9253.999,51.1852579296069
9255.499,51.2391058127794
9256.999,51.2910642965424
9258.499,51.3411333808958
9259.999,51.3893331658334
9261.499,51.4356234513677
9262.999,51.4800444374861
9264.499,51.522576024195
9265.999,51.563238311488
9267.499,51.6020111993715
9268.999,51.6388946878454
9270.499,51.6738887769098
9271.999,51.7069934665645
9273.499,51.7382288568035
9274.999,51.7675748476329
9276.499,51.7950314390527
9277.999,51.8206187310566
9279.499,51.8442965236573
9280.999,51.8661050168422
9282.499,51.8860442106112
9283.999,51.9040739049769
9285.499,51.9202342999268
9286.999,51.9345052954671
9288.499,51.9468868915978
9289.999,51.9573991883128
9291.499,51.9660019856244
9292.999,51.9727354835202
9294.499,51.9775795820064
9295.999,51.9805543810768
9297.499,51.9816397807376
9298.999,51.9816397807376
9300.499,51.9816397807376
9301.999,51.9816397807376
9303.499,51.9816397807376
9304.999,51.9816397807376
9306.499,51.9816397807376
9307.999,51.9816397807376
9309.499,51.9816397807376
9310.999,51.9816397807376
9312.499,51.9816397807376
9313.999,51.9816397807376
9315.499,51.9816397807376
9316.999,51.9816397807376
9318.499,51.9816397807376
9319.999,51.9816397807376
9321.499,51.9816397807376
9322.999,51.9816397807376
9324.499,51.9816397807376
9325.999,51.9816397807376
9327.499,51.9816397807376
9328.999,51.9816397807376
9330.499,51.9816397807376
9331.999,51.9816397807376
9333.499,51.9816397807376
9334.999,51.9816397807376
9336.499,51.9816397807376
9337.999,51.9816397807376
9339.499,51.9816397807376
9340.999,51.9816397807376
9342.499,51.9816397807376
9343.999,51.9816397807376
9345.499,51.9816397807376
9346.999,51.9816397807376
9348.499,51.9816397807376
9349.999,51.9816397807376
9351.499,51.9816397807376
9352.999,51.9816397807376
9354.499,51.9816397807376
9355.999,51.9816397807376
9357.499,51.9816397807376
9358.999,51.9816397807376
9360.499,51.9816397807376
9361.999,51.9816397807376
9363.499,51.9816397807376
9364.999,51.9816397807376
9366.499,51.9816397807376
9367.999,51.9816397807376
9369.499,51.9816397807376
9370.999,51.9816397807376
9372.499,51.9816397807376
9373.999,51.9816397807376
9375.499,51.9816397807376
9376.999,51.9816397807376
9378.499,51.9816397807376
9379.999,51.9816397807376
9381.499,51.9816397807376
9382.999,51.9816397807376
9384.499,51.9816397807376
9385.999,51.9816397807376
9387.499,51.9816397807376
9388.999,51.9816397807376
9390.499,51.9816397807376
9391.999,51.9816397807376
9393.499,51.9816397807376
9394.999,51.9816397807376
9396.499,51.9821422805805
9397.999,51.9844738798519
9399.499,51.9886747785391
9400.999,51.9947851766296
9402.499,52.002764874136
9403.999,52.0126138710582
9405.499,52.0243723673836
9406.999,52.0380001631249
9408.499,52.0535173582758
9409.999,52.0709239528363
9411.499,52.0901998468125
9412.999,52.1113852401921
9414.499,52.1344399329875
9415.999,52.1593639251988
9417.499,52.1861974168133
9418.999,52.2149002078437
9420.499,52.2454923982836
9421.999,52.2779739881331
9423.499,52.3123248773985
9424.999,52.3485852660671
9426.499,52.3867149541516
9427.999,52.4267139416519
9429.499,52.4686224285555
9430.999,52.5124002148749
9432.499,52.5580674006039
9433.999,52.6056239857425
9435.499,52.6550498702969
9436.999,52.7063852542546
9438.499,52.7595899376282
9439.999,52.8146639204175
9441.499,52.8716474026102
9442.999,52.9305001842187
9444.499,52.9912423652368
9445.999,53.0538739456644
9447.499,53.1183748255079
9448.999,53.1847852047546
9450.499,53.2530648834172
9451.999,53.3232138614957
9453.499,53.3952723389774
9454.999,53.469200115875
9456.499,53.5450172921821
9457.999,53.6227238678988
9459.499,53.7022997430313
9460.999,53.7837851175672
9462.499,53.8671397915188
9463.999,53.9523637648863
9465.499,54.0393967376885
9466.999,54.1268317103651
9468.499,54.2142666830417
9469.999,54.3017016557182
9471.499,54.3891366283948
9472.999,54.4765716010714
9474.499,54.564006573748
9475.999,54.6514415464245
9477.499,54.7388765191011
9478.999,54.8263114917777
9480.499,54.9137464644542
9481.999,55.0011814371308
9483.499,55.0886164098074
9484.999,55.1760513824839
9486.499,55.2633858551919
9487.999,55.3492932283459
9489.499,55.4333112020903
9490.999,55.5154598764188
9492.499,55.5957191513378
9493.999,55.6740890268472
9495.499,55.750569502947
9496.999,55.8251605796373
9498.499,55.8978823569118
9499.999,55.9687147347766
9501.499,56.037657713232
9502.999,56.1047313922714
9504.499,56.1699156719014
9505.999,56.2332105521217
9507.499,56.2946160329325
9508.999,56.3541321143337
9510.499,56.4117788963191
9511.999,56.4675362788949
9513.499,56.5214042620612
9514.999,56.5734029458116
9516.499,56.6235122301524
9517.999,56.6717321150837
9519.499,56.7180626006054
9520.999,56.7625036867176
9522.499,56.8050754734139
9523.999,56.8457578607007
9525.499,56.8845508485779
9526.999,56.9214745370392
9528.499,56.956508826091
9529.999,56.9896537157332
9531.499,57.0209092059659
9532.999,57.050275296789
9534.499,57.0777720881962
9535.999,57.1033794801939
9537.499,57.127097472782
9538.999,57.1497300657094
9540.499,57.1723224586492
9541.999,57.1949349515828
9543.499,57.2175474445164
9544.999,57.24015993745
9546.499,57.2627523303899
9547.999,57.2853648233235
9549.499,57.3079773162571
9550.999,57.3305898091907
9552.499,57.3532023021243
9553.999,57.3757946950642
9555.499,57.3984071879977
9556.999,57.4210196809313
9558.499,57.4436321738649
9559.999,57.4662245668048
9561.499,57.4888370597384
9562.999,57.511449552672
9564.499,57.5340620456056
9565.999,57.5566544385455
9567.499,57.5792669314791
9568.999,57.6018794244127
9570.499,57.6244919173463
9571.999,57.6470843102862
9573.499,57.6696968032198
9574.999,57.6923092961533
9576.499,57.7149217890869
9577.999,57.7375141820268
9579.499,57.7601266749604
9580.999,57.782739167894
9582.499,57.8053516608276
9583.999,57.8279641537612
9585.499,57.8505565467011
9586.999,57.8731690396347
9588.499,57.8950579327944
9589.999,57.9150775265383
9591.499,57.9332077208726
9592.999,57.9494686157911
9594.499,57.9638200113063
9595.999,57.9763021074056
9597.499,57.9868948040954
9598.999,57.9956182013693
9599.96,58
