KP,Surface
0.0,6.73
3.82035027267463,6.713459475832097
7.640700399149155,6.6968852624069815
11.461050255603123,6.6802488688529635
15.281400093881949,6.663608302565168
19.101749916593377,6.646964162241771
22.9221000600093,6.630393875557521
26.742450356265927,6.613858785891432
30.562801374540825,6.597491559348898
34.38315259287692,6.581170991343232
38.20350521704029,6.565182797374097
42.02385874515068,6.549414603968616
45.84421376043585,6.534008355762003
49.664572080152034,6.519446003609886
53.48493224744083,6.505377246984117
57.30529150500523,6.491069339402424
61.12563634656726,6.473415958104479
64.9459394570991,6.4484436414182555
68.76618864349852,6.416165083493517
72.5864041119795,6.380077008342675
76.40660212949949,6.342174685228881
80.22679103191986,6.303362226788627
84.04697504658095,6.264070467398298
87.86715659533536,6.224539159788856
91.68733748921409,6.1849445851382026
95.50751973988393,6.145481220471899
99.327706243604,6.106431609803509
103.14790333119407,6.06843452334402
106.9681303249881,6.033629688161032
110.78841164065953,6.005499342981576
114.60873779564334,5.984213727124288
118.42908444476697,5.966894143230614
122.24943791033466,5.951126133349765
126.06979384385092,5.9359504882210725
129.89015175057116,5.92127875149991
133.7105096779743,5.906612410627421
137.53086779847683,5.891996446456374
141.35122591897937,5.877380482285328
145.17158377101998,5.862694693194575
148.99194133405456,5.847933735810582
152.81229889708914,5.833172778426588
156.6326563663138,5.8183876324690775
160.4530134993987,5.803515813968648
164.27337063248365,5.788643995468219
168.09372776556853,5.773772176967792
171.9140848002148,5.758875120401452
175.73444170614687,5.74394506361605
179.5547986120789,5.729015006830649
183.37515551801096,5.7140849500452475
187.19551239938824,5.6991486144879335
191.01586922370646,5.684197688648797
194.83622604802474,5.669246762809662
198.65658287234294,5.654295836970526
202.47693969666116,5.639344911131391
206.2972965206257,5.624393894911615
210.1176533445883,5.609442878195623
213.93801016855087,5.594491861479631
217.75836699251343,5.57954084476364
221.57872387289072,5.564604253518155
225.39908077882282,5.549674196732753
229.21943768475484,5.534744139947351
233.0397945906869,5.5198140831619495
236.86015162308095,5.504916449281278
240.68050875656627,5.490044733630832
244.50086589005156,5.475173017980385
248.32122302353682,5.460301302329938
252.14158048815793,5.445514969265821
255.9619380511925,5.430754011881827
259.78229561422705,5.415993054497835
263.6026536182757,5.401347121272096
267.4230120502939,5.386812809937462
271.24337048231206,5.372278498602829
275.06373077122,5.358241874501497
278.8840912956559,5.3442683770779285
282.7044550809541,5.3312238492153075
286.5248206088909,5.318713192021909
290.3451908839701,5.307724261685253
294.16556636970347,5.29877902402992
297.9859458451198,5.291781511833714
301.8063281022595,5.286441780485078
305.62671180166154,5.282179491334025
309.4470961889214,5.278583816195683
313.26748058512766,5.27499767680791
317.0878649936925,5.271424709812482
320.9082493909866,5.2678397381372655
324.7286337735176,5.264239042064134
328.54901815197024,5.26063403747439
332.3694025052048,5.257002390615936
336.1897868584394,5.253370743757481
340.01017120333006,5.249730335919087
343.83055554354723,5.246085020854096
347.6509398840664,5.242440022631998
351.4713242317397,5.238802530124426
355.2917085794128,5.235165037616855
359.11209292951736,5.2315301006405885
362.9324772827157,5.2278984157309445
366.7528616359141,5.2242667308212996
370.57324600885653,5.220655879280039
374.39363038301843,5.217046314505276
378.214014779477,5.213460468977802
382.0343991880419,5.209887501982373
385.8547836700304,5.206394392896349
389.6751682043273,5.202959257275824
393.49555300381184,5.199832091584501
397.31593822988725,5.197299368826657
401.13632401073835,5.195903672264571
404.9567099468151,5.196539030556801
408.77709476023796,5.199584156552357
412.59747831843976,5.203956698456892
416.4178612244936,5.208879292507788
420.23824391467735,5.213968015515238
424.05862650342317,5.219132403857184
427.87900904643527,5.224330460789031
431.6993915629999,5.229547964738266
435.51977404487343,5.234790816243173
439.3401565266911,5.240033708514114
443.1605390084488,5.245276644433938
446.9809215236687,5.250495130850924
450.80130405880584,5.255698999592834
454.6216866285785,5.260877404238541
458.4420693301802,5.26595745439514
462.2624521847881,5.27092058923728
466.0828353784145,5.275612847016119
469.9032192815182,5.279676886072263
473.72360442939066,5.282297695166717
477.5439903794686,5.283169600363273
481.36437645465685,5.283272064438775
485.18476253400775,5.283272064438775
489.00514861335876,5.283272064438775
492.8255346927096,5.283272064438775
496.64592077206055,5.283272064438775
500.46630685141156,5.283272064438776
504.28669293076246,5.283272064438775
508.10707901011335,5.283272064438775
511.9274650885387,5.283331882801211
515.747850814227,5.284653595906947
519.5682333901062,5.289597131413057
523.388608605542,5.298655338673777
527.2089787382445,5.309675887613488
531.0293459914242,5.321663993566176
534.8497118958405,5.334078428505675
538.6700770674928,5.346717673910243
542.4904416193241,5.359542725452478
546.310806041227,5.372406545997048
550.1311701708473,5.385356928576343
553.9515342572031,5.3983200495688095
557.7718982167642,5.411320502792523
561.5922621764948,5.42432090627171
565.4126261366447,5.437321186487923
569.2329901509356,5.450305525926437
573.0533542799483,5.463256087745239
576.8737185561279,5.476163065109856
580.6940830278563,5.48901212944808
584.5144479826821,5.501716372515535
588.3348132983517,5.514311657531488
592.1551792822075,5.526702972927714
595.9755446103342,5.539294729156014
599.795906131794,5.552986822293338
603.6162574795015,5.569252228502388
607.4365963938496,5.588212126433197
611.256924756095,5.609203554029929
615.0772451130914,5.631612597255056
618.8975603866841,5.654869343587881
622.7178740197284,5.678395741133886
626.5381850524373,5.702341694029133
630.358495708522,5.726347372310769
634.1788049166951,5.750582661606302
637.999114124868,5.774817950901834
641.8194225156335,5.7991817062837505
645.6397307990197,5.823562337712571
649.4600389105749,5.847969852275961
653.2803467086875,5.87242640511713
657.1006545068003,5.896882957958302
660.9209623416663,5.921333768735476
664.7412701907762,5.9457823541367745
668.5615780733043,5.9702257112307695
672.3818863053671,5.994614383437295
676.2021945374299,6.01900305564382
680.0225033446116,6.043301339158937
683.8428126083356,6.067527870118891
687.6631222727614,6.091690859289566
691.4834332420749,6.115646924098469
695.3037449201431,6.1394887426284654
699.1240590635749,6.1629331618430525
702.9443759323995,6.185926186251629
706.764696440677,6.208304647510285
710.5850229760293,6.229626596177646
714.4053574926329,6.24946548172592
718.2256990041559,6.267914060969932
722.046041849766,6.286087892446032
725.8663809581356,6.305027028727911
729.6867144377873,6.325063803184844
733.5070416821056,6.346252948944758
737.3273625413132,6.368576210410064
741.1476734878308,6.392531003292912
744.9679793540577,6.417271320541936
748.788277039747,6.443259548923311
752.6085668809243,6.47035877854368
756.4288506438614,6.498318856077088
760.249125463096,6.527458625842767
764.0693940190902,6.557424529469351
767.8896557930346,6.5882266701814975
771.7099078501317,6.620226913070885
775.530159410094,6.652284761987077
779.3503947578714,6.686221215698488
783.1706301056488,6.720157669409898
786.9908594960857,6.75475076757332
790.811081739939,6.790131593834605
794.6313039837923,6.82551242009589
798.4515188626443,6.861676871046067
802.2717312567921,6.898105690649183
806.0919436509398,6.9345345102522975
809.9121490342377,6.971691154168523
813.7323543046127,7.008859521067549
817.5525584156576,7.046146256084452
821.3727588327829,7.083810141873576
825.1929592499084,7.121474027662701
829.0131580145588,7.159304891267782
832.8333556164418,7.197253249138502
836.6535531988183,7.235203570215821
840.4737506121185,7.273170907653933
844.2939480254188,7.311138245092046
848.1141481212162,7.348834554434612
851.9343486417108,7.386487954163624
855.7545568648807,7.423351055114739
859.5747704722562,7.459646360937986
863.3949934061462,7.4949493321791145
867.2152308366224,7.528650520392714
871.0354813007914,7.5608373722442
874.8557398681733,7.592047290056394
878.6760018980876,7.622833467779359
882.496265310698,7.653448065089957
886.3165275962599,7.684202973665267
890.136789590397,7.714993872328535
893.9570486420939,7.746147896566262
897.7773076937908,7.777301920803986
901.5975643981782,7.808741861266698
905.4178200107783,7.840314787892506
909.2380756233782,7.871887714518313
913.0583297755643,7.903636643424903
916.8785832905257,7.935462367661193
920.6988368054873,7.967288091897487
924.5190900588696,7.99914514958379
928.3393424610147,8.031104173388925
932.15959486316,8.063063197194062
935.979847265305,8.095022220999198
939.8000994442259,8.127007903824552
943.6203513582909,8.159025217582414
947.440603272356,8.19104253134028
951.2608551864213,8.223059845098144
955.0811070995559,8.255077269855065
958.9013590118368,8.287094796528601
962.7216109241173,8.319112323202136
966.541862836398,8.351129849875672
970.3621150364961,8.383113003351747
974.1823674404936,8.41507180572528
978.0026198444914,8.447030608098817
981.8228722484889,8.478989410472353
985.6431255496975,8.510840739332014
989.4633790646591,8.542666463568308
993.2836325796205,8.5744921878046
997.1038868212866,8.60623033300434
1000.9241424338866,8.637803259630147
1004.7443980464866,8.669376186255953
1008.5646550428086,8.70078043427349
1012.3849144977901,8.731884966433674
1016.2051739527719,8.762989498593859
1020.0254398127913,8.793296687971543
1023.8457064419462,8.823505968681474
1027.66598262282,8.852483496997298
1031.4862650374703,8.880614096999457
1035.3065557279515,8.907603517631562
1039.1268567757677,8.933092718369931
1042.9471652879488,8.957434062081868
1046.7674766588284,8.981324453090679
1050.5877895220697,9.004976552595224
1054.4081015908448,9.028756638175874
1058.2284133081794,9.052592743655815
1062.0487230355166,9.076746056301694
1065.8690327628535,9.100899368947573
1069.6893411898423,9.125257318196919
1073.5096493595754,9.149655751963907
1077.3299573986635,9.174074587967342
1081.1502647396765,9.198602439511262
1084.9705720806892,9.223130291055181
1088.7908793239437,9.247673349141785
1092.611186256161,9.272264789756626
1096.4314931883782,9.296856230371464
1100.2518001289368,9.321446374988795
1104.072107102869,9.346031334248105
1107.8924140768015,9.370616293507416
1111.712721109762,9.39519206961156
1115.5330284507747,9.41971992115548
1119.3533357917877,9.444247772699402
1123.1736433222059,9.46874605006854
1126.9939514449302,9.493151843301844
1130.814259567655,9.517557636535148
1134.6345686284917,9.541815794142796
1138.454878411366,9.565960320921903
1142.2751886452393,9.590033060412017
1146.0955002334117,9.61389023065833
1149.9158104851672,9.637958930840783
1153.7361185476936,9.662374145192693
1157.5564130884502,9.68881037301808
1161.3766829539707,9.718527634520598
1165.1969058435188,9.7536874246182
1169.0170622193868,9.795442559327409
1172.8371546527558,9.842736103078508
1176.6572033232076,9.893493013330087
1180.477219788815,9.946634313526875
1184.2972219930436,10.000787141869917
1188.1172182584323,10.05536119902111
1191.9372061638032,10.110516714084735
1195.757192405937,10.165787910976938
1199.5771751384877,10.221300883580568
1203.3971561791973,10.2769304073563
1207.217136393196,10.332616610746582
1211.037114880808,10.388421175785103
1214.85709336842,10.444225740823622
1218.6770719625315,10.5000230151461
1222.497050571567,10.555819267809635
1226.317030172913,10.611547487488522
1230.1370110876296,10.667185662333779
1233.9569924364282,10.722793933003441
1237.7769788148298,10.77805571117548
1241.5969651932307,10.833317489347515
1245.416960668862,10.887946480626745
1249.2369580708396,10.942439738847941
1253.0569779254763,10.995336860478641
1256.877033341485,11.045535393374143
1260.697155044424,11.0902244709091
1264.5173904271123,11.123429436005384
1268.3377355174339,11.13892404453487
1272.158112774183,11.135874927720765
1275.978461073892,11.119558771588357
1279.7987750888228,11.096140515071928
1283.6190633703575,11.068804800930694
1287.4393465768264,11.040773970146097
1291.259626735437,11.0123256833132
1295.0799046675393,10.983580395257306
1298.900181963475,10.954750246866595
1302.7204583385478,10.925798471267624
1306.54073421249,10.896780506662676
1310.3610098683125,10.86773386917709
1314.1812850784513,10.8386286446072
1318.0015602885899,10.80952342003731
1321.8218355574886,10.780425909254184
1325.6421108318318,10.751329113162729
1329.4623864058162,10.722271711835198
1333.2826622772714,10.693253419699342
1337.1029384096817,10.66426959445591
1340.9232157082906,10.635439800310794
1344.7434931572873,10.60663006685098
1348.5637733128958,10.578181376861775
1352.3840548878977,10.549926503005945
1356.2043419453782,10.522420253873756
1360.024644695507,10.49723172917725
1363.8449734287888,10.476609944561499
1367.665339044554,10.465619093613277
1371.4857154293159,10.470211127413755
1375.3060344653898,10.492132603904277
1379.1262649874352,10.526538648066884
1382.9464422715278,10.566468746904253
1386.7666039881553,10.607866368314406
1390.58675920015,10.649864535108696
1394.4069091109368,10.692343405294702
1398.2270564950343,10.735048556590822
1402.047202442083,10.777882404728942
1405.8673469024475,10.820848592608066
1409.6874910279346,10.863844590107574
1413.5076351472544,10.90684113561905
1417.3277793179225,10.949833110218423
1421.147925264971,10.99266695835654
1424.9680720328258,11.035427298088779
1428.788221943613,11.077906168274787
1432.6083759549904,11.120013204738052
1436.4285344795633,11.161709191998407
1440.2487043722924,11.202351362029535
1444.0688853273002,11.241938229563342
1447.8890756142373,11.280615401464917
1451.709257051938,11.320149406573917
1455.5293707063179,11.365715060454757
1459.3493927144555,11.418417306513462
1463.169363627979,11.474730669501458
1466.9893116308053,11.53258254367923
1470.8092497774255,11.591083142410035
1474.629186809996,11.649656706793111
1478.4491299658735,11.707829325378315
1482.2690931836833,11.764665370167876
1486.0891002495764,11.818448582071797
1489.9092122085804,11.864051169858609
1493.7294153245257,11.901394627778181
1497.5496467695625,11.93575938189314
1501.3698889281868,11.968920274030582
1505.1901346166283,12.001671325813962
1509.0103812265027,12.03431539173749
1512.8306276440583,12.066981953938853
1516.6508739982432,12.099655928854016
1520.4711203054312,12.132335377288994
1524.29136447333,12.16526398084973
1528.111608641229,12.198192584410464
1531.931852809128,12.2311211879712
1535.75209580536,12.264185124679315
1539.572337450113,12.297405163723706
1543.392579094866,12.330625202768097
1547.2128207396186,12.363845241812486
1551.03306237315,12.397066567805709
1554.8533024279163,12.430468951832747
1558.6735424826825,12.463871335859785
1562.4937825374482,12.49727371988682
1566.3140225922143,12.53067610391386
1570.1342626469807,12.5640784879409
1573.9545020679984,12.597553259151505
1577.7747413568459,12.63104312694373
1581.5949806456933,12.664532994735957
1585.4152199345408,12.698022862528182
1589.235459223388,12.731512730320407
1593.0556984490186,12.765009804707555
1596.8759373577234,12.798543007902786
1600.6961762664282,12.83207621109802
1604.5164151751328,12.865609414293251
1608.3366540838376,12.899142617488485
1612.1568929925422,12.932675820683713
1615.977131901247,12.966209023878946
1619.7973708099519,12.99974222707418
1623.6176097186567,13.033275430269413
1627.4378486273613,13.066808633464646
1631.2580875360663,13.10034183665988
1635.0783264447712,13.133875039855113
1638.8985654912503,13.167392537043726
1642.718804780098,13.200882404835951
1646.5390440689455,13.234372272628178
1650.3592833577927,13.267862140420402
1654.1795226466404,13.301352008212628
1657.9997619354879,13.334841876004853
1661.820001785546,13.368267638149847
1665.6402418746466,13.401666095095036
1669.460481963747,13.435064552040233
1673.280722052848,13.46846300898543
1677.1009621419485,13.50186146593062
1680.9212030218825,13.53516922834691
1684.7414446269497,13.568393830865226
1688.5616862320167,13.601618433383544
1692.3819278370838,13.634843035901863
1696.202169646251,13.66804404030411
1700.02241442256,13.700901982760767
1703.842659198869,13.733759925217424
1707.6629039751779,13.766617867674078
1711.4831523738997,13.799049137136263
1715.303404356453,13.831058277896316
1719.1236563390069,13.863067418656374
1722.9439186881614,13.893805200518226
1726.7641846780405,13.924096484292416
1730.584464740697,13.9525188174389
1734.404753703224,13.97975919362543
1738.225072117004,14.002476511960745
1742.0454096687781,14.021530431810943
1745.8657659317023,14.036443843513517
1749.6861340418989,14.048131529422257
1753.506507369149,14.05800248343862
1757.3268809267256,14.067783759409322
1761.1472545403194,14.077543218381777
1764.9676278107586,14.087436135684452
1768.7880010683878,14.097333980442427
1772.608374137687,14.107304269857147
1776.4287472069866,14.117274559271872
1780.2491202061465,14.127271684587843
1784.0694931982964,14.137271492186345
1787.889866190446,14.147271299784848
1791.7102391825956,14.15727110738335
1795.5306122181955,14.16725428263367
1799.3509853124388,14.17721500953964
1803.1713584472195,14.187160143450841
1806.9917316910428,14.197063333703529
1810.812105046987,14.206922941195526
1814.632478676321,14.216676278443682
1818.4528530076705,14.226147506861201
1822.2732287454658,14.234991275554354
1826.0936089871825,14.241504604965128
1829.913992597669,14.240552340545415
1833.7343291585212,14.22298769218741
1837.5544110160786,14.17623733505349
1841.374140911064,14.105638910390446
1845.193706135029,14.026465706563648
1849.0132110477434,13.944417799379833
1852.8326893562876,13.86113990719829
1856.652156299151,13.777342289843281
1860.4716220280643,13.693489198333054
1864.2910956918236,13.609998707200031
1868.1105886266837,13.527396204138158
1871.9301201223102,13.446601530638272
1875.7497523267552,13.37075056734922
1879.5698305083793,13.324605470471761
1883.3901640862819,13.328297018985387
1887.2102181054233,13.377626742156357
1891.029977752632,13.44653744233159
1894.8495696579196,13.524391344303607
1898.6690628780593,13.606982727671708
1902.4885177022022,13.69132460277995
1906.3079588780768,13.776288708920397
1910.1273771909032,13.862273858199824
1913.9467932887883,13.948357924751217
1917.766198550813,14.034921106383944
1921.5856012036538,14.12159965486443
1925.4050008978718,14.208408381723213
1929.2243977917938,14.295340320615576
1933.043794685715,14.382272259507934
1936.8631915796368,14.469204198400298
1940.6825884735586,14.556136137292661
1944.5019896457145,14.642879835405953
1948.3213922985556,14.729558383886447
1952.1408010110438,14.81596900089062
1955.960217108929,14.902053067442015
1959.779641772188,14.987754637022247
1963.5990827003598,15.07272987756343
1967.4185478751615,15.156601468827533
1971.238037898021,15.239338075142259
1975.0576065683244,15.318363185951885
1978.8772596078618,15.393167051368737
1982.6970051276512,15.463073238393275
1986.516824803483,15.52882311707597
1990.336687612479,15.592045179958031
1994.1565750000234,15.653771525841366
1997.9764678129918,15.715160931635744
2001.796362230649,15.77645067995542
2005.6162492751434,15.838198015692557
2009.4361352940925,15.900008998011907
2013.2560150602453,15.962203896516307
2017.0758879542973,16.024820736013613
2020.8957608483488,16.08743757551092
2024.7156297886543,16.150294666019327
2028.5354945956733,16.213402917427572
2032.3553594026926,16.276511168835825
2036.1752240959127,16.339626294124024
2039.9950845786343,16.40299574919859
2043.8149450613569,16.466365204273153
2047.634805544079,16.529734659347714
2051.4546655459653,16.593133072007973
2055.274524082317,16.65661974433329
2059.094382618668,16.72010641665861
2062.914241155019,16.78359308898392
2066.7340996913704,16.84707976130924
2070.5539582277215,16.91056643363456
2074.373816764073,16.97405310595988
2078.1936753004243,17.037539778285197
2082.013534563097,17.100982708836487
2085.833395053099,17.164351725075747
2089.6532555431013,17.227720741315
2093.4731160331035,17.29108975755426
2097.2929790808353,17.35430427683083
2101.1128438878545,17.417412528239073
2104.9327086948733,17.48052077964732
2108.7525745668345,17.54356431589208
2112.5724475724683,17.60617434807958
2116.3923205781016,17.668784380267084
2120.212196232948,17.731231289716522
2124.032087844528,17.79269567841354
2127.8519794561075,17.854160067110552
2131.6719085022073,17.913234781168544
2135.4918510242396,17.971449243870154
2139.311868675052,18.02444186944881
2143.131926780321,18.07435820691342
2146.952082379135,18.116322431560448
2150.7723127220625,18.150471957840864
2154.592587556192,18.179377905392325
2158.412908162364,18.20174442856284
2162.2332450214826,18.220982312454524
2166.053591813009,18.23830824010562
2169.873943812365,18.254422178815773
2173.694298425645,18.26992779360731
2177.5146530872726,18.285421475983373
2181.3350079123848,18.300874810369343
2185.155362737496,18.316328144755317
2188.97571746676,18.33180508524089
2192.7960718171344,18.347375341217752
2196.6164261675094,18.36294559719462
2200.436780517884,18.37851585317149
2204.2571346687155,18.394134959119903
2208.077488731554,18.40977560652212
2211.897842794393,18.425416253924343
2215.7181968572318,18.44105690132656
2219.5385508375016,18.456717701762642
2223.3589048048834,18.472381647860097
2227.1792587722657,18.488045593957555
2230.999612739647,18.50370954005501
2234.819966707029,18.519373486152464
2238.640320674411,18.535037432249922
2242.460674641793,18.550701378347377
2246.281028609175,18.56636532444483
2250.101382680391,18.582003922787397
2253.921736764976,18.59763925755871
2257.7420908495606,18.613274592330026
2261.5624449479346,18.628906551486295
2265.382799274671,18.644482606344802
2269.2031536014074,18.66005866120331
2273.0235079281433,18.675634716061815
2276.8438625284994,18.691143394562786
2280.664217353611,18.706596728948757
2284.484572178723,18.722050063334727
2288.3049277957316,18.737305194009465
2292.125284135911,18.75237932253377
2295.945640932127,18.76733174025838
2299.7660029650933,18.780886531761514
2303.5863659090946,18.7941497511025
2307.406738051966,18.804468921138387
2311.2271137606194,18.81307775613518
2315.047495720103,18.81868836644249
2318.867880544192,18.8208872427805
2322.6882665387666,18.821692073951372
2326.508651658501,18.819120507513187
2330.329036723039,18.816335914826833
2334.1494200496063,18.81180166296619
2337.9698031071107,18.806996537133422
2341.790185840803,18.801953793754848
2345.610567805172,18.7963465108625
2349.4309497695413,18.79073922797015
2353.2513317242483,18.785125451683925
2357.0717134588267,18.779363733274735
2360.892095193405,18.77360201486555
2364.7124769279835,18.76784029645636
2368.5328586625615,18.76207857804717
2372.353240356578,18.756290028774927
2376.173622049846,18.750500983510175
2379.9940037431134,18.744711938245423
2383.8143854363807,18.73892289298067
2387.6347671206418,18.733127915304348
2391.4551487800677,18.727316579707914
2395.275530439493,18.721505244111476
2399.095912098919,18.715693908515046
2402.916293758344,18.709882572918612
2406.7366754167447,18.704070563224736
2410.5570570671284,18.698253286554348
2414.3774387175126,18.692436009883963
2418.1978203678964,18.686618733213574
2422.0182020182806,18.680801456543186
2425.838583668665,18.6749841798728
2429.658965319016,18.66916688216029
2433.479346969357,18.663349577140668
2437.299728619698,18.657532272121045
2441.120110270039,18.65171496710142
2444.94049192038,18.645897662081797
2448.760873574092,18.640082572049394
2452.581255233517,18.634271236452964
2456.4016368929433,18.62845990085653
2460.2220185523693,18.622648565260096
2464.0424002117948,18.616837229663663
2467.862781877183,18.611029819734952
2471.6831635639114,18.605236460735508
2475.50354525064,18.599443101736064
2479.323926937368,18.593649742736623
2483.1443086240965,18.58785638373718
2486.9646903386742,18.582081447970552
2490.7850720808055,18.576324739739906
2494.605453822937,18.570568031509257
2498.4258355650677,18.564811323278608
2502.246217406155,18.559121155644654
2506.0665993719294,18.553514830683056
2509.8869813377046,18.54790850572146
2513.7073635240663,18.542464556674773
2517.5277466210737,18.537690941209192
2521.3481297180806,18.532917325743618
2525.168514243637,18.52963222310413
2528.9888994657053,18.527072866989275
2532.8092849325485,18.527813307406348
2536.6296681587787,18.531348693654603
2540.4500422667525,18.54091271090531
2544.270380328423,18.559967550434425
2548.0906688988334,18.58706272196993
2551.9109190154213,18.619208126535085
2555.73115136912,18.65347199416137
2559.5513754811077,18.68865053146917
2563.3715957328204,18.724245213632408
2567.191815041657,18.759941539697497
2571.0120317405353,18.795916068070536
2574.8322483645775,18.831898573417256
2578.6524637707635,18.868010140868925
2582.472679152643,18.904124284129857
2586.2928946227694,18.94022909130333
2590.1131101017627,18.976332960346063
2593.9333265390733,19.012335257339892
2597.7535431631154,19.04831776268662
2601.573761968701,19.08406776759292
2605.393981242383,19.119767800331406
2609.21420547205,19.15493355582373
2613.0344318861025,19.18986008405403
2616.854659661466,19.22463545602623
2620.6748713857337,19.26110144374882
2624.4949988858066,19.305286829400067
2628.314876606725,19.36700933464296
2632.1341816695817,19.45727101174946
2635.9529247140445,19.56916754497197
2639.771387665276,19.690341352868163
2643.589728091014,19.81533800156793
2647.408008250898,19.942168035731537
2651.226254351764,20.070021351211125
2655.044479781951,20.198490645493195
2658.8627052121374,20.326959939775243
2662.6809402748017,20.45514218968976
2666.499195555844,20.582720088889886
2670.31749501776,20.708969898515388
2674.135883716493,20.83248978484543
2677.9544406611276,20.9506684894327
2681.773380434275,21.05559606047649
2685.592967774563,21.13251550385256
2689.413153693325,21.17006773588501
2693.2334739729504,21.19245138049689
2697.053791423652,21.215347344910604
2700.874104291459,21.238998544412514
2704.6944161885144,21.262806201090214
2708.5147289287033,21.28647797221263
2712.3350454780402,21.30952391517155
2716.1553728432787,21.3306784629499
2719.975743764154,21.34024782571169
2723.7961219939116,21.33373787028323
2727.6164816681626,21.31969119644555
2731.4368286419385,21.302445037588853
2735.2571693262425,21.283827009105334
2739.0775055676254,21.264312960961625
2742.897840479335,21.244541661248352
2746.7181743186297,21.224562881433776
2750.538507531494,21.204465031733893
2754.35884010724,21.184246080455335
2758.179172603962,21.16401224349461
2761.999504517604,21.14366857365593
2765.8198364312466,21.123324903817245
2769.640168200307,21.10295411700799
2773.4604998414216,21.082559333371158
2777.2808314825356,21.062164549734327
2781.101163157308,21.041776072054052
2784.921494838709,21.021388836234667
2788.741826552719,21.001007717671417
2792.5621584663613,20.980664047832732
2796.382490380004,20.96032037799405
2800.2028226588504,20.940045500536833
2804.0231552345967,20.919826549258275
2807.8434880314394,20.899649623052024
2811.6638218694047,20.87967058910348
2815.484156249352,20.85979758819112
2819.304494703374,20.840721634037124
2823.124842070034,20.823668641091032
2826.9452032031977,20.810286222341634
2830.7655872648365,20.806543648920666
2834.585941049711,20.821724283260643
2838.4061128555204,20.86165948245331
2842.2259993368116,20.923265610878214
2846.04563569999,20.998948160972258
2849.865113964689,21.08220883474445
2853.684549567155,21.167411685056997
2857.5039565299276,21.25390011217337
2861.323341036342,21.34137335496277
2865.1427204687093,21.42906911827403
2868.9620880685825,21.51727840029341
2872.7814532062207,21.605594540910786
2876.6008139095597,21.694102137111877
2880.4201723757706,21.782706323698672
2884.239530851876,21.87131008375364
2888.0588893419867,21.95991324014618
2891.8782488825586,22.04847104384639
2895.6976138028426,22.136796583775556
2899.516978727284,22.22512194327104
2903.3363583679693,22.312808633368533
2907.1557383436398,22.40048063290536
2910.9751450692397,22.486979533129375
2914.794566747386,22.572809173586855
2918.614025549551,22.656977183308125
2922.433570776402,22.737114347893787
2926.2532468414042,22.81069021102028
2930.073153780455,22.870861011614164
2933.893330290447,22.91026942896677
2937.7136379233043,22.934369536164834
2941.533982847789,22.952089177834754
2945.35432813222,22.96974422126624
2949.174671632336,22.987781305880507
2952.995014297596,23.005994144814245
2956.8153565291714,23.02429787629621
2960.6356985182183,23.042652222416983
2964.4560405057655,23.06100688085068
2968.2763828946054,23.079277755344606
2972.096725799325,23.097440273942347
2975.9170696215165,23.115408203340234
2979.7374155985717,23.132909836642135
2983.557768276917,23.14883203828709
2987.3781396903137,23.158888987079855
2991.198451591171,23.140678634999478
2995.017929270841,23.059700201318446
2998.836588461026,22.94491422966964
3002.6550500949306,22.82367081560482
3006.4735732760046,22.70439788581762
3010.292562980171,22.601916916392476
3014.112745232714,22.570237626302763
3017.9331071273346,22.581332908436767
3021.7534170234767,22.605156750099844
3025.573696139626,22.633670392501465
3029.393961072841,22.66409464837371
3033.214210871053,22.69636323870506
3037.0344605596893,22.728644928550462
3040.8547044041634,22.761611033238687
3044.6749482486366,22.794577137926908
3048.495190573395,22.827718486962127
3052.3154315914703,22.86101051478697
3056.135672609545,22.89430254261181
3059.955912683257,22.927702676667895
3063.776152308623,22.96115413534752
3067.596391933988,22.994605594027146
3071.4166311836116,23.028099914234012
3075.2368701376017,23.06162795798744
3079.057109091591,23.09515600174087
3082.877348029178,23.12868591432045
3086.697586930569,23.162219950749552
3090.5178258319593,23.195753987178655
3094.338064779697,23.229282737130703
3098.158304405063,23.26273419581033
3101.978544030428,23.296185654489953
3105.7987836557936,23.32963711316958
3109.619024656717,23.362931087642153
3113.4392657367735,23.396216002325865
3117.259507048437,23.429474209940953
3121.0797508218766,23.462448545253174
3124.899994595317,23.495422880565403
3128.7202422985174,23.52793670089278
3132.540492465653,23.560161781198417
3136.3607535788783,23.59104427351263
3140.1810228976747,23.62089664936008
3144.0013246384865,23.646281771946548
3147.821661833533,23.66531860798233
3151.6420339818487,23.674367217837247
3155.4624157335456,23.67110227813128
3159.282777552972,23.65782242211569
3163.1031204551637,23.6397269231805
3166.9234570403614,23.620287148552258
3170.743791348922,23.60039868117154
3174.564124082204,23.580209518054094
3178.3844562530576,23.55991456322738
3182.204787697673,23.53948300476536
3186.0251185934453,23.51894926122852
3189.845449095958,23.498342299505865
3193.665779074987,23.477638635618106
3197.48610877786,23.45688395808392
3201.3064379799293,23.436037377054763
3205.1267669936797,23.415156237400023
3208.9470954370086,23.394171032708925
3212.7674236806897,23.373149529374704
3216.5877513431114,23.352022602602386
3220.408080360545,23.33114281485519
3224.22841891762,23.31218458120115
3228.048781778889,23.299747266604385
3231.869160341823,23.301416020474978
3235.689481984625,23.322427793552034
3239.509673934103,23.36073290358431
3243.3297485791372,23.409460570943438
3247.14976194482,23.462777855023667
3250.969748306672,23.51803048958874
3254.789711305214,23.57488543722578
3258.6096655303545,23.632323969118573
3262.429611303099,23.690324732805507
3266.2495527143824,23.74861113323515
3270.0694885039193,23.807265707774807
3273.8894233533783,23.865981330383782
3277.7093539544894,23.924972838198364
3281.5292845556005,23.983964346012954
3285.349213601533,24.043056454811726
3289.1691423376838,24.10216860271844
3292.989071803074,24.161233587211495
3296.809002037954,24.220248805176343
3300.6289335047895,24.27918404643085
3304.4488690756652,24.337852859730276
3308.26880643379,24.39640456727178
3312.0887532835704,24.454334353615433
3315.9087074085783,24.51177876888137
3319.7286744171997,24.568363646230413
3323.548663431769,24.623440451887454
3327.36867003739,24.67728077364637
3331.1886911126767,24.730087773268806
3335.008717115115,24.782539033914055
3338.8287401221046,24.835207055988043
3342.648755336533,24.888438220114537
3346.468759325139,24.942467201515985
3350.2887599370406,24.99673616476763
3354.108747413482,25.051921393918988
3357.9287338636027,25.10717821426863
3361.7486957218503,25.164093278882625
3365.5686408397896,25.222137152208937
3369.388585957729,25.28018102553526
3373.2084202920073,25.34493822779953
3377.0282006642046,25.412965453740906
3380.8479810364024,25.480992679682288
3384.66771302386,25.551457891065333
3388.4871846755027,25.635040769674497
3392.3066563271454,25.71862364828366
3396.126127978788,25.802206526892824
3399.9455674155515,25.887109183823426
3403.764568355664,25.98997615964752
3407.5835692957767,26.092843135471625
3411.4025702358895,26.195710111295735
3415.2215711760027,26.298577087119842
3419.040290715053,26.4108796108346
3422.858634393072,26.5357849823415
3426.676978071091,26.660690353848402
3430.495321749109,26.785595725355275
3434.313665427128,26.910501096862177
3438.1317859938463,27.041622645600143
3441.949259134672,27.19078233980531
3445.7667322754974,27.33994203401047
3449.584205416323,27.48910172821563
3453.4016785571484,27.63826142242079
3457.2191516979733,27.787421116625936
3461.035987458826,27.951576070968052
3464.8523486568197,28.126895783923363
3468.6687098548127,28.302215496878674
3472.4850710528062,28.47753520983398
3476.3014322507997,28.65285492278929
3480.1177934487923,28.828174635744578
3483.9336027273675,29.014621658265014
3487.7485811468136,29.217819725343205
3491.563559566259,29.421017792421395
3495.3785379857045,29.624215859499586
3499.19351640515,29.827413926577776
3503.008494824596,30.030611993655967
3506.8234732440405,30.233810060734132
3510.6425299716657,30.28376174148122
3514.4627242288575,30.25821221049421
3518.2826796383724,30.200849638920914
3522.1026350478874,30.14348706734761
3525.922590457402,30.08612449577431
3529.7425458669168,30.028761924201014
3533.562501276431,29.971399352627724
3537.3824566859453,29.91403678105442
3541.2024120954607,29.856674209481127
3545.022367504975,29.79931163790782
3548.84232291449,29.74194906633452
3552.6622783240045,29.68458649476122
3556.482233733519,29.627223923187923
3560.3021891430335,29.569861351614627
3564.122144552549,29.512498780041327
3567.9420999620634,29.455136208468023
3571.762055371578,29.397773636894726
3575.5820107810932,29.34041106532142
3579.4019661906077,29.283048493748122
3583.221921600122,29.22568592217483
3587.0418770096367,29.168323350601526
3590.8618324191516,29.110960779028225
3594.6817878286665,29.05359820745493
3598.501743238181,28.996235635881625
3602.321698647696,28.938873064308325
3606.141654057211,28.881510492735025
3609.9619534777953,28.869968078444543
3613.7823395571463,28.869968078444547
3617.6027256364973,28.869968078444547
3621.423111715849,28.86996807844455
3625.2434977951993,28.869968078444547
3629.0638838745504,28.869968078444547
3632.8842369725867,28.883856615007545
3636.7045799637963,28.902001168206887
3640.5249229550054,28.92014572140623
3644.3452659462155,28.938290274605578
3648.165608937426,28.956434827804927
3651.9859310794523,28.977381337410733
3655.806121058008,29.0160895153519
3659.6263110365635,29.05479769329306
3663.44650101512,29.09350587123423
3667.266690993676,29.132214049175396
3671.0868809722315,29.17092222711656
3674.9035943705862,29.01621888767336
3678.719925410552,28.840243921579514
3682.5362564505176,28.664268955485667
3686.352587490483,28.488293989391845
3690.168918530449,28.312319023298002
3693.9872313022393,28.19329569833313
3697.806563689889,28.103574419113812
3701.6258960775394,28.013853139894493
3705.4452284651898,27.924131860675182
3709.26456085284,27.834410581455867
3713.084339589235,27.7834457257191
3716.904725273974,27.785182142913488
3720.725110958712,27.78691856010787
3724.54549664345,27.78865497730226
3728.3658727103807,27.786680190840553
3732.186198078639,27.765142411353896
3736.0065234468966,27.743604631867242
3739.8268488151534,27.722066852380586
3743.647174183411,27.700529072893932
3747.4625226109274,27.512841842325514
3751.2772874903676,27.30567352937871
3755.092052369808,27.098505216431896
3758.906817249248,26.891336903485083
3762.7215821286877,26.6841685905383
3766.5399850608987,26.60021708700321
3770.3603274878633,26.581954118085797
3774.180669914828,26.563691149168385
3778.0010123417924,26.545428180250973
3781.821354768757,26.527165211333564
3785.641713257298,26.519136479741647
3789.462094188798,26.525408124192772
3793.282475120299,26.531679768643897
3797.1028560518,26.53795141309503
3800.9232369833003,26.544223057546155
3804.7435860151713,26.556111335489366
3808.563791726544,26.593234348446956
3812.3839974379175,26.630357361404556
3816.20420314929,26.667480374362146
3820.0244088606632,26.704603387319743
3823.844614572037,26.741726400277336
3827.6646235147937,26.692143222044898
3831.4846213868736,26.63768174385039
3835.3046192589527,26.583220265655882
3839.1246171310318,26.52875878746138
3842.944615003111,26.474297309266873
3846.763880688461,26.38455552458549
3850.5828489494634,26.28048239281223
3854.4018172104657,26.176409261038977
3858.220785471468,26.072336129265718
3862.03975373247,25.96826299749246
3865.8576423166255,25.993176994651463
3869.6743333206277,26.16116382528123
3873.4910243246304,26.329150655910993
3877.307715328633,26.49713748654076
3881.1244063326358,26.66512431717052
3884.941958435965,26.791325903024674
3888.762329798146,26.780721643522476
3892.582701160328,26.770117384020278
3896.4030725225093,26.75951312451808
3900.2234438846913,26.74890886501588
3904.0438152468732,26.738304605513683
3907.8547577817662,27.006594293612466
3911.6656897298444,27.27519712756887
3915.4766216779244,27.54379996152528
3919.287553626003,27.812402795481653
3923.0984855740826,28.081005629438064
3926.908684519688,27.93612120238787
3930.718640196338,27.65400857016858
3934.5285958729883,27.37189593794929
3938.3385515496393,27.089783305730002
3942.1485072262885,26.807670673510778
3945.9612552906383,26.763619460315844
3949.7767799999315,26.956287537776273
3953.5923047092247,27.148955615236705
3957.407829418518,27.341623692697137
3961.223354127811,27.53429177015757
3965.0398775748363,27.654061184318593
3968.859248458826,27.565993904223042
3972.678619342817,27.477926624127484
3976.497990226808,27.389859344031926
3980.3173611107977,27.301792063936368
3984.1366657624294,27.21975755834871
3987.9531825309878,27.391657385617314
3991.769699299545,27.563557212885918
3995.586216068103,27.7354570401545
3999.402732836661,27.907356867423108
4003.219249605219,28.079256694691708
4007.037424651425,28.0260521421855
4010.8560597436717,27.910398229308615
4014.6746948359178,27.794744316431736
4018.493329928164,27.67909040355487
4022.3119650204103,27.563436490677987
4026.1315207487937,27.498905149420935
4029.95184399147,27.476993582490113
4033.772167234146,27.455082015559285
4037.592490476823,27.433170448628466
4041.4128137194994,27.41125888169764
4045.2316625859357,27.336659644699264
4049.0472327331427,27.14489351880838
4052.86280288035,26.9531273929175
4056.6783730275574,26.761361267026622
4060.4939431747653,26.569595141135743
4064.30940364958,26.40613122799559
4068.123373026395,26.627462174804975
4071.93734240321,26.848793121614328
4075.7513117800254,27.070124068423706
4079.5652811568402,27.291455015233083
4083.379250533655,27.512785962042464
4087.193837532666,27.380057690015697
4091.008555876836,27.172034253952532
4094.8232742210057,26.964010817889367
4098.637992565175,26.75598738182623
4102.453080059712,26.583507345133587
4106.271296085248,26.712255850529857
4110.089512110783,26.841004355926124
4113.907728136319,26.96975286132239
4117.725944161855,27.098501366718654
4121.5446436019065,27.14393948758439
4125.3640966133025,27.05950910776704
4129.183549624698,26.975078727949697
4133.003002636094,26.89064834813235
4136.822699051634,26.819475221172002
4140.6426771655315,26.763645080179764
4144.462655279429,26.70781493918753
4148.282633393326,26.65198479819529
4152.1028028156425,26.6154673686188
4155.9231373080975,26.595613878819748
4159.7434718005525,26.575760389020704
4163.563806293008,26.555906899221657
4167.383446217491,26.489983166079988
4171.2026429218695,26.3946609306483
4175.021839626246,26.29933869521664
4178.841036330624,26.20401645978496
4182.659938474095,26.09780389134688
4186.478703857334,25.986535103835898
4190.297469240573,25.875266316324918
4194.1162346238125,25.763997528813942
4197.935000007051,25.65272874130296
4201.754082927102,25.553925897195363
4205.573560863666,25.47063071486508
4209.39303880023,25.387335532534806
4213.212709025213,25.33316442339978
4217.0329538287915,25.366019195141018
4220.8531986323715,25.39887396688226
4224.673447094334,25.431238656723657
4228.493756648167,25.45541939664666
4232.314066202001,25.479600136569672
4236.134375755835,25.503780876492684
4239.95468530967,25.527961616415688
4243.774994863504,25.5521423563387
4247.595131663465,25.518011681524786
4251.4152308809535,25.4711954041424
4255.235330098444,25.424379126759995
4259.055429315935,25.377562849377593
4262.875528533425,25.330746571995192
4266.694736739255,25.380203342584338
4270.513315085102,25.49771594587427
4274.331893430948,25.615228549164193
4278.149993324523,25.646143836850513
4281.967040066118,25.48644421951026
4285.784086807713,25.32674460217001
4289.601244613038,25.171008713274322
4293.421244918124,25.116718157556512
4297.241245223209,25.062427601838714
4301.061245528295,25.008137046120904
4304.881245833382,24.953846490403095
4308.701246138468,24.899555934685285
4312.521515449677,24.873075093502358
4316.341851173191,24.853459922155714
4320.162186896704,24.833844750809074
4323.982522620217,24.814229579462435
4327.80285834373,24.79461440811579
4331.622987063521,24.754178303246697
4335.442957610693,24.69783281510806
4339.262928157866,24.641487326969425
4343.082898705038,24.58514183883079
4346.902869252211,24.528796350692154
4350.722947591924,24.48242358061216
4354.5432435828025,24.456187396083656
4358.36353957368,24.429951211555156
4362.183835564559,24.403715027026657
4366.004131555437,24.37747884249815
4369.824431764567,24.351958629194673
4373.644771686081,24.333178869430398
4377.465111607597,24.31439910966612
4381.285451529111,24.29561934990184
4385.105791450626,24.276839590137563
4388.926131372142,24.25805983037328
4392.746370790572,24.225075382683745
4396.5665939681,24.189795513456932
4400.386817145629,24.154515644230116
4404.207040323156,24.11923577500331
4408.027263500685,24.0839559057765
4411.847335882125,24.04056882224556
4415.666228592135,23.93375934356847
4419.485121302144,23.826949864891382
4423.304014012154,23.720140386214297
4427.122906722163,23.613330907537204
4430.941799432173,23.50652142886012
4434.750006278157,23.210177740455237
4438.556703583213,22.88705946028929
4442.363400888269,22.56394118012335
4446.170098193325,22.240822899957408
4449.976795498382,21.917704619791465
4453.791821389131,21.8257463135926
4457.611901767644,21.874075362713704
4461.431982146159,21.922404411834822
4465.252042923125,21.935405342382825
4469.072067319592,21.882837237104383
4472.89209171606,21.830269131825947
4476.711867722775,21.7689684296634
4480.528703935286,21.604313875642422
4484.345540147797,21.43965932162144
4488.1623763603075,21.275004767600464
4491.979212572819,21.110350213579487
4495.79604878533,20.945695659558506
4499.6084397830255,20.70118055051639
4503.419971238014,20.44122331762408
4507.231502693002,20.181266084731767
4511.0430341479905,19.92130885183946
4514.854565602978,19.661351618947148
4518.667849703133,19.429713018431784
4522.482348057617,19.21769391802416
4526.2968464121,19.005674817616537
4530.111344766584,18.793655717208914
4533.925843121067,18.58163661680134
4537.739031766689,18.348960873536797
4541.549762036983,18.077511794779678
4545.360492307278,17.80606271602256
4549.171222577573,17.534613637265444
4552.981952847868,17.263164558508326
4556.793619925007,17.022687622089943
4560.613789850404,17.06332672146065
4564.4339597758,17.103965820831363
4568.254129701196,17.14460492020207
4572.074299626592,17.185244019572778
4575.894469551988,17.22588311894349
4579.708709219778,17.030570286067586
4583.522014407511,16.798076543149524
4587.335319595246,16.565582800231404
4591.14862478298,16.333089057313288
4594.961929970715,16.100595314395168
4598.77935009917,16.04768285386462
4602.599302167536,16.105267493223963
4606.4192542359015,16.162852132583303
4610.239206304266,16.22043677194263
4614.059158372631,16.27802141130197
4617.878660553022,16.356013740370372
4621.6974392373595,16.466825090623317
4625.516217921698,16.577636440876258
4629.334996606036,16.688447791129203
4633.153958586062,16.782783024860525
4636.974257364273,16.75695589767786
4640.794556142484,16.731128770495197
4644.6148549206955,16.705301643312524
4648.435153698905,16.67947451612986
4652.253457891654,16.559281810319362
4656.071435968573,16.423660280065697
4659.889414045491,16.28803874981203
4663.707392122409,16.152417219558398
4667.523941913756,15.981523430648345
4671.34038534534,15.808003031794113
4675.156828776923,15.634482632939882
4678.9732729740135,15.460982694538908
4682.792012815166,15.348840726946172
4686.610752656319,15.236698759353434
4690.429492497471,15.124556791760696
4694.247939107354,15.005436434332893
4698.062625209049,14.79682257853521
4701.877311310744,14.588208722737576
4705.691997412439,14.379594866939895
4709.507457667615,14.195069671238441
4713.327666947878,14.15831575585097
4717.14787622814,14.1215618404635
4720.9680855084025,14.084807925076028
4724.788294788665,14.048054009688556
4728.608504068928,14.011300094301086
4732.428861284543,14.016927040906248
4736.249234056526,14.027010611284766
4740.069606828509,14.037094181663278
4743.889979600491,14.047177752041794
4747.710352372474,14.05726132242031
4751.5223494083675,13.853618225508857
4755.330216564354,13.544591499054548
4759.13808372034,13.235564772600238
4762.945950876325,12.926538046145929
4766.753818032311,12.61751131969162
4770.566714774163,12.462545552873763
4774.386629595291,12.522550174599594
4778.20654441642,12.582554796325425
4782.026459237548,12.642559418051254
4785.846374058675,12.702564039777085
4789.666011354927,12.729207410403955
4793.484399259212,12.605661436359732
4797.302787163499,12.482115462315507
4801.121175067785,12.358569488271282
4804.939562972069,12.235023514227088
4808.7579508763565,12.111477540182833
4812.577306626874,12.0231733292263
4816.396719854411,11.936962003806755
4820.216133081944,11.850750678387252
4824.035546309479,11.764539352967708
4827.854959537013,11.678328027548204
4831.671628132728,11.51692617151974
4835.487162219971,11.324443901188172
4839.3026963072125,11.131961630856601
4843.118230394455,10.939479360525029
4846.933764481697,10.746997090193458
4850.751348392243,10.616818981024696
4854.571283074203,10.558092318697456
4858.391217756161,10.49936565637023
4862.21115243812,10.440638994042976
4866.031087120078,10.38191233171575
4869.8507113915375,10.309713540862163
4873.669297133305,10.192441514952128
4877.487882875074,10.07516948904204
4881.306468616842,9.957897463132003
4885.12505435861,9.840625437221941
4888.943640100379,9.723353411311878
4892.76391197584,9.694829048379157
4896.584196467588,9.666968728941065
4900.404480959338,9.639108409502972
4904.224765451087,9.611248090064885
4908.045049942835,9.583387770626791
4911.86537138556,9.561415964317085
4915.685704666428,9.541330686407182
4919.506037947297,9.521245408497277
4923.326371228165,9.501160130587373
4927.14647426538,9.540912207937115
4930.966539855115,9.590396401419058
4934.786605444853,9.639880594901024
4938.606671034589,9.689364788382967
4942.423021885283,9.519244503561522
4946.2392283454155,9.340588272407432
4950.05543480555,9.161932041253259
4953.871641265683,8.98327581009917
4957.690061241356,8.8618211340845
4961.508661873597,8.745034975900474
4965.327262505838,8.628248817716443
4969.14586313808,8.511462659532414
4972.9654433861115,8.434255961188104
4976.78514590689,8.361989454039561
4980.604848427669,8.289722946891017
4984.424550948446,8.21745643974249
4988.244253469226,8.14518993259393
4992.064395352055,8.114197710533505
4995.88477068471,8.105136091310394
4999.705146017364,8.096074472087288
5003.52552135002,8.087012852864179
5007.345896682673,8.077951233641073
5011.166229117999,8.060375294908209
5014.986501809724,8.030941366333414
5018.8067745014505,8.001507437758633
5022.6270471931775,7.972073509183838
5026.447319884903,7.9426395806090575
5030.267612959958,7.9179011794658765
5034.087997214294,7.914166944298804
5037.908381468631,7.910432709131733
5041.728765722968,7.90669847396466
5045.549149977306,7.902964238797589
5049.369534231643,7.899230003630516
5053.189849411763,7.8763924790792625
5057.010160774711,7.852499269984348
5060.830472137657,7.828606060889432
5064.650783500602,7.8047128517945215
5068.471094863549,7.7808196426996
5072.291252495976,7.740384386593178
5076.111348083661,7.6932728566827215
5079.931443671346,7.64616132677229
5083.75153925903,7.599049796861847
5087.571634846716,7.551938266951402
5091.39183384166,7.538617066843488
5095.212146222613,7.562346947266838
5099.032458603569,7.5860768276901895
5102.852770984523,7.60980670811354
5106.672978278688,7.64583080641618
5110.493138097645,7.6874090811689815
5114.3132979166,7.728987355921783
5118.1334577355565,7.770565630674584
5121.953780003461,7.757844197775465
5125.774120217691,7.739124079212953
5129.594460431921,7.72040396065044
5133.414800646151,7.7016838420879274
5137.235167881364,7.690006318927955
5141.055539267257,7.679410605022582
5144.875910653149,7.668814891117215
5148.696282039042,7.658219177211843
5152.516623719726,7.640110132421742
5156.336959453889,7.620497035282515
5160.157295188052,7.600883938143296
5163.977620267493,7.606246587848579
5167.797937877134,7.629119208228738
5171.6182554867755,7.651991828608896
5175.43857874994,7.660204633499178
5179.258912864774,7.640278612043101
5183.079246979609,7.620352590587026
5186.8995810944425,7.600426569130951
5190.7199320455575,7.5848904778864075
5194.540306615517,7.5755128177838085
5198.360681185475,7.566135157681215
5202.181055755435,7.556757497578617
5206.001435946119,7.5517197368889235
5209.82182199034,7.551201632564734
5213.642208034558,7.550683528240544
5217.462594078777,7.550165423916354
5221.2829487189665,7.538307067454684
5225.103279037858,7.517666092259012
5228.923609356749,7.497025117063329
5232.74393967564,7.476384141867656
5236.564267835771,7.455349504351426
5240.384594766713,7.434090717613909
5244.204921697656,7.4128319308763855
5248.025248628598,7.391573144138863
5251.8455755595405,7.370314357401339
5255.665913980918,7.363746485947878
5259.486269492595,7.37902914611058
5263.30662500427,7.3943118062732776
5267.126980515948,7.409594466435982
5270.947336027624,7.424877126598679
5274.767693331141,7.435554019987211
5278.588059577569,7.423243925037493
5282.408425824,7.410933830087769
5286.228792070429,7.398623735138051
5290.04915831686,7.386313640188329
5293.86952456329,7.374003545238608
5297.6898236449315,7.348470651949218
5301.51011781216,7.321970253094021
5305.330411979388,7.295469854238824
5309.150706146617,7.268969455383629
5312.971000313844,7.242469056528438
5316.7913565199715,7.231175664207783
5320.611739744178,7.226504957172898
5324.432122968384,7.221834250138013
5328.25250619259,7.217163543103128
5332.072889416796,7.212492836068242
5335.893264630836,7.204242417133429
5339.713630499866,7.191815750542449
5343.533996368895,7.179389083951472
5347.3543622379275,7.166962417360489
5351.1747281069565,7.154535750769513
5354.995097559009,7.1436119521031625
5358.815479251118,7.137822142875996
5362.635860943228,7.132032333648828
5366.456242635337,7.126242524421663
5370.276624327447,7.120452715194495
5374.097006019557,7.114662905967328
5377.91728382735,7.14324566364551
5381.737560730151,7.1721278593233375
5385.557837632951,7.201010055001166
5389.378114535752,7.2298922506789935
5393.198391438553,7.258774446356821
5397.018691871428,7.284283835486481
5400.83899989286,7.308705479300643
5404.65930791429,7.333127123114793
5408.479615935723,7.357548766928955
5412.299923957153,7.381970410743105
5416.120222750454,7.407761876728763
5419.940513058217,7.434812933940952
5423.760803365982,7.461863991153141
5427.581093673747,7.488915048365342
5431.401323751726,7.52312576734343
5435.221528483532,7.560349447808083
5439.0417332153365,7.597573128272718
5442.861937947144,7.634796808737372
5446.682303458085,7.639108041604075
5450.502689536101,7.639209071948187
5454.323075614115,7.639310102292297
5458.143461692131,7.639411132636408
5461.963847770145,7.639512162980518
5465.784125136479,7.662810359032548
5469.6043443543285,7.698516421017911
5473.42456357218,7.7342224830032915
5477.2448006775285,7.767676209873241
5481.065105133789,7.7926493310995655
5484.885409590047,7.817622452325876
5488.705714046308,7.8425955735522
5492.526078603661,7.844468097151035
5496.346461286567,7.839373840865559
5500.166843969474,7.834279584580083
5503.987226652381,7.829185328294608
5507.8076093352865,7.824091072009132
5511.627972972724,7.81249508378254
5515.448319937568,7.79520741458546
5519.2686669024115,7.777919745388388
5523.089013867256,7.760632076191312
5526.9093608321,7.743344406994236
5530.729564529682,7.749994152176623
5534.549430877298,7.81300908418781
5538.369297224912,7.876024016198995
5542.189163572528,7.939038948210181
5546.009029920142,8.002053880221366
5549.828927611967,8.061845497642976
5553.64929703761,8.073125874971835
5557.469666463252,8.084406252300685
5561.290035888896,8.095686629629544
5565.110405314537,8.106967006958396
5568.930774740182,8.118247384287253
5572.751023532314,8.09105000515142
5576.571247126007,8.055815228380869
5580.391470719699,8.02058045161032
5584.2116943133915,7.9853456748397695
5588.031917907084,7.9501108980692194
5591.851876792978,7.976130529252387
5595.671653179695,8.044381176043224
5599.491429566411,8.11263182283406
5603.311205953125,8.180882469624882
5607.1309823398415,8.249133116415734
5610.950975019136,8.294524896073767
5614.771358961088,8.298566107578658
5618.591742903036,8.302607319083545
5622.412126844987,8.306648530588436
5626.2325107869365,8.310689742093324
5630.052894836702,8.313869151343097
5633.873279670217,8.310783841070304
5637.693664503733,8.307698530797513
5641.514049337249,8.304613220524722
5645.334434170765,8.30152791025193
5649.15481900428,8.298442599979138
5652.975200018228,8.30386304706675
5656.795580540011,8.31037949478458
5660.615961061792,8.316895942502413
5664.436341583574,8.323412390220241
5668.256722105356,8.329928837938072
5672.077068881558,8.345834644093312
5675.897397548775,8.36677908802302
5679.717726215994,8.387723531952737
5683.538054883211,8.408667975882445
5687.358401421132,8.425224328237409
5691.178773956934,8.435396987017306
5694.999146492737,8.44556964579721
5698.819519028538,8.45574230457711
5702.639888022548,8.466933902563365
5706.460238960347,8.483320096498709
5710.280589898147,8.499706290434048
5714.100940835948,8.516092484369395
5717.921291773746,8.532478678304734
5721.741642711547,8.548864872240081
5725.562026193185,8.55086425429112
5729.382412167087,8.551761870016255
5733.202798140988,8.552659485741392
5737.02318411489,8.553557101466527
5740.843570088792,8.554454717191664
5744.663893090968,8.57301082206542
5748.484188300406,8.599360547713152
5752.304483509844,8.625710273360886
5756.1247787192815,8.652059999008612
5759.94507392872,8.678409724656351
5763.7654180046,8.69351722217795
5767.585797921534,8.700379116397748
5771.406177838466,8.707241010617544
5775.2265577554,8.71410290483734
5779.046937672332,8.720964799057134
5782.8673115626725,8.71908809576674
5786.687678380873,8.706956744066954
5790.508045199073,8.694825392367166
5794.328412017273,8.682694040667378
5798.148778835473,8.670562688967593
5801.969149829523,8.66168148839506
5805.7895352078485,8.663995872611244
5809.609920586174,8.666310256827426
5813.4303059645,8.66862464104361
5817.250691342825,8.670939025259795
5821.071064425493,8.664851802592711
5824.891426664715,8.651355269045617
5828.711788903936,8.637858735498522
5832.532151143161,8.624362201951422
5836.352525140479,8.622542723262058
5840.172906812937,8.628345485052726
5843.993288485395,8.634148246843393
5847.813670157854,8.639951008634062
5851.634036020012,8.651689706318047
5855.454394398923,8.666237970389322
5859.274752777834,8.680786234460598
5863.095111156745,8.695334498531874
5866.915397586565,8.72203297348241
5870.735660340419,8.752729664024152
5874.555923094273,8.783426354565893
5878.3761858481275,8.814123045107637
5882.196524154022,8.832351281357615
5886.0168783778045,8.847952567873753
5889.837232601583,8.863553854389885
5893.657586825365,8.879155140906025
5897.477941049146,8.894756427422157
5901.298286856134,8.912228859674379
5905.118626834934,8.930996962513516
5908.938966813733,8.94976506535266
5912.759306792533,8.968533168191803
5916.579646771331,8.98730127103094
5920.399986319548,9.006156453447963
5924.220325087903,9.025169351604397
5928.040663856259,9.044182249760839
5931.861002624615,9.063195147917273
5935.681341392969,9.082208046073712
5939.501678788546,9.101481927863501
5943.322006172679,9.122659116944764
5947.142333556812,9.143836306026026
5950.962660940947,9.165013495107289
5954.782988325081,9.18619068418855
5958.603315709213,9.207367873269812
5962.423514957119,9.244700545494299
5966.243697625324,9.284123595268763
5970.063880293526,9.323546645043209
5973.884062961731,9.362969694817671
5977.704245629934,9.402392744592118
5981.524452207049,9.439383538436903
5985.344671653607,9.475065122450424
5989.164891100165,9.510746706463955
5992.985110546723,9.546428290477484
5996.805329993282,9.582109874491014
6000.625543303642,9.61843445636777
6004.445747956329,9.655666255779714
6008.265952609016,9.692898055191648
6012.086157261703,9.730129854603602
6015.90636191439,9.767361654015538
6019.726565387803,9.804713377658107
6023.546763469181,9.842613434721116
6027.366961550562,9.880513491784143
6031.187159631941,9.918413548847152
6035.007357713318,9.956313605910161
6038.827555794699,9.99421366297319
6042.647522326833,10.050650798016978
6046.467475156105,10.108184939403383
6050.287427985379,10.165719080789763
6054.107380814653,10.22325322217617
6057.927333643925,10.280787363562547
6061.747156589552,10.346186136214941
6065.566926086646,10.41482129028173
6069.38669558374,10.483456444348517
6073.206465080833,10.552091598415304
6077.0262345779265,10.62072675248209
6080.846018565386,10.68854518411529
6084.665818727148,10.755451981175803
6088.48561888891,10.8223587782363
6092.305419050674,10.889265575296829
6096.125219212437,10.956172372357326
6099.945156640002,11.00565267469437
6103.765536798111,10.998926395668857
6107.58591695622,10.992200116643337
6111.406297114328,10.985473837617825
6115.226677272435,10.978747558592309
6119.047057359901,10.972000806527893
6122.867392963641,10.952362321409455
6126.687728567381,10.932723836291007
6130.508064171119,10.913085351172569
6134.32839977486,10.893446866054122
6138.1487353786,10.873808380935685
6141.969074385847,10.854847231461477
6145.789414430239,10.836092484986311
6149.60975447463,10.817337738511146
6153.4300945190225,10.798582992035982
6157.250434563414,10.779828245560815
6161.070767382725,10.760022960260184
6164.891003999255,10.7262296322725
6168.711240615785,10.692436304284822
6172.531477232316,10.658642976297129
6176.351713848847,10.624849648309452
6180.171950465378,10.591056320321758
6183.992119825081,10.550476417442205
6187.812275853827,10.508551349358122
6191.632431882574,10.466626281274038
6195.45258791132,10.424701213189957
6199.272743940066,10.382776145105876
6203.092804363037,10.33328052789847
6206.912800833468,10.278720824922104
6210.7327973039,10.22416112194574
6214.552793774331,10.169601418969387
6218.372789938467,10.115020499416467
6222.19276942459,10.059284327292929
6226.012748910716,10.003548155169362
6229.832728396841,9.947811983045824
6233.652707882966,9.892075810922258
6237.47271390779,9.838232073026209
6241.292754142993,9.786827824826437
6245.112794378197,9.73542357662664
6248.932834613398,9.68401932842687
6252.752874848601,9.632615080227076
6256.572959462102,9.597790323803213
6260.393220144064,9.628743791332397
6264.213480826026,9.659697258861566
6268.033630933303,9.682216346820546
6271.85176718902,9.551123524443907
6275.669903444737,9.420030702067269
6279.488039700455,9.288937879690632
6283.3073720997,9.200329306049086
6287.126835837946,9.116385589601215
6290.9462995761905,9.032441873153342
6294.765763314434,8.948498156705488
6298.58522705268,8.864554440257594
6302.404254580282,8.909405841626302
6306.223062090722,9.019219290284472
6310.041869601162,9.12903273894259
6313.860677111603,9.238846187600759
6317.679484622042,9.348659636258876
6321.497589413266,9.344465069798794
6325.314753087657,9.187585248871656
6329.131916762046,9.030705427944593
6332.949080436438,8.873825607017453
6336.766244110827,8.716945786090388
6340.585523893453,8.630135389294
6344.405197983038,8.556381442721793
6348.224872072626,8.48262749614957
6352.044546162213,8.408873549577347
6355.864370015972,8.345878589642275
6359.684617061008,8.313285489330957
6363.504864106045,8.280692389019638
6367.325111151082,8.248099288708321
6371.145358196118,8.215506188397002
6374.965606216973,8.183028007088168
6378.7858558767675,8.150742837874347
6382.606105536559,8.11845766866054
6386.426355196353,8.08617249944672
6390.2466048561455,8.053887330232913
6394.066681742073,8.0075048898427
6397.886575173519,7.946153706566593
6401.706468604966,7.884802523290487
6405.526362036413,7.82345134001438
6409.34648846181,7.8097303676816345
6413.166799297302,7.833707763772976
6416.9871101327935,7.857685159864318
6420.807420968284,7.881662555955655
6424.627745514328,7.903270083572488
6428.448078050065,7.923496593091542
6432.2684105858025,7.943723102610606
6436.088743121539,7.963949612129659
6439.909095748779,7.979669646385769
6443.729456764689,7.993508122224929
6447.549817780598,8.007346598064087
6451.370178796508,8.021185073903252
6455.1904634028415,8.048139676030067
6459.010726347775,8.078812577311844
6462.830989292706,8.109485478593609
6466.65125223764,8.140158379875388
6470.471619652427,8.146452634693382
6474.29200517121,8.148522217344555
6478.112390689993,8.150591799995727
6481.932776208776,8.1526613826469
6485.752188206744,8.215140139667163
6489.570656561507,8.336174097585511
6493.389124916272,8.457208055503859
6497.207593271034,8.578242013422205
6501.025798588342,8.706305713271314
6504.842634466522,8.87096801721258
6508.659470344701,9.035630321153766
6512.476306222881,9.20029262509503
6516.293142101059,9.364954929036216
6520.109977979239,9.529617232977479
6523.926520058997,9.384246951293143
6527.743037002041,9.212350998012633
6531.559553945085,9.040455044732042
6535.376070888129,8.868559091451532
6539.192587831175,8.69666313817094
6543.011318797445,8.595049169927325
6546.831087805929,8.526386828556213
6550.650856814413,8.457724487185132
6554.470625822897,8.389062145814036
6558.2903948313815,8.320399804442939
6562.110425859214,8.275764046497637
6565.930783825377,8.261107796462946
6569.751141791542,8.246451546428258
6573.571499757705,8.231795296393571
6577.39185772387,8.217139046358879
6581.212235526038,8.220974491483855
6585.032616143612,8.22743453605258
6588.852996761183,8.233894580621302
6592.673377378757,8.240354625190028
6596.49375235064,8.240693175465925
6600.314114553243,8.227186280026382
6604.134476755845,8.21367938458684
6607.954838958448,8.200172489147297
6611.77520116105,8.186665593707755
6615.59532499179,8.162676125165623
6619.4123521924375,8.00251013371445
6623.229379393086,7.842344142263278
6627.046406593731,7.6821781508121445
6630.863881427338,7.818597523138296
6634.6813747103715,7.967240818583582
6638.498867993408,8.11588411402894
6642.31689736794,8.026526987343209
6646.135021542843,7.895082777369256
6649.953145717743,7.763638567395365
6653.7712698926425,7.632194357421474
6657.589394067544,7.500750147447519
6661.408242160186,7.505196231105014
6665.227550055103,7.595954146072641
6669.046857950019,7.686712061040225
6672.866165844936,7.777469976007852
6676.685473739851,7.868227890975436
6680.504961933165,7.89961514161161
6684.324750609987,7.832055836346008
6688.144539286807,7.7644965310804075
6691.964327963629,7.696937225814806
6695.78411664045,7.629377920549204
6699.60398091626,7.574043005392845
6703.42431300534,7.594353703310743
6707.244645094418,7.614664401228637
6711.064977183498,7.634975099146541
6714.885309272577,7.655285797064435
6718.7056413616565,7.675596494982338
6722.525936245773,7.701920482893317
6726.34622717765,7.728883255902934
6730.166518109525,7.755846028912538
6733.986809041399,7.782808801922142
6737.807099973275,7.809771574931759
6741.6274371609215,7.828125274336397
6745.447797258375,7.842215025739257
6749.268157355826,7.856304777142109
6753.088517453278,7.8703945285449635
6756.90887755073,7.88448427994782
6760.729153214349,7.8746566684446115
6764.5493186113,7.833594091424869
6768.369484008252,7.792531514405125
6772.189649405203,7.751468937385383
6776.009814802155,7.71040636036564
6779.829802845438,7.695787386479857
6783.649073802719,7.7880866290592206
6787.468344759998,7.880385871638541
6791.287615717279,7.972685114217903
6795.106886674557,8.064984356797222
6798.926157631838,8.157283599376585
6802.746456170538,8.178966338276258
6806.56679565169,8.197835467782474
6810.387135132843,8.21670459728869
6814.207474613995,8.235573726794904
6818.027814095148,8.25444285630112
6821.847842923671,8.303333416073036
6825.6677548303915,8.36352328398264
6829.487666737111,8.423713151892246
6833.307578643829,8.483903019801836
6837.127582084924,8.526743371054462
6840.9479164360455,8.506862703895361
6844.76825078717,8.48698203673625
6848.588585138292,8.46710136957715
6852.408919489416,8.447220702418042
6856.229147088323,8.469235379199104
6860.049330517591,8.508584610876886
6863.869513946862,8.547933842554688
6867.68969737613,8.58728307423247
6871.509880805401,8.626632305910272
6875.330149863266,8.65342028065798
6879.150514715329,8.666155759673842
6882.970879567391,8.678891238689701
6886.790821459899,8.721585405746085
6890.610023190629,8.816706041183066
6894.42922492136,8.911826676620045
6898.24871618286,8.987524024345287
6902.069056215093,9.006281247387163
6905.889396247327,9.025038470429038
6909.709736279559,9.043795693470916
6913.530059091245,9.065778035964689
6917.350381594302,9.087818179983191
6921.170704097356,9.10985832400168
6924.991069610715,9.112816287539259
6928.811452651543,9.10799792111226
6932.631835692369,9.103179554685259
6936.452218733199,9.098361188258254
6940.272601774025,9.093542821831253
6944.092780712115,9.118338725266039
6947.91273441853,9.175814599723076
6951.7326881249455,9.233290474180139
6955.55264183136,9.290766348637177
6959.372595537775,9.348242223094228
6963.192520471477,9.407513395230477
6967.01235415548,9.472478169151314
6970.832187839484,9.53744294307215
6974.652021523488,9.602407716992985
6978.47185520749,9.667372490913822
6982.291690711636,9.73218362846145
6986.1119913636885,9.75773207688371
6989.932292015742,9.783280525305983
6993.752592667795,9.808828973728247
6997.572893319851,9.834377422150519
7001.393193971903,9.859925870572779
7005.2132948412,9.905320009821427
7009.033335598951,9.956685410740523
7012.853376356703,10.00805081165963
7016.673417114455,10.059416212578737
7020.493457872208,10.110781613497846
7024.313518475006,10.160629064333268
7028.133596454213,10.209147391511264
7031.953674433422,10.25766571868926
7035.773752412629,10.306184045867258
7039.593830391836,10.354702373045244
7043.413897721585,10.403848741071998
7047.233424519926,10.484872392272242
7051.052951318268,10.565896043472524
7054.872478116607,10.646919694672766
7058.691993746641,10.72846755764068
7062.511505587382,10.810193280247297
7066.331017428122,10.891919002853912
7070.150935290794,10.940410524941116
7073.9713037270385,10.952021151319082
7077.791672163284,10.963631777697053
7081.611965935876,10.982337370716108
7085.431732645899,11.051127459441455
7089.25149935592,11.119917548166775
7093.071266065942,11.188707636892108
7096.891200581904,11.247179201247183
7100.711184203071,11.302631246412847
7104.531167824239,11.358083291578511
7108.351151445406,11.413535336744173
7112.171319252604,11.453863540684601
7115.991520357003,11.491457652694272
7119.811721461399,11.529051764703926
7123.632090250373,11.539128083783712
7127.452160657041,11.559766583233197
7131.267786872835,11.750413840357373
7135.083413088628,11.941061097481462
7138.8990393044205,12.13170835460555
7142.714665520215,12.322355611729728
7146.530291736007,12.513002868853814
7150.345917951801,12.703650125977994
7154.161544167595,12.894297383102082
7157.977170383388,13.084944640226258
7161.79279659918,13.275591897350346
7165.608422814974,13.46623915447448
7169.4240490307675,13.656886411598613
7173.239675246561,13.847533668722747
7177.055301462355,14.03818092584688
7180.870927678147,14.228828182971013
7184.686553893942,14.419475440095146
7188.502180109735,14.610122697219278
7192.317806325527,14.800769954343366
7196.133432541321,14.991417211467544
7199.949058757114,15.182064468591632
7203.764684972908,15.37271172571581
7207.580311188701,15.563358982839897
7211.395983077907,15.753005509063971
7215.213112455399,15.910717622659414
7219.030241832894,16.068429736254892
7222.847371210387,16.22614184985037
7226.66450058788,16.38385396344585
7230.481629965374,16.54156607704133
7234.298759342867,16.69927819063681
7238.115888720361,16.856990304232294
7241.933018097854,17.014702417827774
7245.750147475347,17.172414531423215
7249.56854992531,17.28149556950298
7253.388702728613,17.32371351251909
7257.208855531916,17.36593145553522
7261.029008335219,17.40814939855133
7264.849161138523,17.450367341567464
7268.669313941826,17.492585284583576
7272.489466745128,17.53480322759969
7276.309619548432,17.57702117061582
7280.129772351735,17.61923911363193
7283.94992515504,17.66145705664806
7287.770077958341,17.703674999664173
7291.590230761647,17.745892942680307
7295.410383564948,17.788110885696415
7299.230536368252,17.83032882871254
7303.050689171556,17.872546771728658
7306.870841974858,17.91476471474478
7310.690994778162,17.9569826577609
7314.511147581466,17.999200600777023
7318.331300384767,18.041418543793135
7322.151453188072,18.083636486809265
7325.971605991374,18.125854429825377
7329.791758794679,18.168072372841507
7333.611911597981,18.21029031585762
7337.432064401285,18.252508258873753
7341.252217204587,18.294726201889862
7345.072370007891,18.336944144905974
7348.892522811194,18.379162087922108
7352.712715925867,18.415978504294433
7356.533073326734,18.430781374000166
7360.353430727599,18.445584243705895
7364.173788128464,18.46038711341163
7367.99414552933,18.47518998311736
7371.814502930194,18.48999285282309
7375.634860331061,18.504795722528826
7379.455217731926,18.51959859223455
7383.275575132791,18.534401461940288
7387.095932533656,18.549204331646017
7390.916289934522,18.56400720135175
7394.736647335388,18.578810071057482
7398.557004736253,18.593612940763208
7402.377362137118,18.608415810468944
7406.197719537983,18.623218680174674
7410.018076938849,18.638021549880406
7413.838434339714,18.652824419586135
7417.657796334525,18.731204960063515
7421.476744657826,18.836007151098844
7425.295692981129,18.940809342134205
7429.114641304431,19.04561153316956
7432.933589627734,19.150413724204917
7436.752537951035,19.25521591524027
7440.571486274339,19.360018106275632
7444.390434597639,19.464820297310986
7448.2093829209425,19.569622488346347
7452.028331244244,19.674424679381673
7455.847279567548,19.77922687041706
7459.666227890849,19.884029061452388
7463.485176214152,19.98883125248777
7467.304124537453,20.093633443523103
7471.123072860757,20.198435634558486
7474.942021184058,20.30323782559382
7478.760969507359,20.408040016629148
7482.579917830662,20.51284220766453
7486.398866153963,20.617644398699863
7490.217814477267,20.72244658973524
7494.036762800568,20.827248780770574
7497.855711123871,20.932050971805932
7501.675854939485,20.897581372146654
7505.4938179875535,20.99294721600238
7509.31062694869,21.158232271264872
7513.127435909825,21.323517326527362
7516.9442448709615,21.488802381789856
7520.761053832097,21.654087437052347
7524.577862793231,21.8193724923148
7528.394671754369,21.98465754757733
7532.211480715504,22.149942602839786
7536.02828967664,22.315227658102316
7539.845098637775,22.480512713364767
7543.661907598911,22.645797768627297
7547.478716560046,22.81108282388975
7551.295525521181,22.9763678791522
7555.112334482317,23.141652934414733
7558.929143443453,23.306937989677188
7562.745952404589,23.472223044939717
7566.562761365723,23.63750810020217
7570.379570326861,23.802793155464702
7574.196379287995,23.968078210727153
7578.013188249131,24.133363265989644
7581.829997210267,24.298648321252138
7585.646806171402,24.46393337651463
7589.463615132538,24.629218431777122
7593.280424093675,24.794503487039613
7597.097233054809,24.959788542302103
7600.914042015946,25.125073597564597
7604.73085097708,25.29035865282705
7608.547659938216,25.45564370808958
7612.364468899351,25.620928763352033
7616.181277860488,25.786213818614563
7619.9980868216235,25.951498873877018
7623.81489578276,26.116783929139547
7627.631704743894,26.282068984402
7631.448713529186,26.43812092389229
7635.269099608537,26.43812092389229
7639.088111008074,26.52669458339104
7642.906657050301,26.645252243175495
7646.725203092527,26.763809902959952
7650.543749134754,26.882367562744403
7654.36229517698,27.000925222528863
7658.180841219206,27.11948288231329
7661.999387261433,27.23804054209777
7665.81793330366,27.3565982018822
7669.636479345887,27.475155861666682
7673.455025388113,27.59371352145111
7677.27357143034,27.712271181235536
7681.092117472566,27.83082884102002
7684.910663514793,27.949386500804444
7688.72920955702,28.06794416058893
7692.547755599246,28.186501820373355
7696.366301641474,28.305059480157837
7700.184847683699,28.423617139942266
7704.003393725926,28.54217479972672
7707.821939768153,28.660732459511173
7711.64048581038,28.77929011929563
7715.459031852606,28.897847779080085
7719.277577894833,29.01640543886454
7723.096123937059,29.134963098648996
7726.914669979286,29.253520758433453
7730.733216021513,29.372078418217875
7734.55176206374,29.49063607800236
7738.370308105966,29.60919373778679
7742.188854148193,29.72775139757127
7746.0074001904195,29.846309057355697
7749.825946232647,29.96486671714018
7753.644492274872,30.083424376924608
7757.463038317099,30.201982036709033
7761.281584359326,30.320539696493515
7765.100130401553,30.43909735627794
7768.91867644378,30.557655016062427
7772.7372224860055,30.676212675846855
7776.555444593817,30.804186693979563
7780.37311065726,30.94832420931357
7784.190776720705,31.092461724647606
7788.008442784149,31.236599239981647
7791.824235755618,31.420944179645215
7795.638767697423,31.632358134375647
7799.453299639227,31.843772089106075
7803.267831581031,32.05518604383651
7807.082363522835,32.26659999856694
7810.896895464639,32.47801395329732
7814.711427406444,32.689427908027795
7818.525959348248,32.90084186275818
7822.340491290052,33.11225581748866
7826.155023231856,33.323669772219034
7829.96955517366,33.535083726949516
7833.784087115464,33.7464976816799
7837.598619057268,33.95791163641032
7841.413150999072,34.169325591140755
7845.227682940877,34.38073954587119
7849.04221488268,34.59215350060162
7852.856746824485,34.80356745533204
7856.673102525201,34.91708805028729
7860.492829503151,34.85484913004585
7864.311772523493,34.959844380782044
7868.130715543837,35.06483963151828
7871.949658564178,35.16983488225446
7875.768601584521,35.2748301329907
7879.587544604863,35.37982538372689
7883.406487625204,35.48482063446308
7887.225430645549,35.589815885199314
7891.044373665889,35.694811135935495
7894.863316686233,35.79980638667174
7898.682259706574,35.90480163740792
7902.501202726917,36.00979688814416
7906.320145747259,36.11479213888035
7910.139088767602,36.219787389616556
7913.958031787944,36.324782640352765
7917.7769748082865,36.42977789108898
7921.595917828628,36.53477314182519
7925.414860848971,36.6397683925614
7929.233803869313,36.74476364329762
7933.052746889655,36.849758894033826
7936.871689909997,36.954754144770014
7940.69063293034,37.059749395506245
7944.509575950682,37.16474464624244
7948.328518971026,37.26973989697867
7952.147461991367,37.374735147714865
7955.9677439913185,37.3823078406366
7959.786710354648,37.30036948298604
7963.604803268783,37.168020345024814
7967.422896182921,37.03567120706353
7971.240989097057,36.90332206910231
7975.059082011194,36.770972931141024
7978.87717492533,36.6386237931798
7982.695267839467,36.50627465521851
7986.513360753603,36.37392551725729
7990.33145366774,36.241576379296035
7994.149546581876,36.10922724133478
7997.9676394960115,35.97687810337352
8001.78573241015,35.84452896541227
8005.603825324286,35.71217982745102
8009.421918238422,35.57983068948977
8013.240011152559,35.44748155152851
8017.058104066695,35.315132413567284
8020.876196980833,35.182783275606
8024.694289894967,35.05043413764478
8028.5123828091055,34.918084999683494
8032.330475723242,34.785735861722266
8036.148568637378,34.65338672376101
8039.966661551514,34.52103758579976
8043.784754465651,34.388688447838504
8047.602847379788,34.25633930987725
8051.420940293924,34.12399017191599
8055.23903320806,33.99164103395474
8059.057126122198,33.859291895993486
8062.875219036333,33.72694275803226
8066.694615510467,33.669828077986345
8070.51412385246,33.62810471725249
8074.33112993967,33.46743634602171
8078.148136026877,33.30676797479099
8081.965142114086,33.14609960356021
8085.782148201293,32.985431232329496
8089.601953960917,32.957845657752046
8093.418940407631,32.841725476633925
8097.232782932366,32.618219342902776
8101.046625457102,32.39471320917151
8104.860467981837,32.171207075440364
8108.674310506574,31.9477009417091
8112.48815303131,31.724194807977952
8116.301995556045,31.500688674246746
8120.118291136761,31.360970800940844
8123.938584997452,31.36779547389896
8127.757576212715,31.471022859038865
8131.576567427979,31.57425024417877
8135.395558643242,31.677477629318673
8139.214549858505,31.780705014458583
8143.033541073767,31.883932399598464
8146.852532289031,31.98715978473839
8150.671523504292,32.09038716987827
8154.490514719557,32.1936145550182
8158.309505934819,32.29684194015808
8162.128497150083,32.40006932529802
8165.947488365344,32.503296710437894
8169.766479580607,32.606524095577775
8173.5854707958715,32.709751480717706
8177.404462011134,32.81297886585759
8181.223453226397,32.91620625099752
8185.0424444416585,33.01943363613739
8188.861435656923,33.12266102127733
8192.680426872186,33.22588840641721
8196.49941808745,33.329115791557115
8200.31840930271,33.43234317669702
8204.13764793453,33.51726041650757
8207.958034013882,33.51726041650757
8211.776410323797,33.632735432784756
8215.594482622808,33.765677957330624
8219.412554921817,33.898620481876485
8223.230627220826,34.031563006422346
8227.048699519837,34.16450553096821
8230.866771818846,34.297448055514074
8234.684844117855,34.430390580059935
8238.502916416866,34.5633331046058
8242.320988715874,34.6962756291516
8246.139061014886,34.829218153697525
8249.957133313894,34.96216067824333
8253.775205612905,35.09510320278925
8257.593277911914,35.22804572733505
8261.411350210925,35.36098825188098
8265.229422509932,35.49393077642678
8269.047494808943,35.62687330097265
8272.865567107954,35.75981582551851
8276.683639406963,35.89275835006437
8280.501711705972,36.02570087461024
8284.319784004983,36.1586433991561
8288.137856303993,36.29158592370196
8291.955928603002,36.42452844824783
8295.774000902013,36.55747097279369
8299.592073201022,36.69041349733955
8303.410145500031,36.82335602188541
8307.228217799042,36.95629854643128
8311.046290098051,37.08924107097714
8314.86436239706,37.222183595523
8318.682434696071,37.35512612006887
8322.50050699508,37.488068644614664
8326.318579294091,37.62101116916059
8330.136651593099,37.753953693706386
8333.954723892111,37.88689621825232
8337.772796191119,38.019838742798115
8341.592115896246,38.09227064055925
8345.411965792917,38.14683311051254
8349.231248354115,38.23865093567318
8353.050530915316,38.33046876083384
8356.869813476515,38.422286585994485
8360.689096037715,38.51410441115513
8364.508606482947,38.589079290835684
8368.32897511447,38.60062548403788
8372.14934374599,38.612171677240084
8375.969712377515,38.62371787044228
8379.790081009036,38.63526406364447
8383.610316373855,38.66758740252982
8387.430518783929,38.70504860085304
8391.250721194,38.742509799176254
8395.070923604073,38.77997099749947
8398.89093570385,38.83078771604635
8402.710654439337,38.902192036946225
8406.53037317483,38.97359635784616
8410.350091910319,39.04500067874602
8414.16981064581,39.11640499964596
8417.989540471372,39.18719952588507
8421.809329628955,39.25473164342647
8425.629118786539,39.32226376096787
8429.448907944125,39.389795878509275
8433.268697101708,39.45732799605067
8437.088486259292,39.52486011359208
8440.908219648989,39.59547045614667
8444.727948293816,39.66634270170011
8448.547676938642,39.73721494725355
8452.367405583469,39.808087192806994
8456.187134228296,39.87895943836043
8460.006786867292,39.95376854952469
8463.826404654215,40.030382889671486
8467.646022441138,40.10699722981828
8471.465693667098,40.180851547105014
8475.285414405973,40.25214861775456
8479.105135144853,40.323445688404185
8482.924962645851,40.38816128033575
8486.744986165082,40.44079309432704
8490.565009684307,40.493424908318275
8494.385033203538,40.546056722309565
8498.205056722763,40.598688536300806
8502.024994711168,40.65585699609854
8505.84428742253,40.74725163620336
8509.66358013389,40.83864627630818
8513.482872845252,40.930040916413006
8517.302165556614,41.02143555651782
8521.121458267975,41.112830196622646
8524.94083964451,41.20043008121075
8528.760233058616,41.28751477324761
8532.579626472721,41.37459946528446
8536.399019886827,41.46168415732133
8540.218413300932,41.54876884935819
8544.037767197246,41.6375518382806
8547.857077397413,41.728212690823455
8551.676387597583,41.81887354336631
8555.495697797753,41.909534395909176
8559.31500799792,42.00019524845203
8563.134372153168,42.08844897105585
8566.953908726031,42.16901052431125
8570.773445298893,42.249572077566654
8574.592981871756,42.330133630822054
8578.412518444618,42.410695184077454
8582.232055465513,42.49123396925054
8586.05180448735,42.56099932955051
8589.871553509181,42.63076468985042
8593.691302531015,42.70053005015037
8597.511051552849,42.770295410450316
8601.330800574684,42.840060770750256
8605.150526114086,42.91109671959692
8608.970244486522,42.98252045922666
8612.789962858957,43.0539441988564
8616.609681231392,43.125367938486136
8620.429399603827,43.19679167811587
8624.247835307595,43.31175707885554
8628.06513434786,43.46530782780401
8631.882433388122,43.61885857675247
8635.699732428386,43.772409325700934
8639.51703146865,43.925960074649396
8643.334450240473,44.07642769986797
8647.152160915984,44.219378717330486
8650.969871591495,44.36232973479301
8654.787582267003,44.50528075225546
8658.605292942515,44.64823176971805
8662.422773839005,44.79585257112501
8666.236076404666,45.02838931669829
8670.049378970321,45.26092606227135
8673.862681535982,45.49346280784464
8677.67598410164,45.725999553417694
8681.489286667296,45.95853629899087
8685.304089833637,46.1292503400507
8689.124183661528,46.08199633051358
8692.94427748942,46.03474232097646
8696.764371317307,45.98748831143934
8700.584465145197,45.94023430190222
8704.404717306837,45.926037593185995
8708.225088517633,45.93669625301081
8712.04545972843,45.94735491283562
8715.865830939225,45.95801357266043
8719.68620215002,45.96867223248523
8723.50656762062,45.98099936029611
8727.326921733225,45.99662784660791
8731.147275845833,46.01225633291972
8734.967629958439,46.02788481923152
8738.787984071048,46.04351330554333
8742.608215221193,46.067417123995845
8746.427347076533,46.16530311300089
8750.24647893187,46.26318910200584
8754.065573971518,46.36242059510617
8757.884344201138,46.473522929235436
8761.703114430762,46.58462526336475
8765.521759325911,46.69943315267186
8769.33930915198,46.84661712187401
8773.156858978047,46.99380109107618
8776.974408804113,47.14098506027833
8780.792156780697,47.28205295510376
8784.611227846253,47.382282648892705
8788.430298911811,47.482512342681645
8792.24936997737,47.58274203647059
8796.068637087326,47.67105976770615
8799.888938080614,47.69655713968094
8803.709239073904,47.722054511655735
8807.529540067191,47.74755188363052
8811.34984106048,47.77304925560532
8815.170088445106,47.77165953323797
8818.990257388828,47.73092825858326
8822.810426332546,47.69019698392859
8826.630595276267,47.649465709273876
8830.450764219986,47.60873443461921
8834.270838436527,47.62890370379205
8838.090862185445,47.68151884428502
8841.910885934361,47.734133984778005
8845.730909683278,47.78674912527099
8849.529639532288,48.13793209211744
8853.318465428889,48.62798119224513
8857.107291325492,49.11803029237283
8860.896117222093,49.60807939250052
8864.70554732192,49.831595408682944
8868.524674205293,49.929675192524854
8872.343801088668,50.027754976366765
8876.162927972038,50.125834760208676
8879.982054855413,50.22391454405059
8883.767029817542,49.937450682181435
8887.509096599446,49.167849489966514
8891.251163381354,48.398248297750854
8894.993230163258,47.62864710553593
8898.77192803095,47.224390481368246
8902.592297228312,47.23574790776499
8906.412666425678,47.247105334161745
8910.23303562304,47.25846276055849
8914.047984348053,47.41752253362086
8917.85890940802,47.68622307812856
8921.669834467986,47.95492362263626
8925.480759527953,48.22362416714397
8929.246546550678,48.81771220820755
8932.98671111379,49.596505400355255
8936.726875676903,50.37529859250294
8940.467040240015,51.154091784650646
8944.207204803128,51.932884976798334
8947.997307354191,52.37420098834012
8951.802733375056,52.71196213917718
8955.608159395922,53.04972329001424
8959.413585416787,53.3874844408513
8963.224317962698,53.59515092598051
8967.04461066872,53.568440710136585
8970.864903374739,53.541730494292665
8974.685196080758,53.51502027844874
8978.505488786777,53.48831006260482
8982.325790629433,53.466291984988025
8986.14615838601,53.47812413585261
8989.96652614259,53.4899562867172
8993.786893899167,53.50178843758178
8997.607261655745,53.51362058844636
9001.427629412325,53.52545273931094
9005.218773480403,53.08268291237627
9009.006181259838,52.581791599233824
9012.793589039273,52.08090028609137
9016.580996818706,51.58000897294892
9020.36840459814,51.07911765980647
9024.175482714862,50.919888593308116
9027.995350599169,50.98281030453989
9031.815218483474,51.04573201577166
9035.63508636778,51.10865372700343
9039.454954252087,51.1715754382352
9043.266962253952,51.36190340851133
9047.065598794983,51.76897861586494
9050.864235336016,52.17605382321855
9054.662871877044,52.58312903057216
9058.461508418077,52.99020423792577
9062.267510625408,53.28064972949991
9066.08717892137,53.35470311638747
9069.906847217335,53.42875650327509
9073.726515513295,53.50280989016264
9077.546183809261,53.576863277050265
9081.366107165702,53.626632517677315
9085.186488228193,53.63282385627795
9089.00686929068,53.639015194878574
9092.82725035317,53.645206533479204
9096.647421057163,53.67519685303829
9100.467314654958,53.736537678235266
9104.28720825275,53.797878503432244
9108.107101850543,53.859219328629216
9111.927225532196,53.898042802135876
9115.747574989915,53.91477050978877
9119.567924447634,53.93149821744166
9123.388017658966,53.96385300905539
9127.206861673,54.07238960100141
9131.02570568703,54.18092619294743
9134.844549701063,54.28946278489345
9138.663393715095,54.39799937683947
9142.482237729128,54.50653596878549
9146.302434169564,54.53861764499765
9150.122727688791,54.565211295877575
9153.943021208015,54.59180494675746
9157.76331472724,54.61839859763739
9161.583608246465,54.64499224851728
9165.403948660198,54.64331446264068
9169.224309380243,54.629394547713304
9173.044670100287,54.615474632785926
9176.865030820336,54.60155471785855
9180.68539154038,54.58763480293116
9184.505744362596,54.571934903916095
9188.326078184937,54.55195288282605
9192.146412007281,54.531970861736006
9195.966745829623,54.51198884064596
9199.787079651966,54.49200681955592
9203.60738499187,54.49737270824478
9207.427664261077,54.52594018223308
9211.247943530285,54.554507656221375
9215.06822279949,54.583075130209664
9218.888502068694,54.61164260419794
9222.708811870887,54.63152510912452
9226.529197569389,54.629819250791485
9230.349583267896,54.62811339245847
9234.1699689664,54.626407534125434
9237.990354664907,54.62470167579241
9241.810403386151,54.634629635362955
9245.62428519084,54.857464496123235
9249.438166995527,55.08029935688352
9253.252048800216,55.303134217643816
9257.065930604902,55.525969078404096
9260.87981240959,55.74880393916438
9264.6984808788,55.73791185432985
9268.518288162086,55.671412877875454
9272.338095445371,55.60491390142106
9276.157902728653,55.53841492496666
9279.977710011939,55.47191594851226
9283.796797987907,55.3757084379418
9287.615347618612,55.257266413643016
9291.43389724932,55.13882438934424
9295.252446880027,55.02038236504545
9299.070996510734,54.90194034074672
9302.889829284917,54.794442868519596
9306.709395130038,54.71528132435404
9310.528960975162,54.636119780188395
9314.348228470757,54.6966866674227
9318.167421436836,54.792158564718264
9321.986614402911,54.887630462013746
9325.805807368986,54.98310235930927
9329.62486652755,55.08152434849091
9333.437020452962,55.33218795627937
9337.249174378372,55.58285156406782
9341.061328303786,55.83351517185629
9344.873482229197,56.08417877964475
9348.666621739027,56.521619133025254
9352.451082198499,57.04431294969997
9356.23554265797,57.56700676637469
9360.048921873286,57.73748893060392
9363.867956724693,57.83908912267823
9367.686994394344,57.94057863941694
9371.506250744424,58.03348034920727
9375.325507094502,58.12638205899762
9379.144763444581,58.21928376878796
9382.964019794661,58.31218547857831
9386.706208036234,59.06214352113362
9390.443300244162,59.855548603513014
9394.18039245209,60.64895368589243
9397.917484660014,61.44235876827146
9401.654576867943,62.23576385065087
9405.423085654387,62.8427469070149
9409.213801205102,63.31795781689557
9413.004516755816,63.79316872677625
9416.795232306531,64.26837963665693
9420.585947857246,64.7435905465376
9424.38579501916,65.08359513055403
9428.205983893899,65.12241209360357
9432.026172768637,65.16122905665311
9435.846361643376,65.20004601970265
9439.666550518115,65.2388629827522
9443.486312545992,65.29063444438754
9447.300770630281,65.50337682029037
9451.115228714569,65.7161191961932
9454.929686798858,65.92886157209603
9458.744144883145,66.14160394799886
9462.558602967434,66.3543463239017
9466.36608466693,66.6649568822812
9470.172150353403,66.99543197297453
9473.978216039872,67.32590706366784
9477.78428172634,67.65638215436098
9481.593411053012,67.94690499579026
9485.405364507953,68.20059900962282
9489.217317962895,68.45429302345562
9493.029271417836,68.70798703728816
9496.842005152164,68.94832734966356
9500.657563818047,69.1403217831728
9504.47312248393,69.33231621668213
9508.288681149816,69.52431065019148
9512.107505360409,69.60351534832172
9515.927780747075,69.63259739321131
9519.748056133742,69.6616794381009
9523.56833552407,69.69020479730519
9527.388634021,69.71607349777686
9531.208932517928,69.74194219824855
9535.029231014854,69.76781089872023
9538.849529511783,69.79367959919192
9542.669906832034,69.79961180331767
9546.490290445767,69.80395221953225
9550.3106740595,69.80829263574681
9554.131057673236,69.81263305196137
9557.951441286967,69.81697346817595
9561.768958129045,69.94134450602434
9565.585192919325,70.11939455726579
9569.401427709608,70.29744460850742
9573.21847194804,70.44846985386931
9577.038521962802,70.4991421342341
9580.858571977567,70.54981441459893
9584.67862199233,70.60048669496373
9588.498907734447,70.6220045418151
9592.319277676457,70.63310866152295
9596.13964761847,70.6442127812308
9599.96,70.66
