#,,,,,,,,,,,,,,,,,,,,,,,,,,,"generated_by='OpenQuake engine 3.25.1', start_date='2026-05-21T13:23:20', checksum=3829219473, kind='mean', investigation_time=1.0, imt='PGA'"
lon,lat,depth,poe-0.0005000,poe-0.0007184,poe-0.0010323,poe-0.0014833,poe-0.0021314,poe-0.0030626,poe-0.0044006,poe-0.0063231,poe-0.0090856,poe-0.0130550,poe-0.0187586,poe-0.0269540,poe-0.0387298,poe-0.0556504,poe-0.0799635,poe-0.1148985,poe-0.1650964,poe-0.2372250,poe-0.3408658,poe-0.4897860,poe-0.7037678,poe-1.0112356,poe-1.4530325,poe-2.0878452,poe-3.0000000
22.92611,40.64528,0.00000,9.268436E-01,8.910126E-01,8.409591E-01,7.757743E-01,6.963930E-01,6.056713E-01,5.082142E-01,4.099256E-01,3.170859E-01,2.350235E-01,1.670159E-01,1.139431E-01,7.472593E-02,4.714362E-02,2.860678E-02,1.667175E-02,9.303469E-03,4.947438E-03,2.487178E-03,1.168808E-03,5.055114E-04,1.971928E-04,6.789074E-05,1.998493E-05,4.849176E-06
22.92871,40.64392,0.00000,9.279994E-01,8.923227E-01,8.423991E-01,7.772827E-01,6.978751E-01,6.070216E-01,5.093490E-01,4.108059E-01,3.177216E-01,2.354561E-01,1.672968E-01,1.141191E-01,7.483382E-02,4.721017E-02,2.864988E-02,1.670252E-02,9.327705E-03,4.966980E-03,2.502531E-03,1.179755E-03,5.126453E-04,2.012522E-04,6.981558E-05,2.079089E-05,5.116525E-06
22.92912,40.64370,0.00000,9.280203E-01,8.923529E-01,8.424399E-01,7.773339E-01,6.979333E-01,6.070824E-01,5.094069E-01,4.108566E-01,3.177632E-01,2.354887E-01,1.673213E-01,1.141369E-01,7.484632E-02,4.721881E-02,2.865606E-02,1.670724E-02,9.331582E-03,4.970177E-03,2.505070E-03,1.181583E-03,5.138405E-04,2.019376E-04,7.014794E-05,2.092803E-05,5.162675E-06
22.92994,40.64328,0.00000,9.280360E-01,8.923762E-01,8.424714E-01,7.773731E-01,6.979794E-01,6.071342E-01,5.094621E-01,4.109129E-01,3.178178E-01,2.355378E-01,1.673628E-01,1.141693E-01,7.487012E-02,4.723576E-02,2.866826E-02,1.671664E-02,9.339309E-03,4.976564E-03,2.510161E-03,1.185256E-03,5.162504E-04,2.033231E-04,7.082319E-05,2.120665E-05,5.256723E-06
22.93339,40.64147,0.00000,9.278517E-01,8.920419E-01,8.419673E-01,7.766945E-01,6.971357E-01,6.061490E-01,5.083817E-01,4.098057E-01,3.167636E-01,2.346081E-01,1.666000E-01,1.135828E-01,7.444481E-02,4.694455E-02,2.848158E-02,1.660692E-02,9.282587E-03,4.952720E-03,2.504242E-03,1.186957E-03,5.199356E-04,2.064289E-04,7.264665E-05,2.205734E-05,5.567159E-06
22.93354,40.64140,0.00000,9.278545E-01,8.920460E-01,8.419730E-01,7.767017E-01,6.971443E-01,6.061589E-01,5.083922E-01,4.098164E-01,3.167740E-01,2.346174E-01,1.666078E-01,1.135887E-01,7.444919E-02,4.694762E-02,2.848381E-02,1.660865E-02,9.284039E-03,4.953954E-03,2.505239E-03,1.187692E-03,5.204219E-04,2.067126E-04,7.278669E-05,2.211643E-05,5.587287E-06
22.93442,40.64094,0.00000,9.278684E-01,8.920666E-01,8.420003E-01,7.767353E-01,6.971830E-01,6.062022E-01,5.084400E-01,4.098675E-01,3.168260E-01,2.346666E-01,1.666505E-01,1.136230E-01,7.447454E-02,4.696572E-02,2.849698E-02,1.661901E-02,9.292846E-03,4.961459E-03,2.511341E-03,1.192207E-03,5.234096E-04,2.084525E-04,7.364480E-05,2.247855E-05,5.710548E-06
22.94191,40.63703,0.00000,9.262217E-01,8.899552E-01,8.394361E-01,7.737957E-01,6.939935E-01,6.029127E-01,5.052116E-01,4.068567E-01,3.141649E-01,2.324407E-01,1.648867E-01,1.122941E-01,7.352137E-02,4.631708E-02,2.808347E-02,1.637886E-02,9.172280E-03,4.915071E-03,2.504484E-03,1.201450E-03,5.354812E-04,2.177612E-04,7.904986E-05,2.498688E-05,6.643755E-06
22.94198,40.63700,0.00000,9.262230E-01,8.899571E-01,8.394385E-01,7.737988E-01,6.939973E-01,6.029171E-01,5.052162E-01,4.068615E-01,3.141695E-01,2.324449E-01,1.648902E-01,1.122968E-01,7.352334E-02,4.631848E-02,2.808451E-02,1.637968E-02,9.172999E-03,4.915704E-03,2.505012E-03,1.201852E-03,5.357520E-04,2.179218E-04,7.913279E-05,2.502226E-05,6.656300E-06
22.94209,40.63694,0.00000,9.262255E-01,8.899608E-01,8.394435E-01,7.738050E-01,6.940045E-01,6.029251E-01,5.052247E-01,4.068701E-01,3.141776E-01,2.324519E-01,1.648961E-01,1.123013E-01,7.352661E-02,4.632075E-02,2.808616E-02,1.638101E-02,9.174176E-03,4.916752E-03,2.505892E-03,1.202521E-03,5.362039E-04,2.181893E-04,7.927081E-05,2.508109E-05,6.677078E-06
22.94297,40.63645,0.00000,9.263020E-01,8.900472E-01,8.395389E-01,7.739062E-01,6.941075E-01,6.030257E-01,5.053197E-01,4.069564E-01,3.142531E-01,2.325148E-01,1.649458E-01,1.123385E-01,7.355300E-02,4.633906E-02,2.809942E-02,1.639170E-02,9.183653E-03,4.925215E-03,2.513002E-03,1.207942E-03,5.398667E-04,2.203657E-04,8.039256E-05,2.555957E-05,6.846656E-06
22.94643,40.63462,0.00000,9.263957E-01,8.901837E-01,8.397210E-01,7.741302E-01,6.943647E-01,6.033047E-01,5.056080E-01,4.072399E-01,3.145164E-01,2.327442E-01,1.651326E-01,1.124807E-01,7.365503E-02,4.641035E-02,2.815110E-02,1.643327E-02,9.220563E-03,4.958378E-03,2.541038E-03,1.229437E-03,5.544912E-04,2.291146E-04,8.492779E-05,2.750061E-05,7.544499E-06
22.95341,40.63103,0.00000,9.289403E-01,8.933080E-01,8.433970E-01,7.782210E-01,6.986409E-01,6.074952E-01,5.094601E-01,4.105712E-01,3.172390E-01,2.348592E-01,1.667029E-01,1.136003E-01,7.442472E-02,4.692466E-02,2.849072E-02,1.666149E-02,9.380248E-03,5.074158E-03,2.624899E-03,1.287643E-03,5.917672E-04,2.506488E-04,9.587426E-05,3.217458E-05,9.260305E-06
22.95416,40.63076,0.00000,9.289522E-01,8.933256E-01,8.434211E-01,7.782518E-01,6.986780E-01,6.075379E-01,5.095065E-01,4.106199E-01,3.172864E-01,2.349024E-01,1.667396E-01,1.136292E-01,7.444602E-02,4.693973E-02,2.850155E-02,1.666993E-02,9.387474E-03,5.080565E-03,2.630335E-03,1.291853E-03,5.946567E-04,2.524024E-04,9.679575E-05,3.258024E-05,9.415941E-06
22.95514,40.63040,0.00000,9.289659E-01,8.933463E-01,8.434493E-01,7.782878E-01,6.987219E-01,6.075892E-01,5.095645E-01,4.106814E-01,3.173477E-01,2.349586E-01,1.667874E-01,1.136669E-01,7.447395E-02,4.695955E-02,2.851572E-02,1.668093E-02,9.396849E-03,5.088856E-03,2.637349E-03,1.297284E-03,5.983824E-04,2.546624E-04,9.798264E-05,3.310239E-05,9.616211E-06
22.95538,40.63030,0.00000,9.289703E-01,8.933527E-01,8.434582E-01,7.782989E-01,6.987351E-01,6.076041E-01,5.095806E-01,4.106980E-01,3.173637E-01,2.349731E-01,1.667995E-01,1.136764E-01,7.448089E-02,4.696446E-02,2.851922E-02,1.668365E-02,9.399162E-03,5.090902E-03,2.639082E-03,1.298627E-03,5.993054E-04,2.552225E-04,9.827681E-05,3.323194E-05,9.665891E-06
22.95691,40.62950,0.00000,9.290251E-01,8.934329E-01,8.435679E-01,7.784403E-01,6.989073E-01,6.078026E-01,5.097952E-01,4.109137E-01,3.175624E-01,2.351398E-01,1.669268E-01,1.137656E-01,7.453927E-02,4.700146E-02,2.854349E-02,1.670152E-02,9.414162E-03,5.104179E-03,2.650371E-03,1.307407E-03,6.053485E-04,2.588973E-04,1.002114E-04,3.408538E-05,9.993272E-06
22.95773,40.62906,0.00000,9.290444E-01,8.934609E-01,8.436056E-01,7.784872E-01,6.989620E-01,6.078634E-01,5.098594E-01,4.109781E-01,3.176233E-01,2.351937E-01,1.669713E-01,1.137999E-01,7.456402E-02,4.701871E-02,2.855562E-02,1.671080E-02,9.422013E-03,5.111100E-03,2.656232E-03,1.311959E-03,6.084877E-04,2.608024E-04,1.012122E-04,3.452663E-05,1.016286E-05
22.95838,40.62872,0.00000,9.259717E-01,8.890608E-01,8.377342E-01,7.711740E-01,6.904210E-01,5.984811E-01,5.001679E-01,4.015891E-01,3.091092E-01,2.279619E-01,1.611992E-01,1.094466E-01,7.144687E-02,4.489039E-02,2.716720E-02,1.584353E-02,8.902742E-03,4.812629E-03,2.491618E-03,1.225176E-03,5.650637E-04,2.405141E-04,9.250650E-05,3.121855E-05,9.049108E-06
22.95880,40.62842,0.00000,9.259843E-01,8.890787E-01,8.377576E-01,7.712024E-01,6.904534E-01,5.985163E-01,5.002046E-01,4.016257E-01,3.091434E-01,2.279916E-01,1.612234E-01,1.094648E-01,7.145986E-02,4.489928E-02,2.717337E-02,1.584825E-02,8.906734E-03,4.816164E-03,2.494616E-03,1.227483E-03,5.666483E-04,2.414618E-04,9.300041E-05,3.143475E-05,9.131576E-06
22.95916,40.62807,0.00000,9.260003E-01,8.891013E-01,8.377870E-01,7.712377E-01,6.904932E-01,5.985585E-01,5.002469E-01,4.016657E-01,3.091792E-01,2.280218E-01,1.612469E-01,1.094821E-01,7.147178E-02,4.490723E-02,2.717884E-02,1.585240E-02,8.910284E-03,4.819349E-03,2.497356E-03,1.229613E-03,5.681220E-04,2.423488E-04,9.346522E-05,3.163969E-05,9.209944E-06
22.96053,40.62625,0.00000,9.260768E-01,8.892087E-01,8.379253E-01,7.714013E-01,6.906738E-01,5.987465E-01,5.004334E-01,4.018417E-01,3.093359E-01,2.281521E-01,1.613481E-01,1.095554E-01,7.152133E-02,4.493944E-02,2.720024E-02,1.586827E-02,8.923772E-03,4.831519E-03,2.507921E-03,1.237913E-03,5.739323E-04,2.458833E-04,9.533839E-05,3.247188E-05,9.529967E-06
22.96185,40.62450,0.00000,9.319298E-01,8.976957E-01,8.493912E-01,7.858516E-01,7.077273E-01,6.176448E-01,5.200945E-01,4.209993E-01,3.267921E-01,2.430398E-01,1.732716E-01,1.185745E-01,7.799599E-02,4.937072E-02,3.009926E-02,1.768726E-02,1.002176E-02,5.471105E-03,2.868109E-03,1.433397E-03,6.751600E-04,2.952253E-04,1.173802E-04,4.129892E-05,1.259893E-05
22.96207,40.62409,0.00000,9.319564E-01,8.977334E-01,8.494411E-01,7.859120E-01,7.077944E-01,6.177125E-01,5.201571E-01,4.210528E-01,3.268346E-01,2.430717E-01,1.732942E-01,1.185901E-01,7.800609E-02,4.937693E-02,3.010307E-02,1.768971E-02,1.002359E-02,5.472634E-03,2.869430E-03,1.434474E-03,6.759395E-04,2.957333E-04,1.176623E-04,4.143781E-05,1.265369E-05
22.96222,40.62366,0.00000,9.319779E-01,8.977638E-01,8.494809E-01,7.859600E-01,7.078471E-01,6.177661E-01,5.202072E-01,4.210964E-01,3.268702E-01,2.430989E-01,1.733138E-01,1.186031E-01,7.801440E-02,4.938186E-02,3.010588E-02,1.769139E-02,1.002478E-02,5.473620E-03,2.870312E-03,1.435219E-03,6.764958E-04,2.961088E-04,1.178759E-04,4.154602E-05,1.269686E-05
22.96297,40.61971,0.00000,9.321504E-01,8.980075E-01,8.497975E-01,7.863373E-01,7.082617E-01,6.181877E-01,5.206051E-01,4.214457E-01,3.271555E-01,2.433153E-01,1.734661E-01,1.187028E-01,7.807442E-02,4.941473E-02,3.012175E-02,1.769765E-02,1.002655E-02,5.473736E-03,2.870326E-03,1.435543E-03,6.770238E-04,2.966980E-04,1.183050E-04,4.181912E-05,1.281729E-05
22.96314,40.61883,0.00000,9.321873E-01,8.980595E-01,8.498649E-01,7.864175E-01,7.083493E-01,6.182764E-01,5.206890E-01,4.215201E-01,3.272170E-01,2.433624E-01,1.734997E-01,1.187248E-01,7.808784E-02,4.942206E-02,3.012506E-02,1.769844E-02,1.002595E-02,5.472536E-03,2.869092E-03,1.434557E-03,6.763755E-04,2.963324E-04,1.181310E-04,4.174995E-05,1.279358E-05
22.96304,40.61829,0.00000,9.322099E-01,8.980911E-01,8.499053E-01,7.864652E-01,7.084007E-01,6.183277E-01,5.207359E-01,4.215592E-01,3.272468E-01,2.433830E-01,1.735125E-01,1.187316E-01,7.809076E-02,4.942258E-02,3.012414E-02,1.769670E-02,1.002379E-02,5.470340E-03,2.867149E-03,1.433068E-03,6.753826E-04,2.957516E-04,1.178387E-04,4.162235E-05,1.274644E-05
22.96281,40.61779,0.00000,9.322309E-01,8.981202E-01,8.499425E-01,7.865084E-01,7.084464E-01,6.183720E-01,5.207750E-01,4.215903E-01,3.272689E-01,2.433965E-01,1.735189E-01,1.187334E-01,7.808981E-02,4.942035E-02,3.012133E-02,1.769359E-02,1.002062E-02,5.467327E-03,2.864562E-03,1.431099E-03,6.740648E-04,2.949761E-04,1.174447E-04,4.144793E-05,1.268109E-05
22.96245,40.61732,0.00000,9.322463E-01,8.981411E-01,8.499681E-01,7.865368E-01,7.084746E-01,6.183974E-01,5.207957E-01,4.216055E-01,3.272781E-01,2.434003E-01,1.735182E-01,1.187300E-01,7.808515E-02,4.941541E-02,3.011661E-02,1.768911E-02,1.001638E-02,5.463478E-03,2.861307E-03,1.428637E-03,6.724144E-04,2.940011E-04,1.169465E-04,4.122543E-05,1.259722E-05
22.96041,40.61587,0.00000,9.355984E-01,9.030519E-01,8.566723E-01,7.950685E-01,7.186342E-01,6.297517E-01,5.327067E-01,4.333125E-01,3.380389E-01,2.526516E-01,1.809833E-01,1.244131E-01,8.218902E-02,5.223775E-02,3.196973E-02,1.885176E-02,1.071339E-02,5.862963E-03,3.080174E-03,1.543185E-03,7.293999E-04,3.206706E-04,1.285078E-04,4.578329E-05,1.417294E-05
22.95807,40.61420,0.00000,9.312578E-01,8.965364E-01,8.475617E-01,7.831996E-01,7.041901E-01,6.133004E-01,5.151818E-01,4.158827E-01,3.218738E-01,2.386575E-01,1.696296E-01,1.157295E-01,7.589342E-02,4.789069E-02,2.909986E-02,1.703392E-02,9.604481E-03,5.209317E-03,2.707277E-03,1.338074E-03,6.217958E-04,2.676042E-04,1.045165E-04,3.600488E-05,1.071174E-05
22.95760,40.61386,0.00000,9.312722E-01,8.965559E-01,8.475859E-01,7.832266E-01,7.042170E-01,6.133237E-01,5.151988E-01,4.158919E-01,3.218754E-01,2.386531E-01,1.696217E-01,1.157205E-01,7.588481E-02,4.788321E-02,2.909345E-02,1.702814E-02,9.599062E-03,5.204335E-03,2.703028E-03,1.334827E-03,6.196090E-04,2.662994E-04,1.038454E-04,3.571260E-05,1.060040E-05
22.95740,40.61369,0.00000,9.312795E-01,8.965657E-01,8.475983E-01,7.832404E-01,7.042309E-01,6.133363E-01,5.152084E-01,4.158978E-01,3.218776E-01,2.386523E-01,1.696191E-01,1.157171E-01,7.588141E-02,4.788017E-02,2.909074E-02,1.702559E-02,9.596618E-03,5.202055E-03,2.701072E-03,1.333326E-03,6.185966E-04,2.656952E-04,1.035349E-04,3.557719E-05,1.054888E-05
22.95729,40.61348,0.00000,9.312884E-01,8.965781E-01,8.476139E-01,7.832586E-01,7.042500E-01,6.133546E-01,5.152243E-01,4.159101E-01,3.218860E-01,2.386572E-01,1.696212E-01,1.157173E-01,7.588070E-02,4.787898E-02,2.908923E-02,1.702386E-02,9.594724E-03,5.200165E-03,2.699398E-03,1.332024E-03,6.177147E-04,2.651684E-04,1.032646E-04,3.545922E-05,1.050429E-05
22.95723,40.61327,0.00000,9.312973E-01,8.965905E-01,8.476297E-01,7.832771E-01,7.042698E-01,6.133741E-01,5.152416E-01,4.159244E-01,3.218965E-01,2.386641E-01,1.696251E-01,1.157191E-01,7.588122E-02,4.787871E-02,2.908843E-02,1.702263E-02,9.593223E-03,5.198599E-03,2.697984E-03,1.330915E-03,6.169605E-04,2.647175E-04,1.030336E-04,3.535830E-05,1.046658E-05
22.95720,40.61304,0.00000,9.313070E-01,8.966041E-01,8.476472E-01,7.832977E-01,7.042919E-01,6.133960E-01,5.152614E-01,4.159411E-01,3.219093E-01,2.386730E-01,1.696307E-01,1.157224E-01,7.588278E-02,4.787910E-02,2.908805E-02,1.702164E-02,9.591861E-03,5.197109E-03,2.696612E-03,1.329830E-03,6.162207E-04,2.642750E-04,1.028070E-04,3.525923E-05,1.042972E-05
22.95728,40.61198,0.00000,9.313517E-01,8.966671E-01,8.477288E-01,7.833943E-01,7.043970E-01,6.135017E-01,5.153600E-01,4.160263E-01,3.219776E-01,2.387237E-01,1.696653E-01,1.157442E-01,7.589531E-02,4.788501E-02,2.908912E-02,1.701918E-02,9.587127E-03,5.191425E-03,2.691195E-03,1.325486E-03,6.132373E-04,2.624867E-04,1.018913E-04,3.485826E-05,1.028142E-05
22.95768,40.60673,0.00000,9.318603E-01,8.973835E-01,8.486552E-01,7.844968E-01,7.056145E-01,6.147605E-01,5.165828E-01,4.171420E-01,3.229319E-01,2.394889E-01,1.702428E-01,1.161577E-01,7.617616E-02,4.806363E-02,2.919090E-02,1.706475E-02,9.594924E-03,5.177881E-03,2.669744E-03,1.305087E-03,5.979945E-04,2.529725E-04,9.688056E-05,3.263810E-05,9.456617E-06
22.95780,40.60620,0.00000,9.318824E-01,8.974147E-01,8.486959E-01,7.845456E-01,7.056679E-01,6.148148E-01,5.166342E-01,4.171873E-01,3.229690E-01,2.395174E-01,1.702630E-01,1.161712E-01,7.618449E-02,4.806803E-02,2.919219E-02,1.706360E-02,9.592100E-03,5.174302E-03,2.666251E-03,1.302276E-03,5.960466E-04,2.518122E-04,9.628434E-05,3.237804E-05,9.361949E-06
22.95790,40.60583,0.00000,9.318978E-01,8.974366E-01,8.487245E-01,7.845796E-01,7.057053E-01,6.148530E-01,5.166706E-01,4.172196E-01,3.229958E-01,2.395379E-01,1.702778E-01,1.161810E-01,7.619070E-02,4.807140E-02,2.919330E-02,1.706292E-02,9.590212E-03,5.171848E-03,2.663843E-03,1.300331E-03,5.946978E-04,2.510088E-04,9.587132E-05,3.219826E-05,9.296638E-06
22.95811,40.60509,0.00000,9.319266E-01,8.974777E-01,8.487780E-01,7.846435E-01,7.057757E-01,6.149251E-01,5.167400E-01,4.172820E-01,3.230481E-01,2.395788E-01,1.703074E-01,1.162012E-01,7.620337E-02,4.807828E-02,2.919562E-02,1.706159E-02,9.586398E-03,5.166881E-03,2.658955E-03,1.296385E-03,5.919606E-04,2.493795E-04,9.503383E-05,3.183414E-05,9.164410E-06
22.95878,40.60274,0.00000,9.404178E-01,9.102251E-01,8.666092E-01,8.078741E-01,7.340425E-01,6.471186E-01,5.510604E-01,4.514754E-01,3.548380E-01,2.671757E-01,1.927582E-01,1.334100E-01,8.870609E-02,5.672684E-02,3.490822E-02,2.067097E-02,1.176820E-02,6.428389E-03,3.356302E-03,1.663300E-03,7.745189E-04,3.343213E-04,1.312960E-04,4.572317E-05,1.383717E-05
22.95880,40.60252,0.00000,9.404257E-01,9.102365E-01,8.666244E-01,8.078928E-01,7.340631E-01,6.471401E-01,5.510811E-01,4.514940E-01,3.548532E-01,2.671873E-01,1.927664E-01,1.334154E-01,8.870939E-02,5.672850E-02,3.490864E-02,2.067035E-02,1.176677E-02,6.426537E-03,3.354435E-03,1.661730E-03,7.733916E-04,3.336219E-04,1.309222E-04,4.555453E-05,1.377176E-05
22.95878,40.60230,0.00000,9.404336E-01,9.102480E-01,8.666396E-01,8.079112E-01,7.340836E-01,6.471611E-01,5.511006E-01,4.515111E-01,3.548667E-01,2.671972E-01,1.927729E-01,1.334195E-01,8.871149E-02,5.672935E-02,3.490845E-02,2.066926E-02,1.176500E-02,6.424411E-03,3.352358E-03,1.660010E-03,7.721662E-04,3.328655E-04,1.305194E-04,4.537349E-05,1.370159E-05
22.95847,40.60108,0.00000,9.406677E-01,9.105102E-01,8.669249E-01,8.082076E-01,7.343733E-01,6.474241E-01,5.513210E-01,4.516797E-01,3.549844E-01,2.672714E-01,1.928148E-01,1.334402E-01,8.871985E-02,5.673037E-02,3.490443E-02,2.066092E-02,1.175333E-02,6.411185E-03,3.339743E-03,1.649705E-03,7.648865E-04,3.284010E-04,1.281550E-04,4.431439E-05,1.329265E-05
22.95838,40.60071,0.00000,9.406810E-01,9.105295E-01,8.669502E-01,8.082380E-01,7.344068E-01,6.474581E-01,5.513524E-01,4.517065E-01,3.550050E-01,2.672856E-01,1.928236E-01,1.334449E-01,8.872178E-02,5.673059E-02,3.490319E-02,2.065840E-02,1.174979E-02,6.407167E-03,3.335913E-03,1.646584E-03,7.626888E-04,3.270573E-04,1.274449E-04,4.399871E-05,1.317113E-05
22.95827,40.60027,0.00000,9.332632E-01,8.990715E-01,8.505920E-01,7.865802E-01,7.076908E-01,6.166634E-01,5.181791E-01,4.183654E-01,3.237906E-01,2.400436E-01,1.705757E-01,1.163454E-01,7.627492E-02,4.810644E-02,2.919463E-02,1.703874E-02,9.549136E-03,5.123968E-03,2.618880E-03,1.264746E-03,5.704243E-04,2.367291E-04,8.860790E-05,2.909752E-05,8.187699E-06
22.95793,40.59990,0.00000,9.405455E-01,9.100263E-01,8.659440E-01,8.066145E-01,7.321011E-01,6.444870E-01,5.478439E-01,4.479016E-01,3.512161E-01,2.638148E-01,1.898819E-01,1.311204E-01,8.699531E-02,5.551554E-02,3.408776E-02,2.013340E-02,1.142391E-02,6.211658E-03,3.222502E-03,1.583407E-03,7.292590E-04,3.105634E-04,1.199916E-04,4.101036E-05,1.211803E-05
22.95772,40.59974,0.00000,9.405508E-01,9.100336E-01,8.659533E-01,8.066249E-01,7.321116E-01,6.444964E-01,5.478510E-01,4.479057E-01,3.512173E-01,2.638132E-01,1.898786E-01,1.311163E-01,8.699135E-02,5.551202E-02,3.408457E-02,2.013036E-02,1.142090E-02,6.208797E-03,3.220012E-03,1.581484E-03,7.279548E-04,3.097846E-04,1.195901E-04,4.083450E-05,1.205132E-05
22.95749,40.59961,0.00000,9.405556E-01,9.100401E-01,8.659614E-01,8.066341E-01,7.321210E-01,6.445044E-01,5.478565E-01,4.479080E-01,3.512162E-01,2.638096E-01,1.898735E-01,1.311110E-01,8.698649E-02,5.550788E-02,3.408109E-02,2.012722E-02,1.141795E-02,6.206084E-03,3.217696E-03,1.579714E-03,7.267657E-04,3.090762E-04,1.192265E-04,4.067548E-05,1.199109E-05
22.95730,40.59943,0.00000,9.405921E-01,9.100922E-01,8.660331E-01,8.067269E-01,7.322323E-01,6.446273E-01,5.479805E-01,4.480214E-01,3.513099E-01,2.638786E-01,1.899184E-01,1.311363E-01,8.699841E-02,5.551203E-02,3.408124E-02,2.012543E-02,1.141532E-02,6.203266E-03,3.215146E-03,1.577716E-03,7.254053E-04,3.082623E-04,1.188076E-04,4.049182E-05,1.192138E-05
22.95719,40.59923,0.00000,9.405994E-01,9.101027E-01,8.660467E-01,8.067431E-01,7.322499E-01,6.446447E-01,5.479960E-01,4.480337E-01,3.513183E-01,2.638835E-01,1.899206E-01,1.311367E-01,8.699775E-02,5.551083E-02,3.407958E-02,2.012333E-02,1.141285E-02,6.200678E-03,3.212788E-03,1.575848E-03,7.241212E-04,3.074910E-04,1.184088E-04,4.031690E-05,1.185509E-05
22.95714,40.59900,0.00000,9.406079E-01,9.101149E-01,8.660627E-01,8.067623E-01,7.322711E-01,6.446660E-01,5.480159E-01,4.480506E-01,3.513314E-01,2.638927E-01,1.899263E-01,1.311397E-01,8.699907E-02,5.551099E-02,3.407885E-02,2.012175E-02,1.141064E-02,6.198197E-03,3.210451E-03,1.573968E-03,7.228163E-04,3.067048E-04,1.180009E-04,4.013808E-05,1.178723E-05
22.95715,40.59892,0.00000,9.406109E-01,9.101192E-01,8.660684E-01,8.067693E-01,7.322788E-01,6.446741E-01,5.480235E-01,4.480574E-01,3.513369E-01,2.638969E-01,1.899293E-01,1.311416E-01,8.700030E-02,5.551163E-02,3.407900E-02,2.012150E-02,1.141010E-02,6.197513E-03,3.209773E-03,1.573410E-03,7.224235E-04,3.064667E-04,1.178768E-04,4.008364E-05,1.176650E-05
22.95718,40.59878,0.00000,9.406161E-01,9.101266E-01,8.660783E-01,8.067815E-01,7.322926E-01,6.446884E-01,5.480373E-01,4.480699E-01,3.513474E-01,2.639050E-01,1.899351E-01,1.311456E-01,8.700277E-02,5.551302E-02,3.407946E-02,2.012122E-02,1.140926E-02,6.196395E-03,3.208646E-03,1.572476E-03,7.217628E-04,3.060661E-04,1.176676E-04,3.999186E-05,1.173157E-05
22.95728,40.59857,0.00000,9.406239E-01,9.101380E-01,8.660936E-01,8.068004E-01,7.323140E-01,6.447110E-01,5.480596E-01,4.480904E-01,3.513652E-01,2.639195E-01,1.899461E-01,1.311535E-01,8.700805E-02,5.551620E-02,3.408100E-02,2.012140E-02,1.140846E-02,6.195067E-03,3.207221E-03,1.571262E-03,7.208906E-04,3.055339E-04,1.173882E-04,3.986912E-05,1.168480E-05
22.95746,40.59839,0.00000,9.406369E-01,9.101572E-01,8.661203E-01,8.068344E-01,7.323542E-01,6.447542E-01,5.481016E-01,4.481272E-01,3.513946E-01,2.639412E-01,1.899616E-01,1.311642E-01,8.701536E-02,5.552097E-02,3.408376E-02,2.012261E-02,1.140857E-02,6.194534E-03,3.206453E-03,1.570539E-03,7.203428E-04,3.051941E-04,1.172060E-04,3.978875E-05,1.165384E-05
22.95769,40.59824,0.00000,9.406425E-01,9.101655E-01,8.661318E-01,8.068492E-01,7.323717E-01,6.447736E-01,5.481221E-01,4.481478E-01,3.514141E-01,2.639585E-01,1.899757E-01,1.311754E-01,8.702359E-02,5.552658E-02,3.408725E-02,2.012450E-02,1.140933E-02,6.194594E-03,3.206186E-03,1.570198E-03,7.200516E-04,3.050062E-04,1.171015E-04,3.974195E-05,1.163541E-05
22.95825,40.59807,0.00000,9.406488E-01,9.101756E-01,8.661463E-01,8.068684E-01,7.323956E-01,6.448019E-01,5.481540E-01,4.481819E-01,3.514483E-01,2.639907E-01,1.900039E-01,1.311984E-01,8.704118E-02,5.553922E-02,3.409581E-02,2.012998E-02,1.141268E-02,6.196553E-03,3.207291E-03,1.570791E-03,7.203327E-04,3.051431E-04,1.171569E-04,3.976285E-05,1.164181E-05
22.95870,40.59778,0.00000,9.404719E-01,9.099147E-01,8.657870E-01,8.064069E-01,7.318411E-01,6.441767E-01,5.474917E-01,4.475239E-01,3.508366E-01,2.634590E-01,1.895704E-01,1.308651E-01,8.679829E-02,5.537039E-02,3.398330E-02,2.005778E-02,1.136786E-02,6.169594E-03,3.191605E-03,1.562034E-03,7.156769E-04,3.028501E-04,1.161233E-04,3.935007E-05,1.149727E-05
22.95975,40.59688,0.00000,9.405231E-01,9.099903E-01,8.658916E-01,8.065416E-01,7.320015E-01,6.443531E-01,5.476696E-01,4.476881E-01,3.509758E-01,2.635683E-01,1.896519E-01,1.309237E-01,8.683898E-02,5.539722E-02,3.399929E-02,2.006533E-02,1.136934E-02,6.167470E-03,3.188034E-03,1.558544E-03,7.129638E-04,3.011390E-04,1.152002E-04,3.893586E-05,1.133786E-05
22.96031,40.59589,0.00000,9.405589E-01,9.100428E-01,8.659624E-01,8.066292E-01,7.321014E-01,6.444593E-01,5.477754E-01,4.477875E-01,3.510629E-01,2.636399E-01,1.897070E-01,1.309635E-01,8.686612E-02,5.541414E-02,3.400775E-02,2.006694E-02,1.136597E-02,6.161323E-03,3.181268E-03,1.552720E-03,7.087339E-04,2.985453E-04,1.138303E-04,3.832824E-05,1.110979E-05
22.96061,40.59502,0.00000,9.405909E-01,9.100896E-01,8.660250E-01,8.067060E-01,7.321882E-01,6.445504E-01,5.478644E-01,4.478687E-01,3.511320E-01,2.636949E-01,1.897477E-01,1.309918E-01,8.688462E-02,5.542490E-02,3.401221E-02,2.006617E-02,1.136140E-02,6.154723E-03,3.174456E-03,1.547010E-03,7.046502E-04,2.960613E-04,1.125249E-04,3.775330E-05,1.089464E-05
22.96101,40.59393,0.00000,9.406387E-01,9.101592E-01,8.661186E-01,8.068214E-01,7.323186E-01,6.446857E-01,5.479940E-01,4.479834E-01,3.512269E-01,2.637680E-01,1.898008E-01,1.310285E-01,8.690847E-02,5.543890E-02,3.401816E-02,2.006547E-02,1.135584E-02,6.146594E-03,3.166038E-03,1.539942E-03,6.995944E-04,2.929801E-04,1.109046E-04,3.703876E-05,1.063081E-05
22.96114,40.59374,0.00000,9.406456E-01,9.101694E-01,8.661326E-01,8.068387E-01,7.323384E-01,6.447068E-01,5.480152E-01,4.480034E-01,3.512446E-01,2.637828E-01,1.898123E-01,1.310369E-01,8.691433E-02,5.544261E-02,3.402011E-02,2.006601E-02,1.135535E-02,6.145528E-03,3.164824E-03,1.538877E-03,6.988169E-04,2.924977E-04,1.106485E-04,3.692717E-05,1.058854E-05
22.96131,40.59357,0.00000,9.406518E-01,9.101787E-01,8.661452E-01,8.068545E-01,7.323569E-01,6.447270E-01,5.480357E-01,4.480234E-01,3.512628E-01,2.637982E-01,1.898247E-01,1.310463E-01,8.692107E-02,5.544705E-02,3.402266E-02,2.006708E-02,1.135535E-02,6.144885E-03,3.163957E-03,1.538068E-03,6.982072E-04,2.921120E-04,1.104414E-04,3.683594E-05,1.055382E-05
22.96228,40.59298,0.00000,9.406735E-01,9.102116E-01,8.661910E-01,8.069131E-01,7.324265E-01,6.448047E-01,5.481179E-01,4.481063E-01,3.513414E-01,2.638683E-01,1.898832E-01,1.310922E-01,8.695497E-02,5.547046E-02,3.403741E-02,2.007498E-02,1.135833E-02,6.144803E-03,3.162423E-03,1.536220E-03,6.966688E-04,2.910678E-04,1.098628E-04,3.657250E-05,1.045161E-05
22.96292,40.59272,0.00000,9.406831E-01,9.102265E-01,8.662120E-01,8.069406E-01,7.324599E-01,6.448432E-01,5.481604E-01,4.481505E-01,3.513848E-01,2.639083E-01,1.899175E-01,1.311198E-01,8.697587E-02,5.548532E-02,3.404718E-02,2.008080E-02,1.136129E-02,6.145923E-03,3.162534E-03,1.535903E-03,6.962793E-04,2.907549E-04,1.096761E-04,3.648179E-05,1.041496E-05
22.96319,40.59266,0.00000,9.406853E-01,9.102302E-01,8.662174E-01,8.069480E-01,7.324693E-01,6.448546E-01,5.481736E-01,4.481652E-01,3.514000E-01,2.639227E-01,1.899304E-01,1.311305E-01,8.698412E-02,5.549135E-02,3.405131E-02,2.008349E-02,1.136293E-02,6.146859E-03,3.163023E-03,1.536126E-03,6.963623E-04,2.907724E-04,1.096750E-04,3.647673E-05,1.041185E-05
22.96348,40.59265,0.00000,9.406857E-01,9.102312E-01,8.662195E-01,8.069512E-01,7.324742E-01,6.448616E-01,5.481830E-01,4.481765E-01,3.514126E-01,2.639356E-01,1.899424E-01,1.311409E-01,8.699238E-02,5.549753E-02,3.405576E-02,2.008663E-02,1.136513E-02,6.148378E-03,3.164036E-03,1.536763E-03,6.967281E-04,2.909579E-04,1.097606E-04,3.650853E-05,1.042237E-05
22.96738,40.59307,0.00000,9.383770E-01,9.067705E-01,8.613849E-01,8.006623E-01,7.248337E-01,6.361689E-01,5.389169E-01,4.389361E-01,3.428095E-01,2.564563E-01,1.838504E-01,1.264685E-01,8.359630E-02,5.314691E-02,3.250208E-02,1.910541E-02,1.077355E-02,5.808841E-03,2.978885E-03,1.441267E-03,6.504653E-04,2.700937E-04,1.011475E-04,3.333227E-05,9.406342E-06
22.96837,40.59318,0.00000,9.383729E-01,9.067663E-01,8.613815E-01,8.006611E-01,7.248370E-01,6.361790E-01,5.389355E-01,4.389636E-01,3.428438E-01,2.564935E-01,1.838865E-01,1.265006E-01,8.362246E-02,5.316705E-02,3.251700E-02,1.911638E-02,1.078165E-02,5.814755E-03,2.983033E-03,1.443984E-03,6.520748E-04,2.709441E-04,1.015428E-04,3.348759E-05,9.456819E-06
22.96886,40.59323,0.00000,9.383709E-01,9.067644E-01,8.613802E-01,8.006609E-01,7.248390E-01,6.361845E-01,5.389453E-01,4.389775E-01,3.428608E-01,2.565121E-01,1.839047E-01,1.265165E-01,8.363546E-02,5.317704E-02,3.252439E-02,1.912178E-02,1.078559E-02,5.817598E-03,2.985002E-03,1.445259E-03,6.528217E-04,2.713354E-04,1.017230E-04,3.355824E-05,9.479420E-06
22.96947,40.59330,0.00000,9.383682E-01,9.067616E-01,8.613777E-01,8.006600E-01,7.248407E-01,6.361904E-01,5.389564E-01,4.389943E-01,3.428817E-01,2.565349E-01,1.839269E-01,1.265362E-01,8.365157E-02,5.318946E-02,3.253360E-02,1.912852E-02,1.079053E-02,5.821174E-03,2.987483E-03,1.446868E-03,6.537681E-04,2.718310E-04,1.019521E-04,3.364788E-05,9.508204E-06
22.96995,40.59331,0.00000,9.383652E-01,9.067581E-01,8.613739E-01,8.006567E-01,7.248393E-01,6.361926E-01,5.389639E-01,4.390071E-01,3.428989E-01,2.565539E-01,1.839455E-01,1.265526E-01,8.366477E-02,5.319943E-02,3.254083E-02,1.913359E-02,1.079401E-02,5.823514E-03,2.988982E-03,1.447768E-03,6.542593E-04,2.720693E-04,1.020537E-04,3.368515E-05,9.518839E-06
22.92619,40.64536,0.00000,9.268398E-01,8.910075E-01,8.409528E-01,7.757672E-01,6.963857E-01,6.056647E-01,5.082089E-01,4.099220E-01,3.170840E-01,2.350230E-01,1.670164E-01,1.139441E-01,7.472704E-02,4.714460E-02,2.860750E-02,1.667217E-02,9.303662E-03,4.947514E-03,2.487214E-03,1.168839E-03,5.055398E-04,1.972177E-04,6.790576E-05,1.999295E-05,4.852560E-06
22.92879,40.64401,0.00000,9.279952E-01,8.923171E-01,8.423921E-01,7.772748E-01,6.978669E-01,6.070142E-01,5.093428E-01,4.108016E-01,3.177189E-01,2.354551E-01,1.672969E-01,1.141199E-01,7.483486E-02,4.721112E-02,2.865057E-02,1.670291E-02,9.327881E-03,4.967041E-03,2.502555E-03,1.179779E-03,5.126694E-04,2.012753E-04,6.983035E-05,2.079882E-05,5.119987E-06
22.92920,40.64379,0.00000,9.280161E-01,8.923473E-01,8.424330E-01,7.773259E-01,6.979252E-01,6.070749E-01,5.094006E-01,4.108521E-01,3.177606E-01,2.354876E-01,1.673216E-01,1.141377E-01,7.484736E-02,4.721976E-02,2.865675E-02,1.670764E-02,9.331761E-03,4.970240E-03,2.505098E-03,1.181608E-03,5.138663E-04,2.019615E-04,7.016386E-05,2.093608E-05,5.166187E-06
22.93002,40.64337,0.00000,9.280319E-01,8.923706E-01,8.424644E-01,7.773653E-01,6.979712E-01,6.071265E-01,5.094557E-01,4.109085E-01,3.178152E-01,2.355369E-01,1.673629E-01,1.141701E-01,7.487112E-02,4.723670E-02,2.866896E-02,1.671705E-02,9.339500E-03,4.976633E-03,2.510196E-03,1.185287E-03,5.162793E-04,2.033487E-04,7.083991E-05,2.121507E-05,5.260314E-06
22.93364,40.64148,0.00000,9.278508E-01,8.920410E-01,8.419669E-01,7.766948E-01,6.971375E-01,6.061528E-01,5.083876E-01,4.098136E-01,3.167728E-01,2.346178E-01,1.666090E-01,1.135904E-01,7.445083E-02,4.694900E-02,2.848482E-02,1.660931E-02,9.284462E-03,4.954230E-03,2.505440E-03,1.187844E-03,5.205307E-04,2.067838E-04,7.282550E-05,2.213389E-05,5.594012E-06
22.93450,40.64103,0.00000,9.278642E-01,8.920609E-01,8.419933E-01,7.767273E-01,6.971749E-01,6.061948E-01,5.084338E-01,4.098633E-01,3.168235E-01,2.346656E-01,1.666507E-01,1.136238E-01,7.447559E-02,4.696666E-02,2.849769E-02,1.661945E-02,9.293074E-03,4.961578E-03,2.511414E-03,1.192263E-03,5.234551E-04,2.084866E-04,7.366523E-05,2.248830E-05,5.714626E-06
22.93720,40.63962,0.00000,9.280789E-01,8.923026E-01,8.422632E-01,7.770214E-01,6.974848E-01,6.065073E-01,5.087337E-01,4.101362E-01,3.170596E-01,2.348600E-01,1.668030E-01,1.137374E-01,7.455630E-02,4.702301E-02,2.853842E-02,1.665158E-02,9.320598E-03,4.985345E-03,2.530889E-03,1.206797E-03,5.331279E-04,2.141521E-04,7.646943E-05,2.367643E-05,6.132716E-06
22.94217,40.63703,0.00000,9.262213E-01,8.899551E-01,8.394365E-01,7.737971E-01,6.939965E-01,6.029176E-01,5.052187E-01,4.068659E-01,3.141752E-01,2.324512E-01,1.648963E-01,1.123022E-01,7.352772E-02,4.632177E-02,2.808693E-02,1.638152E-02,9.174488E-03,4.916948E-03,2.506022E-03,1.202615E-03,5.362683E-04,2.182315E-04,7.929361E-05,2.509139E-05,6.681501E-06
22.94655,40.63474,0.00000,9.263900E-01,8.901761E-01,8.397117E-01,7.741198E-01,6.943540E-01,6.032950E-01,5.056003E-01,4.072347E-01,3.145137E-01,2.327435E-01,1.651335E-01,1.124823E-01,7.365686E-02,4.641198E-02,2.815236E-02,1.643416E-02,9.221158E-03,4.958793E-03,2.541333E-03,1.229644E-03,5.546283E-04,2.291985E-04,8.497042E-05,2.751907E-05,7.551838E-06
22.95068,40.63259,0.00000,9.270195E-01,8.910707E-01,8.408940E-01,7.755778E-01,6.960424E-01,6.051412E-01,5.075073E-01,4.090905E-01,3.162087E-01,2.341950E-01,1.663000E-01,1.133664E-01,7.429161E-02,4.684799E-02,2.844322E-02,1.662714E-02,9.351208E-03,5.048197E-03,2.602671E-03,1.270322E-03,5.798113E-04,2.433757E-04,9.204716E-05,3.048450E-05,8.621243E-06
22.95084,40.63251,0.00000,9.270228E-01,8.910756E-01,8.409007E-01,7.755861E-01,6.960522E-01,6.051521E-01,5.075189E-01,4.091022E-01,3.162200E-01,2.342050E-01,1.663084E-01,1.133728E-01,7.429635E-02,4.685127E-02,2.844561E-02,1.662903E-02,9.352867E-03,5.049694E-03,2.603950E-03,1.271314E-03,5.804948E-04,2.437902E-04,9.226504E-05,3.058023E-05,8.657156E-06
22.95348,40.63113,0.00000,9.289359E-01,8.933020E-01,8.433893E-01,7.782124E-01,6.986320E-01,6.074868E-01,5.094529E-01,4.105659E-01,3.172357E-01,2.348575E-01,1.667026E-01,1.136008E-01,7.442553E-02,4.692550E-02,2.849142E-02,1.666200E-02,9.380566E-03,5.074346E-03,2.624999E-03,1.287690E-03,5.917870E-04,2.506552E-04,9.587513E-05,3.217346E-05,9.259896E-06
22.95422,40.63085,0.00000,9.289482E-01,8.933202E-01,8.434143E-01,7.782440E-01,6.986699E-01,6.075302E-01,5.095001E-01,4.106150E-01,3.172833E-01,2.349009E-01,1.667392E-01,1.136294E-01,7.444668E-02,4.694045E-02,2.850215E-02,1.667036E-02,9.387742E-03,5.080714E-03,2.630405E-03,1.291881E-03,5.946635E-04,2.524010E-04,9.679270E-05,3.257739E-05,9.414817E-06
22.95546,40.63040,0.00000,9.289658E-01,8.933467E-01,8.434507E-01,7.782904E-01,6.987263E-01,6.075959E-01,5.095737E-01,4.106931E-01,3.173608E-01,2.349718E-01,1.667995E-01,1.136771E-01,7.448195E-02,4.696548E-02,2.852007E-02,1.668427E-02,9.399579E-03,5.091168E-03,2.639239E-03,1.298716E-03,5.993505E-04,2.552423E-04,9.828394E-05,3.323318E-05,9.666249E-06
22.95700,40.62958,0.00000,9.290215E-01,8.934280E-01,8.435619E-01,7.784337E-01,6.989005E-01,6.077965E-01,5.097905E-01,4.109106E-01,3.175611E-01,2.351399E-01,1.669279E-01,1.137671E-01,7.454075E-02,4.700277E-02,2.854453E-02,1.670230E-02,9.414728E-03,5.104586E-03,2.650650E-03,1.307592E-03,6.054590E-04,2.589567E-04,1.002390E-04,3.409557E-05,9.997016E-06
22.95781,40.62915,0.00000,9.290404E-01,8.934554E-01,8.435988E-01,7.784796E-01,6.989542E-01,6.078559E-01,5.098534E-01,4.109739E-01,3.176209E-01,2.351930E-01,1.669716E-01,1.138008E-01,7.456521E-02,4.701980E-02,2.855651E-02,1.671147E-02,9.422483E-03,5.111413E-03,2.656430E-03,1.312077E-03,6.085515E-04,2.608313E-04,1.012233E-04,3.452937E-05,1.016367E-05
22.95849,40.62879,0.00000,9.259686E-01,8.890566E-01,8.377292E-01,7.711685E-01,6.904156E-01,5.984766E-01,5.001647E-01,4.015878E-01,3.091095E-01,2.279633E-01,1.612013E-01,1.094489E-01,7.144896E-02,4.489211E-02,2.716853E-02,1.584452E-02,8.903478E-03,4.813183E-03,2.492021E-03,1.225450E-03,5.652344E-04,2.406066E-04,9.255036E-05,3.123551E-05,9.055357E-06
22.95891,40.62849,0.00000,9.259822E-01,8.890761E-01,8.377548E-01,7.711997E-01,6.904513E-01,5.985153E-01,5.002045E-01,4.016264E-01,3.091449E-01,2.279937E-01,1.612257E-01,1.094672E-01,7.146195E-02,4.490099E-02,2.717469E-02,1.584924E-02,8.907476E-03,4.816720E-03,2.495021E-03,1.227757E-03,5.668177E-04,2.415531E-04,9.304344E-05,3.145131E-05,9.137661E-06
22.95927,40.62815,0.00000,9.259966E-01,8.890963E-01,8.377811E-01,7.712312E-01,6.904868E-01,5.985529E-01,5.002429E-01,4.016636E-01,3.091790E-01,2.280228E-01,1.612487E-01,1.094844E-01,7.147379E-02,4.490892E-02,2.718014E-02,1.585338E-02,8.911015E-03,4.819888E-03,2.497739E-03,1.229868E-03,5.682762E-04,2.424299E-04,9.350252E-05,3.165357E-05,9.214952E-06
22.96065,40.62631,0.00000,9.260741E-01,8.892052E-01,8.379209E-01,7.713967E-01,6.906695E-01,5.987433E-01,5.004316E-01,4.018414E-01,3.093371E-01,2.281545E-01,1.613509E-01,1.095582E-01,7.152380E-02,4.494140E-02,2.720173E-02,1.586941E-02,8.924644E-03,4.832195E-03,2.508424E-03,1.238262E-03,5.741506E-04,2.460046E-04,9.539578E-05,3.249465E-05,9.538359E-06
22.96195,40.62458,0.00000,9.319021E-01,8.976564E-01,8.493388E-01,7.857877E-01,7.076580E-01,6.175799E-01,5.200430E-01,4.209654E-01,3.267742E-01,2.430328E-01,1.732704E-01,1.185757E-01,7.799774E-02,4.937224E-02,3.010054E-02,1.768826E-02,1.002254E-02,5.471704E-03,2.868554E-03,1.433701E-03,6.753505E-04,2.953286E-04,1.174297E-04,4.131898E-05,1.260602E-05
22.96218,40.62417,0.00000,9.319540E-01,8.977303E-01,8.494375E-01,7.859085E-01,7.077912E-01,6.177102E-01,5.201558E-01,4.210526E-01,3.268353E-01,2.430733E-01,1.732963E-01,1.185923E-01,7.800816E-02,4.937872E-02,3.010449E-02,1.769083E-02,1.002447E-02,5.473306E-03,2.869938E-03,1.434825E-03,6.761620E-04,2.958557E-04,1.177218E-04,4.146245E-05,1.266252E-05
22.96233,40.62374,0.00000,9.319745E-01,8.977593E-01,8.494753E-01,7.859536E-01,7.078406E-01,6.177605E-01,5.202031E-01,4.210939E-01,3.268696E-01,2.430997E-01,1.733156E-01,1.186053E-01,7.801646E-02,4.938364E-02,3.010730E-02,1.769251E-02,1.002566E-02,5.474309E-03,2.870835E-03,1.435583E-03,6.767274E-04,2.962371E-04,1.179386E-04,4.157214E-05,1.270629E-05
22.96309,40.61972,0.00000,9.321500E-01,8.980070E-01,8.497972E-01,7.863375E-01,7.082623E-01,6.181892E-01,5.206076E-01,4.214492E-01,3.271598E-01,2.433199E-01,1.734705E-01,1.187065E-01,7.807746E-02,4.941702E-02,3.012343E-02,1.769890E-02,1.002751E-02,5.474489E-03,2.870915E-03,1.435969E-03,6.773064E-04,2.968624E-04,1.183894E-04,4.185703E-05,1.283162E-05
22.96326,40.61884,0.00000,9.321868E-01,8.980591E-01,8.498646E-01,7.864175E-01,7.083499E-01,6.182780E-01,5.206916E-01,4.215236E-01,3.272213E-01,2.433669E-01,1.735040E-01,1.187286E-01,7.809091E-02,4.942437E-02,3.012675E-02,1.769969E-02,1.002691E-02,5.473293E-03,2.869678E-03,1.434982E-03,6.766567E-04,2.964958E-04,1.182150E-04,4.178752E-05,1.280779E-05
22.96313,40.61823,0.00000,9.322124E-01,8.980947E-01,8.499103E-01,7.864714E-01,7.084078E-01,6.183354E-01,5.207439E-01,4.215671E-01,3.272543E-01,2.433896E-01,1.735177E-01,1.187358E-01,7.809372E-02,4.942459E-02,3.012546E-02,1.769754E-02,1.002434E-02,5.470702E-03,2.867399E-03,1.433236E-03,6.754926E-04,2.958147E-04,1.178716E-04,4.163752E-05,1.275232E-05
22.96290,40.61772,0.00000,9.322338E-01,8.981244E-01,8.499480E-01,7.865153E-01,7.084545E-01,6.183806E-01,5.207840E-01,4.215991E-01,3.272771E-01,2.434034E-01,1.735245E-01,1.187377E-01,7.809291E-02,4.942244E-02,3.012266E-02,1.769441E-02,1.002112E-02,5.467644E-03,2.864768E-03,1.431233E-03,6.741512E-04,2.950248E-04,1.174702E-04,4.145969E-05,1.268569E-05
22.96254,40.61725,0.00000,9.322492E-01,8.981454E-01,8.499737E-01,7.865437E-01,7.084827E-01,6.184062E-01,5.208046E-01,4.216142E-01,3.272861E-01,2.434072E-01,1.735238E-01,1.187342E-01,7.808823E-02,4.941750E-02,3.011795E-02,1.768993E-02,1.001688E-02,5.463779E-03,2.861500E-03,1.428761E-03,6.724927E-04,2.940455E-04,1.169698E-04,4.123610E-05,1.260142E-05
22.96051,40.61579,0.00000,9.356015E-01,9.030566E-01,8.566785E-01,7.950761E-01,7.186432E-01,6.297615E-01,5.327169E-01,4.333224E-01,3.380481E-01,2.526596E-01,1.809897E-01,1.244181E-01,8.219261E-02,5.224019E-02,3.197127E-02,1.885270E-02,1.071394E-02,5.863287E-03,3.080374E-03,1.543310E-03,7.294767E-04,3.207152E-04,1.285318E-04,4.579453E-05,1.417743E-05
22.95828,40.61422,0.00000,9.312605E-01,8.965407E-01,8.475686E-01,7.832095E-01,7.042035E-01,6.133167E-01,5.152000E-01,4.159004E-01,3.218898E-01,2.386705E-01,1.696396E-01,1.157370E-01,7.589891E-02,4.789466E-02,2.910275E-02,1.703615E-02,9.606305E-03,5.210849E-03,2.708520E-03,1.339003E-03,6.224164E-04,2.679733E-04,1.047072E-04,3.608769E-05,1.074356E-05
22.95818,40.61415,0.00000,9.312599E-01,8.965394E-01,8.475661E-01,7.832050E-01,7.041965E-01,6.133077E-01,5.151895E-01,4.158905E-01,3.218816E-01,2.386644E-01,1.696354E-01,1.157341E-01,7.589674E-02,4.789300E-02,2.910137E-02,1.703493E-02,9.605175E-03,5.209812E-03,2.707638E-03,1.338330E-03,6.219632E-04,2.677031E-04,1.045681E-04,3.602716E-05,1.072052E-05
22.95812,40.61408,0.00000,9.312629E-01,8.965436E-01,8.475713E-01,7.832109E-01,7.042026E-01,6.133133E-01,5.151942E-01,4.158939E-01,3.218835E-01,2.386650E-01,1.696351E-01,1.157334E-01,7.589590E-02,4.789213E-02,2.910057E-02,1.703412E-02,9.604362E-03,5.209038E-03,2.706970E-03,1.337816E-03,6.216163E-04,2.674959E-04,1.044617E-04,3.598080E-05,1.070293E-05
22.95770,40.61379,0.00000,9.312752E-01,8.965602E-01,8.475917E-01,7.832339E-01,7.042252E-01,6.133328E-01,5.152081E-01,4.159011E-01,3.218839E-01,2.386605E-01,1.696276E-01,1.157250E-01,7.588807E-02,4.788542E-02,2.909483E-02,1.702898E-02,9.599569E-03,5.204652E-03,2.703235E-03,1.334963E-03,6.196954E-04,2.663500E-04,1.038723E-04,3.572416E-05,1.060513E-05
22.95752,40.61366,0.00000,9.312807E-01,8.965677E-01,8.476009E-01,7.832441E-01,7.042355E-01,6.133417E-01,5.152147E-01,4.159046E-01,3.218844E-01,2.386587E-01,1.696246E-01,1.157216E-01,7.588479E-02,4.788256E-02,2.909238E-02,1.702675E-02,9.597478E-03,5.202723E-03,2.701589E-03,1.333704E-03,6.188466E-04,2.658437E-04,1.036119E-04,3.561065E-05,1.056189E-05
22.95742,40.61349,0.00000,9.312879E-01,8.965777E-01,8.476136E-01,7.832587E-01,7.042508E-01,6.133564E-01,5.152271E-01,4.159142E-01,3.218909E-01,2.386621E-01,1.696258E-01,1.157214E-01,7.588391E-02,4.788139E-02,2.909102E-02,1.702523E-02,9.595850E-03,5.201116E-03,2.700175E-03,1.332605E-03,6.181023E-04,2.653992E-04,1.033837E-04,3.551107E-05,1.052421E-05
22.95734,40.61328,0.00000,9.312968E-01,8.965901E-01,8.476294E-01,7.832771E-01,7.042704E-01,6.133754E-01,5.152436E-01,4.159275E-01,3.219004E-01,2.386682E-01,1.696290E-01,1.157226E-01,7.588393E-02,4.788077E-02,2.908994E-02,1.702380E-02,9.594188E-03,5.199413E-03,2.698650E-03,1.331413E-03,6.172931E-04,2.649155E-04,1.031357E-04,3.540274E-05,1.048350E-05
22.95732,40.61305,0.00000,9.313065E-01,8.966036E-01,8.476470E-01,7.832978E-01,7.042927E-01,6.133975E-01,5.152642E-01,4.159447E-01,3.219137E-01,2.386777E-01,1.696350E-01,1.157261E-01,7.588572E-02,4.788134E-02,2.908968E-02,1.702292E-02,9.592911E-03,5.197993E-03,2.697333E-03,1.330369E-03,6.165807E-04,2.644890E-04,1.029174E-04,3.530726E-05,1.044801E-05
22.95731,40.61260,0.00000,9.313256E-01,8.966304E-01,8.476814E-01,7.833385E-01,7.043366E-01,6.134415E-01,5.153048E-01,4.159792E-01,3.219408E-01,2.386971E-01,1.696480E-01,1.157339E-01,7.588992E-02,4.788300E-02,2.908958E-02,1.702146E-02,9.590588E-03,5.195343E-03,2.694851E-03,1.328393E-03,6.152280E-04,2.636788E-04,1.025024E-04,3.512559E-05,1.038067E-05
22.95740,40.61199,0.00000,9.313513E-01,8.966668E-01,8.477286E-01,7.833943E-01,7.043977E-01,6.135032E-01,5.153626E-01,4.160300E-01,3.219819E-01,2.387282E-01,1.696696E-01,1.157479E-01,7.589825E-02,4.788723E-02,2.909078E-02,1.702046E-02,9.588172E-03,5.192306E-03,2.691912E-03,1.326020E-03,6.135927E-04,2.626976E-04,1.019996E-04,3.490502E-05,1.029928E-05
22.95778,40.60661,0.00000,9.318653E-01,8.973907E-01,8.486648E-01,7.845085E-01,7.056276E-01,6.147744E-01,5.165967E-01,4.171550E-01,3.229433E-01,2.394985E-01,1.702502E-01,1.161631E-01,7.617991E-02,4.806600E-02,2.919221E-02,1.706525E-02,9.594881E-03,5.177550E-03,2.669327E-03,1.304721E-03,5.977293E-04,2.528111E-04,9.679647E-05,3.260069E-05,9.443244E-06
22.95789,40.60621,0.00000,9.318820E-01,8.974143E-01,8.486956E-01,7.845454E-01,7.056682E-01,6.148157E-01,5.166360E-01,4.171898E-01,3.229721E-01,2.395207E-01,1.702662E-01,1.161739E-01,7.618669E-02,4.806968E-02,2.919343E-02,1.706457E-02,9.592896E-03,5.174963E-03,2.666777E-03,1.302661E-03,5.962981E-04,2.519575E-04,9.635751E-05,3.240908E-05,9.373529E-06
22.95800,40.60584,0.00000,9.318973E-01,8.974363E-01,8.487242E-01,7.845795E-01,7.057057E-01,6.148541E-01,5.166726E-01,4.172226E-01,3.229993E-01,2.395417E-01,1.702813E-01,1.161842E-01,7.619316E-02,4.807325E-02,2.919469E-02,1.706400E-02,9.591091E-03,5.172572E-03,2.664415E-03,1.300749E-03,5.949698E-04,2.511654E-04,9.595007E-05,3.223157E-05,9.309029E-06
22.95821,40.60511,0.00000,9.319258E-01,8.974767E-01,8.487769E-01,7.846426E-01,7.057753E-01,6.149253E-01,5.167412E-01,4.172843E-01,3.230511E-01,2.395821E-01,1.703107E-01,1.162041E-01,7.620575E-02,4.808010E-02,2.919700E-02,1.706271E-02,9.587348E-03,5.167685E-03,2.659600E-03,1.296859E-03,5.922705E-04,2.495579E-04,9.512360E-05,3.187213E-05,9.178453E-06
22.95889,40.60270,0.00000,9.404191E-01,9.102272E-01,8.666123E-01,8.078781E-01,7.340475E-01,6.471245E-01,5.510669E-01,4.514826E-01,3.548450E-01,2.671824E-01,1.927640E-01,1.334147E-01,8.870968E-02,5.672938E-02,3.490995E-02,2.067207E-02,1.176885E-02,6.428760E-03,3.356503E-03,1.663404E-03,7.745673E-04,3.343433E-04,1.313047E-04,4.572618E-05,1.383807E-05
22.95893,40.60249,0.00000,9.404267E-01,9.102383E-01,8.666269E-01,8.078963E-01,7.340676E-01,6.471454E-01,5.510873E-01,4.515010E-01,3.548603E-01,2.671944E-01,1.927726E-01,1.334206E-01,8.871341E-02,5.673145E-02,3.491067E-02,2.067170E-02,1.176767E-02,6.427126E-03,3.354823E-03,1.661978E-03,7.735378E-04,3.337032E-04,1.309620E-04,4.557145E-05,1.377797E-05
22.95889,40.60226,0.00000,9.404350E-01,9.102502E-01,8.666428E-01,8.079153E-01,7.340887E-01,6.471671E-01,5.511073E-01,4.515182E-01,3.548738E-01,2.672038E-01,1.927787E-01,1.334242E-01,8.871508E-02,5.673191E-02,3.491017E-02,2.067034E-02,1.176565E-02,6.424774E-03,3.352553E-03,1.660108E-03,7.722101E-04,3.328847E-04,1.305267E-04,4.537591E-05,1.370222E-05
22.95859,40.60107,0.00000,9.406680E-01,9.105110E-01,8.669261E-01,8.082092E-01,7.343758E-01,6.474274E-01,5.513251E-01,4.516847E-01,3.549898E-01,2.672770E-01,1.928199E-01,1.334446E-01,8.872331E-02,5.673302E-02,3.490630E-02,2.066224E-02,1.175428E-02,6.411882E-03,3.340251E-03,1.650056E-03,7.651087E-04,3.285291E-04,1.282196E-04,4.434224E-05,1.330308E-05
22.95850,40.60070,0.00000,9.410681E-01,9.109855E-01,8.674653E-01,8.087859E-01,7.349480E-01,6.479490E-01,5.517583E-01,4.520107E-01,3.552112E-01,2.674117E-01,1.928932E-01,1.334799E-01,8.873808E-02,5.673787E-02,3.490652E-02,2.066009E-02,1.175082E-02,6.407875E-03,3.336420E-03,1.646933E-03,7.629085E-04,3.271840E-04,1.275086E-04,4.402615E-05,1.318139E-05
22.95838,40.60025,0.00000,9.415936E-01,9.116174E-01,8.681954E-01,8.095809E-01,7.357505E-01,6.486897E-01,5.523751E-01,4.524692E-01,3.555131E-01,2.675872E-01,1.929830E-01,1.335202E-01,8.875374E-02,5.674249E-02,3.490619E-02,2.065721E-02,1.174646E-02,6.402904E-03,3.331701E-03,1.643094E-03,7.602113E-04,3.255384E-04,1.266404E-04,4.364111E-05,1.303326E-05
22.95832,40.59984,0.00000,9.405779E-01,9.100734E-01,8.660102E-01,8.067024E-01,7.322095E-01,6.446109E-01,5.479740E-01,4.480269E-01,3.513261E-01,2.639028E-01,1.899460E-01,1.311633E-01,8.702198E-02,5.553122E-02,3.409675E-02,2.013863E-02,1.142711E-02,6.213721E-03,3.223878E-03,1.584305E-03,7.297997E-04,3.108665E-04,1.201402E-04,4.107354E-05,1.214108E-05
22.95829,40.59957,0.00000,9.405873E-01,9.100869E-01,8.660280E-01,8.067237E-01,7.322331E-01,6.446348E-01,5.479966E-01,4.480464E-01,3.513418E-01,2.639143E-01,1.899537E-01,1.311679E-01,8.702433E-02,5.553205E-02,3.409632E-02,2.013711E-02,1.142476E-02,6.210988E-03,3.221260E-03,1.582177E-03,7.283092E-04,3.099635E-04,1.196690E-04,4.086585E-05,1.206175E-05
22.95825,40.59939,0.00000,9.405937E-01,9.100961E-01,8.660401E-01,8.067382E-01,7.322490E-01,6.446509E-01,5.480115E-01,4.480592E-01,3.513517E-01,2.639212E-01,1.899580E-01,1.311702E-01,8.702536E-02,5.553217E-02,3.409573E-02,2.013587E-02,1.142303E-02,6.209036E-03,3.219416E-03,1.580690E-03,7.272731E-04,3.093380E-04,1.193431E-04,4.072255E-05,1.200709E-05
22.95821,40.59916,0.00000,9.406022E-01,9.101083E-01,8.660562E-01,8.067577E-01,7.322705E-01,6.446725E-01,5.480317E-01,4.480764E-01,3.513651E-01,2.639307E-01,1.899640E-01,1.311735E-01,8.702695E-02,5.553255E-02,3.409513E-02,2.013442E-02,1.142090E-02,6.206612E-03,3.217114E-03,1.578829E-03,7.259751E-04,3.085540E-04,1.189351E-04,4.054323E-05,1.193867E-05
22.95819,40.59906,0.00000,9.406059E-01,9.101136E-01,8.660632E-01,8.067660E-01,7.322797E-01,6.446819E-01,5.480404E-01,4.480837E-01,3.513708E-01,2.639346E-01,1.899665E-01,1.311749E-01,8.702760E-02,5.553265E-02,3.409484E-02,2.013375E-02,1.141995E-02,6.205540E-03,3.216102E-03,1.578011E-03,7.254055E-04,3.082105E-04,1.187565E-04,4.046491E-05,1.190877E-05
22.95819,40.59887,0.00000,9.406130E-01,9.101236E-01,8.660766E-01,8.067823E-01,7.322978E-01,6.447004E-01,5.480580E-01,4.480992E-01,3.513833E-01,2.639439E-01,1.899728E-01,1.311789E-01,8.702981E-02,5.553369E-02,3.409484E-02,2.013291E-02,1.141847E-02,6.203747E-03,3.214356E-03,1.576587E-03,7.244055E-04,3.076054E-04,1.184413E-04,4.032644E-05,1.185595E-05
22.95822,40.59873,0.00000,9.406245E-01,9.101405E-01,8.660996E-01,8.068117E-01,7.323322E-01,6.447367E-01,5.480921E-01,4.481272E-01,3.514038E-01,2.639573E-01,1.899809E-01,1.311836E-01,8.703253E-02,5.553509E-02,3.409532E-02,2.013261E-02,1.141762E-02,6.202615E-03,3.213215E-03,1.575638E-03,7.237333E-04,3.071965E-04,1.182276E-04,4.023244E-05,1.182012E-05
22.95827,40.59856,0.00000,9.406307E-01,9.101496E-01,8.661118E-01,8.068266E-01,7.323493E-01,6.447542E-01,5.481092E-01,4.481428E-01,3.514171E-01,2.639677E-01,1.899886E-01,1.311889E-01,8.703590E-02,5.553703E-02,3.409609E-02,2.013243E-02,1.141671E-02,6.201325E-03,3.211892E-03,1.574529E-03,7.229450E-04,3.067165E-04,1.179764E-04,4.012190E-05,1.177797E-05
22.95838,40.59836,0.00000,9.404505E-01,9.098831E-01,8.657444E-01,8.063545E-01,7.317814E-01,6.441134E-01,5.474289E-01,4.474653E-01,3.507855E-01,2.634172E-01,1.895384E-01,1.308421E-01,8.678258E-02,5.536064E-02,3.397845E-02,2.005686E-02,1.136978E-02,6.173100E-03,3.195452E-03,1.565340E-03,7.180675E-04,3.043102E-04,1.168925E-04,3.968909E-05,1.162660E-05
22.95849,40.59815,0.00000,9.404582E-01,9.098946E-01,8.657598E-01,8.063735E-01,7.318029E-01,6.441361E-01,5.474514E-01,4.474862E-01,3.508038E-01,2.634321E-01,1.895497E-01,1.308501E-01,8.678807E-02,5.536404E-02,3.398012E-02,2.005713E-02,1.136904E-02,6.171798E-03,3.194038E-03,1.564128E-03,7.171929E-04,3.037767E-04,1.166117E-04,3.956539E-05,1.157944E-05
22.95859,40.59801,0.00000,9.404634E-01,9.099022E-01,8.657702E-01,8.063862E-01,7.318177E-01,6.441519E-01,5.474672E-01,4.475013E-01,3.508171E-01,2.634432E-01,1.895584E-01,1.308565E-01,8.679247E-02,5.536689E-02,3.398163E-02,2.005761E-02,1.136876E-02,6.171098E-03,3.193215E-03,1.563404E-03,7.166626E-04,3.034508E-04,1.164393E-04,3.948919E-05,1.155028E-05
22.95879,40.59784,0.00000,9.404697E-01,9.099116E-01,8.657830E-01,8.064025E-01,7.318366E-01,6.441726E-01,5.474889E-01,4.475224E-01,3.508365E-01,2.634599E-01,1.895720E-01,1.308670E-01,8.680008E-02,5.537197E-02,3.398468E-02,2.005905E-02,1.136908E-02,6.170728E-03,3.192577E-03,1.562774E-03,7.161733E-04,3.031427E-04,1.162731E-04,3.941494E-05,1.152154E-05
22.95986,40.59690,0.00000,9.405224E-01,9.099894E-01,8.658907E-01,8.065409E-01,7.320011E-01,6.443534E-01,5.476710E-01,4.476905E-01,3.509790E-01,2.635722E-01,1.896556E-01,1.309271E-01,8.684181E-02,5.539947E-02,3.400097E-02,2.006664E-02,1.137040E-02,6.168335E-03,3.188709E-03,1.559030E-03,7.132763E-04,3.013185E-04,1.152904E-04,3.897418E-05,1.135180E-05
22.96044,40.59592,0.00000,9.405578E-01,9.100415E-01,8.659609E-01,8.066277E-01,7.321004E-01,6.444591E-01,5.477765E-01,4.477898E-01,3.510663E-01,2.636441E-01,1.897112E-01,1.309674E-01,8.686939E-02,5.541673E-02,3.400974E-02,2.006851E-02,1.136726E-02,6.162396E-03,3.182109E-03,1.553327E-03,7.091244E-04,2.987691E-04,1.139429E-04,3.837589E-05,1.112707E-05
22.96075,40.59506,0.00000,9.405894E-01,9.100876E-01,8.660228E-01,8.067038E-01,7.321863E-01,6.445495E-01,5.478649E-01,4.478706E-01,3.511353E-01,2.636991E-01,1.897519E-01,1.309959E-01,8.688804E-02,5.542766E-02,3.401436E-02,2.006791E-02,1.136285E-02,6.155941E-03,3.175419E-03,1.547709E-03,7.051015E-04,2.963199E-04,1.126550E-04,3.780819E-05,1.091429E-05
22.96113,40.59399,0.00000,9.406365E-01,9.101561E-01,8.661150E-01,8.068172E-01,7.323146E-01,6.446823E-01,5.479918E-01,4.479830E-01,3.512279E-01,2.637703E-01,1.898036E-01,1.310315E-01,8.691114E-02,5.544115E-02,3.402000E-02,2.006708E-02,1.135728E-02,6.147868E-03,3.167085E-03,1.540719E-03,7.001051E-04,2.932748E-04,1.110540E-04,3.710220E-05,1.065354E-05
22.96126,40.59380,0.00000,9.406434E-01,9.101664E-01,8.661288E-01,8.068346E-01,7.323344E-01,6.447036E-01,5.480130E-01,4.480029E-01,3.512458E-01,2.637851E-01,1.898152E-01,1.310398E-01,8.691698E-02,5.544481E-02,3.402194E-02,2.006761E-02,1.135680E-02,6.146803E-03,3.165867E-03,1.539651E-03,6.993251E-04,2.927906E-04,1.107969E-04,3.698885E-05,1.061108E-05
22.96144,40.59364,0.00000,9.406493E-01,9.101752E-01,8.661409E-01,8.068497E-01,7.323521E-01,6.447229E-01,5.480330E-01,4.480225E-01,3.512636E-01,2.638004E-01,1.898276E-01,1.310494E-01,8.692388E-02,5.544942E-02,3.402467E-02,2.006885E-02,1.135694E-02,6.146311E-03,3.165128E-03,1.538940E-03,6.987809E-04,2.924430E-04,1.106091E-04,3.690582E-05,1.057931E-05
22.96236,40.59307,0.00000,9.406703E-01,9.102070E-01,8.661851E-01,8.069060E-01,7.324190E-01,6.447975E-01,5.481119E-01,4.481020E-01,3.513390E-01,2.638675E-01,1.898835E-01,1.310932E-01,8.695618E-02,5.547172E-02,3.403865E-02,2.007629E-02,1.135968E-02,6.146118E-03,3.163564E-03,1.537095E-03,6.972564E-04,2.914139E-04,1.100399E-04,3.664724E-05,1.047912E-05
22.96291,40.59285,0.00000,9.406783E-01,9.102196E-01,8.662029E-01,8.069295E-01,7.324474E-01,6.448304E-01,5.481483E-01,4.481398E-01,3.513760E-01,2.639016E-01,1.899129E-01,1.311168E-01,8.697410E-02,5.548448E-02,3.404705E-02,2.008131E-02,1.136226E-02,6.147114E-03,3.163689E-03,1.536847E-03,6.969378E-04,2.911549E-04,1.098847E-04,3.657152E-05,1.044847E-05
22.96330,40.59276,0.00000,9.406816E-01,9.102250E-01,8.662109E-01,8.069403E-01,7.324613E-01,6.448472E-01,5.481676E-01,4.481612E-01,3.513980E-01,2.639226E-01,1.899315E-01,1.311323E-01,8.698608E-02,5.549317E-02,3.405303E-02,2.008517E-02,1.136460E-02,6.148428E-03,3.164361E-03,1.537143E-03,6.970402E-04,2.911692E-04,1.098775E-04,3.656181E-05,1.044308E-05
22.96369,40.59274,0.00000,9.406824E-01,9.102267E-01,8.662140E-01,8.069453E-01,7.324685E-01,6.448570E-01,5.481807E-01,4.481768E-01,3.514155E-01,2.639403E-01,1.899480E-01,1.311464E-01,8.699724E-02,5.550155E-02,3.405903E-02,2.008937E-02,1.136750E-02,6.150402E-03,3.165658E-03,1.537946E-03,6.974951E-04,2.913961E-04,1.099810E-04,3.659952E-05,1.045535E-05
22.96737,40.59314,0.00000,9.383743E-01,9.067667E-01,8.613799E-01,8.006563E-01,7.248268E-01,6.361619E-01,5.389103E-01,4.389302E-01,3.428048E-01,2.564526E-01,1.838478E-01,1.264668E-01,8.359529E-02,5.314640E-02,3.250200E-02,1.910567E-02,1.077407E-02,5.809478E-03,2.979500E-03,1.441768E-03,6.508148E-04,2.703026E-04,1.012561E-04,3.337817E-05,9.423056E-06
22.96836,40.59325,0.00000,9.383702E-01,9.067625E-01,8.613763E-01,8.006551E-01,7.248300E-01,6.361721E-01,5.389289E-01,4.389575E-01,3.428388E-01,2.564898E-01,1.838839E-01,1.264989E-01,8.362140E-02,5.316652E-02,3.251690E-02,1.911664E-02,1.078216E-02,5.815396E-03,2.983653E-03,1.444489E-03,6.524270E-04,2.711548E-04,1.016524E-04,3.353408E-05,9.473702E-06
22.96885,40.59330,0.00000,9.383683E-01,9.067606E-01,8.613750E-01,8.006548E-01,7.248322E-01,6.361774E-01,5.389385E-01,4.389715E-01,3.428558E-01,2.565084E-01,1.839020E-01,1.265148E-01,8.363441E-02,5.317651E-02,3.252428E-02,1.912203E-02,1.078610E-02,5.818240E-03,2.985622E-03,1.445765E-03,6.531755E-04,2.715469E-04,1.018330E-04,3.360490E-05,9.496364E-06
22.96946,40.59337,0.00000,9.383655E-01,9.067577E-01,8.613726E-01,8.006539E-01,7.248338E-01,6.361833E-01,5.389497E-01,4.389883E-01,3.428768E-01,2.565311E-01,1.839242E-01,1.265345E-01,8.365052E-02,5.318892E-02,3.253349E-02,1.912878E-02,1.079104E-02,5.821817E-03,2.988106E-03,1.447376E-03,6.541233E-04,2.720434E-04,1.020627E-04,3.369478E-05,9.525246E-06
22.96993,40.59342,0.00000,9.383610E-01,9.067520E-01,8.613659E-01,8.006470E-01,7.248284E-01,6.361814E-01,5.389532E-01,4.389977E-01,3.428911E-01,2.565479E-01,1.839412E-01,1.265497E-01,8.366303E-02,5.319853E-02,3.254060E-02,1.913394E-02,1.079479E-02,5.824503E-03,2.989952E-03,1.448562E-03,6.548149E-04,2.724023E-04,1.022272E-04,3.375876E-05,9.545630E-06
