#,,,,,,,,,,,,,,,,,,,,,,,,,,,"generated_by='OpenQuake engine 3.25.1', start_date='2026-05-21T13:23:20', checksum=3829219473, kind='quantile-0.5', investigation_time=1.0, imt='PGA'"
lon,lat,depth,poe-0.0005000,poe-0.0007184,poe-0.0010323,poe-0.0014833,poe-0.0021314,poe-0.0030626,poe-0.0044006,poe-0.0063231,poe-0.0090856,poe-0.0130550,poe-0.0187586,poe-0.0269540,poe-0.0387298,poe-0.0556504,poe-0.0799635,poe-0.1148985,poe-0.1650964,poe-0.2372250,poe-0.3408658,poe-0.4897860,poe-0.7037678,poe-1.0112356,poe-1.4530325,poe-2.0878452,poe-3.0000000
22.92611,40.64528,0.00000,9.225879E-01,8.840599E-01,8.308056E-01,7.649943E-01,6.871251E-01,5.990580E-01,5.041746E-01,4.073295E-01,3.111523E-01,2.250246E-01,1.560399E-01,1.043669E-01,6.641490E-02,4.156996E-02,2.524190E-02,1.470999E-02,8.191553E-03,4.331983E-03,2.047702E-03,8.756109E-04,3.340397E-04,1.098956E-04,2.999574E-05,6.219645E-06,7.513286E-07
22.92871,40.64392,0.00000,9.228373E-01,8.842548E-01,8.308330E-01,7.650526E-01,6.872432E-01,5.992300E-01,5.043859E-01,4.075611E-01,3.120139E-01,2.255308E-01,1.562060E-01,1.044817E-01,6.648298E-02,4.161514E-02,2.527325E-02,1.473829E-02,8.221150E-03,4.360330E-03,2.048222E-03,8.752681E-04,3.335314E-04,1.095323E-04,2.981470E-05,6.156554E-06,7.252473E-07
22.92912,40.64370,0.00000,9.228460E-01,8.842987E-01,8.308939E-01,7.651353E-01,6.873357E-01,5.993248E-01,5.044707E-01,4.076294E-01,3.120414E-01,2.255561E-01,1.562311E-01,1.044996E-01,6.649314E-02,4.162163E-02,2.527804E-02,1.474288E-02,8.226056E-03,4.365091E-03,2.048320E-03,8.752248E-04,3.334580E-04,1.094779E-04,2.978773E-05,6.147085E-06,7.211939E-07
22.92994,40.64328,0.00000,9.228622E-01,8.843271E-01,8.309327E-01,7.651765E-01,6.873841E-01,5.993795E-01,5.045300E-01,4.076913E-01,3.120951E-01,2.256046E-01,1.562763E-01,1.045298E-01,6.651200E-02,4.163485E-02,2.528758E-02,1.475201E-02,8.235757E-03,4.374552E-03,2.048529E-03,8.751490E-04,3.333207E-04,1.093750E-04,2.973641E-05,6.128998E-06,7.134145E-07
22.93339,40.64147,0.00000,9.228240E-01,8.835474E-01,8.299445E-01,7.643694E-01,6.864967E-01,5.984229E-01,5.035210E-01,4.066607E-01,3.109289E-01,2.246115E-01,1.555753E-01,1.039888E-01,6.612752E-02,4.136230E-02,2.511470E-02,1.465817E-02,8.198863E-03,4.330224E-03,2.023413E-03,8.624267E-04,3.273624E-04,1.069209E-04,2.888476E-05,5.897926E-06,6.525099E-07
22.93354,40.64140,0.00000,9.228275E-01,8.835528E-01,8.299516E-01,7.643780E-01,6.865069E-01,5.984355E-01,5.035344E-01,4.066743E-01,3.109379E-01,2.246199E-01,1.555838E-01,1.039947E-01,6.613117E-02,4.136471E-02,2.511647E-02,1.465986E-02,8.200711E-03,4.330412E-03,2.023466E-03,8.624277E-04,3.273462E-04,1.069083E-04,2.887916E-05,5.895822E-06,6.513155E-07
22.93442,40.64094,0.00000,9.228447E-01,8.835762E-01,8.299834E-01,7.643989E-01,6.865293E-01,5.984608E-01,5.035671E-01,4.067162E-01,3.109964E-01,2.246729E-01,1.556297E-01,1.040254E-01,6.615013E-02,4.137863E-02,2.512667E-02,1.467017E-02,8.212246E-03,4.331543E-03,2.023780E-03,8.624281E-04,3.272568E-04,1.068297E-04,2.884421E-05,5.882583E-06,6.445272E-07
22.94191,40.63703,0.00000,9.203988E-01,8.805985E-01,8.265872E-01,7.611070E-01,6.832129E-01,5.952244E-01,5.004897E-01,4.038706E-01,3.081085E-01,2.223149E-01,1.539842E-01,1.028182E-01,6.529730E-02,4.077612E-02,2.474591E-02,1.446822E-02,8.141101E-03,4.231985E-03,1.970062E-03,8.357065E-04,3.151209E-04,1.020151E-04,2.722692E-05,5.443122E-06,5.443213E-07
22.94198,40.63700,0.00000,9.204006E-01,8.806012E-01,8.265902E-01,7.611110E-01,6.832178E-01,5.952305E-01,5.004956E-01,4.038768E-01,3.081127E-01,2.223185E-01,1.539885E-01,1.028209E-01,6.529903E-02,4.077723E-02,2.474678E-02,1.446903E-02,8.142047E-03,4.232083E-03,1.970102E-03,8.357200E-04,3.151228E-04,1.020149E-04,2.722631E-05,5.442820E-06,5.440922E-07
22.94209,40.63694,0.00000,9.204038E-01,8.806057E-01,8.265964E-01,7.611182E-01,6.832263E-01,5.952401E-01,5.005055E-01,4.038873E-01,3.081202E-01,2.223255E-01,1.539949E-01,1.028250E-01,6.530159E-02,4.077890E-02,2.474806E-02,1.447040E-02,8.143667E-03,4.232251E-03,1.970164E-03,8.357388E-04,3.151230E-04,1.020126E-04,2.722454E-05,5.442078E-06,5.435530E-07
22.94297,40.63645,0.00000,9.204309E-01,8.806435E-01,8.266439E-01,7.611774E-01,6.832951E-01,5.953162E-01,5.005879E-01,4.039705E-01,3.081816E-01,2.223811E-01,1.540450E-01,1.028595E-01,6.532139E-02,4.079220E-02,2.475803E-02,1.448125E-02,8.156750E-03,4.233602E-03,1.970674E-03,8.358949E-04,3.151275E-04,1.019944E-04,2.721098E-05,5.436197E-06,5.391067E-07
22.94643,40.63462,0.00000,9.205436E-01,8.808103E-01,8.268666E-01,7.614553E-01,6.836179E-01,5.956689E-01,5.009518E-01,4.043236E-01,3.084152E-01,2.225921E-01,1.542440E-01,1.029942E-01,6.540070E-02,4.084575E-02,2.479750E-02,1.452309E-02,8.207195E-03,4.238910E-03,1.972834E-03,8.366645E-04,3.152457E-04,1.019808E-04,2.719963E-05,5.427588E-06,5.243596E-07
22.95341,40.63103,0.00000,9.220160E-01,8.837088E-01,8.283163E-01,7.630922E-01,6.854997E-01,5.977366E-01,5.031212E-01,4.064759E-01,3.116536E-01,2.249393E-01,1.555798E-01,1.039235E-01,6.601336E-02,4.126820E-02,2.507865E-02,1.472991E-02,8.373680E-03,4.299136E-03,2.003301E-03,8.507713E-04,3.211246E-04,1.041525E-04,2.872032E-05,5.838480E-06,5.586200E-07
22.95416,40.63076,0.00000,9.220256E-01,8.837243E-01,8.283479E-01,7.631304E-01,6.855467E-01,5.977911E-01,5.031814E-01,4.065399E-01,3.116929E-01,2.249864E-01,1.556230E-01,1.039549E-01,6.603321E-02,4.128132E-02,2.508745E-02,1.473781E-02,8.382557E-03,4.300377E-03,2.003935E-03,8.510530E-04,3.212490E-04,1.046510E-04,2.920277E-05,5.967881E-06,5.614498E-07
22.95514,40.63040,0.00000,9.220386E-01,8.837448E-01,8.283818E-01,7.631648E-01,6.855905E-01,5.978453E-01,5.032479E-01,4.066148E-01,3.117458E-01,2.250354E-01,1.556791E-01,1.039959E-01,6.605907E-02,4.129871E-02,2.509890E-02,1.474808E-02,8.394035E-03,4.302023E-03,2.004773E-03,8.514258E-04,3.214161E-04,1.064564E-04,2.981741E-05,6.131645E-06,5.650501E-07
22.95538,40.63030,0.00000,9.220423E-01,8.837510E-01,8.283934E-01,7.631782E-01,6.856065E-01,5.978636E-01,5.032675E-01,4.066356E-01,3.117600E-01,2.250484E-01,1.556924E-01,1.040060E-01,6.606513E-02,4.130289E-02,2.510172E-02,1.475060E-02,8.396907E-03,4.302443E-03,2.004980E-03,8.515160E-04,3.214562E-04,1.069004E-04,2.996819E-05,6.171569E-06,5.658063E-07
22.95691,40.62950,0.00000,9.220727E-01,8.838015E-01,8.285684E-01,7.634336E-01,6.859285E-01,5.982491E-01,5.036992E-01,4.070785E-01,3.118672E-01,2.251441E-01,1.558767E-01,1.041007E-01,6.611566E-02,4.133465E-02,2.512059E-02,1.476711E-02,8.415919E-03,4.305326E-03,2.006342E-03,8.520868E-04,3.216856E-04,1.097780E-04,3.094224E-05,6.426927E-06,5.688935E-07
22.95773,40.62906,0.00000,9.220895E-01,8.838294E-01,8.286147E-01,7.634868E-01,6.859906E-01,5.983188E-01,5.037736E-01,4.071544E-01,3.119259E-01,2.251965E-01,1.559230E-01,1.041336E-01,6.613543E-02,4.134800E-02,2.512964E-02,1.477565E-02,8.425801E-03,4.306900E-03,2.007085E-03,8.524019E-04,3.218131E-04,1.112523E-04,3.143735E-05,6.555834E-06,5.738187E-07
22.95838,40.62872,0.00000,9.186025E-01,8.783510E-01,8.227434E-01,7.564832E-01,6.779416E-01,5.894795E-01,4.945224E-01,3.980283E-01,3.025590E-01,2.174952E-01,1.502717E-01,1.001600E-01,6.340437E-02,3.946509E-02,2.390839E-02,1.401869E-02,7.977244E-03,4.016177E-03,1.856395E-03,7.805371E-04,2.908001E-04,1.005811E-04,2.781703E-05,5.583227E-06,4.098363E-07
22.95880,40.62842,0.00000,9.186136E-01,8.783717E-01,8.227628E-01,7.565064E-01,6.779669E-01,5.895078E-01,4.945533E-01,3.980617E-01,3.025966E-01,2.175273E-01,1.502941E-01,1.001753E-01,6.341308E-02,3.947110E-02,2.391265E-02,1.402313E-02,7.982592E-03,4.017012E-03,1.856774E-03,7.806759E-04,2.908489E-04,1.012890E-04,2.804827E-05,5.641191E-06,4.245764E-07
22.95916,40.62807,0.00000,9.186303E-01,8.783963E-01,8.227933E-01,7.565421E-01,6.780066E-01,5.895490E-01,4.945947E-01,3.981001E-01,3.026379E-01,2.175626E-01,1.503131E-01,1.001872E-01,6.341912E-02,3.947537E-02,2.391592E-02,1.402700E-02,7.987658E-03,4.017824E-03,1.857117E-03,7.807848E-04,2.908833E-04,1.019456E-04,2.826371E-05,5.694899E-06,4.390251E-07
22.96053,40.62625,0.00000,9.186992E-01,8.785296E-01,8.229085E-01,7.566698E-01,6.781384E-01,5.896799E-01,4.947248E-01,3.982267E-01,3.028469E-01,2.177354E-01,1.503880E-01,1.002241E-01,6.343459E-02,3.948690E-02,2.392581E-02,1.404118E-02,8.007820E-03,4.021520E-03,1.858558E-03,7.811849E-04,2.963381E-04,1.045461E-04,2.912392E-05,5.908599E-06,5.002873E-07
22.96185,40.62450,0.00000,9.248469E-01,8.889481E-01,8.347756E-01,7.709693E-01,6.946975E-01,6.079406E-01,5.138736E-01,4.171333E-01,3.220441E-01,2.331754E-01,1.618113E-01,1.084321E-01,6.908093E-02,4.337058E-02,2.645311E-02,1.562157E-02,8.963787E-03,4.681591E-03,2.176231E-03,9.330640E-04,3.602355E-04,1.325957E-04,3.911407E-05,8.731036E-06,1.010673E-06
22.96207,40.62409,0.00000,9.248822E-01,8.889986E-01,8.348436E-01,7.710509E-01,6.947860E-01,6.080250E-01,5.139454E-01,4.171878E-01,3.220911E-01,2.332032E-01,1.618219E-01,1.084381E-01,6.908230E-02,4.337134E-02,2.645371E-02,1.562287E-02,8.966126E-03,4.682938E-03,2.176610E-03,9.331860E-04,3.610108E-04,1.329933E-04,3.926833E-05,8.774518E-06,1.020622E-06
22.96222,40.62366,0.00000,9.249094E-01,8.890372E-01,8.348938E-01,7.711111E-01,6.948504E-01,6.080875E-01,5.139983E-01,4.172280E-01,3.221394E-01,2.332164E-01,1.618279E-01,1.084395E-01,6.908073E-02,4.337044E-02,2.645311E-02,1.562336E-02,8.967757E-03,4.683933E-03,2.176949E-03,9.332810E-04,3.615515E-04,1.332856E-04,3.938624E-05,8.807428E-06,1.028805E-06
22.96297,40.61971,0.00000,9.250865E-01,8.892854E-01,8.352386E-01,7.714603E-01,6.952130E-01,6.084300E-01,5.142927E-01,4.174544E-01,3.225729E-01,2.332855E-01,1.618400E-01,1.084527E-01,6.919927E-02,4.334665E-02,2.643626E-02,1.561594E-02,8.968616E-03,4.690716E-03,2.179988E-03,9.341488E-04,3.615965E-04,1.336514E-04,3.961658E-05,8.859674E-06,1.057673E-06
22.96314,40.61883,0.00000,9.251225E-01,8.893356E-01,8.353092E-01,7.715278E-01,6.952817E-01,6.084923E-01,5.143449E-01,4.174959E-01,3.226693E-01,2.332976E-01,1.618421E-01,1.084941E-01,6.922796E-02,4.334132E-02,2.643200E-02,1.561286E-02,8.970179E-03,4.692494E-03,2.180798E-03,9.344320E-04,3.607854E-04,1.333223E-04,3.951266E-05,8.825516E-06,1.055616E-06
22.96304,40.61829,0.00000,9.251443E-01,8.893653E-01,8.353488E-01,7.715663E-01,6.953191E-01,6.085258E-01,5.143706E-01,4.175106E-01,3.227260E-01,2.332915E-01,1.618307E-01,1.085157E-01,6.924211E-02,4.333340E-02,2.642630E-02,1.560878E-02,8.970200E-03,4.692552E-03,2.181145E-03,9.345213E-04,3.596779E-04,1.328420E-04,3.935114E-05,8.776127E-06,1.048652E-06
22.96281,40.61779,0.00000,9.251642E-01,8.893922E-01,8.353849E-01,7.715988E-01,6.953487E-01,6.085491E-01,5.143850E-01,4.175147E-01,3.227758E-01,2.332766E-01,1.618395E-01,1.085329E-01,6.925313E-02,4.332270E-02,2.641900E-02,1.560351E-02,8.965955E-03,4.691904E-03,2.181364E-03,9.345494E-04,3.582482E-04,1.322133E-04,3.913697E-05,8.711588E-06,1.038507E-06
22.96245,40.61732,0.00000,9.251689E-01,8.893957E-01,8.353978E-01,7.715871E-01,6.953247E-01,6.085144E-01,5.143440E-01,4.174740E-01,3.228208E-01,2.332473E-01,1.618113E-01,1.085465E-01,6.926101E-02,4.330923E-02,2.640999E-02,1.559705E-02,8.960634E-03,4.690564E-03,2.181459E-03,9.345135E-04,3.567455E-04,1.314327E-04,3.886916E-05,8.631592E-06,1.025139E-06
22.96041,40.61587,0.00000,9.288247E-01,8.946580E-01,8.426009E-01,7.799348E-01,7.050619E-01,6.193186E-01,5.257491E-01,4.288369E-01,3.344267E-01,2.420467E-01,1.689410E-01,1.139208E-01,7.338071E-02,4.575521E-02,2.801086E-02,1.659586E-02,9.555837E-03,5.149687E-03,2.396109E-03,1.038388E-03,4.023405E-04,1.452498E-04,4.396890E-05,1.012101E-05,1.337928E-06
22.95807,40.61420,0.00000,9.244753E-01,8.873698E-01,8.332663E-01,7.677037E-01,6.905649E-01,6.030037E-01,5.083249E-01,4.113199E-01,3.170801E-01,2.283655E-01,1.579269E-01,1.056612E-01,6.712614E-02,4.193671E-02,2.550437E-02,1.501633E-02,8.590048E-03,4.441080E-03,2.072934E-03,8.818058E-04,3.333840E-04,1.144504E-04,3.286426E-05,7.014664E-06,7.116938E-07
22.95760,40.61386,0.00000,9.244907E-01,8.873985E-01,8.332862E-01,7.677177E-01,6.905737E-01,6.030042E-01,5.083152E-01,4.112995E-01,3.171081E-01,2.283329E-01,1.578946E-01,1.056667E-01,6.712805E-02,4.192291E-02,2.549502E-02,1.500891E-02,8.582958E-03,4.441177E-03,2.072889E-03,8.817490E-04,3.333241E-04,1.134492E-04,3.251497E-05,6.928657E-06,6.921944E-07
22.95740,40.61369,0.00000,9.244987E-01,8.874125E-01,8.332970E-01,7.677256E-01,6.905797E-01,6.030063E-01,5.083122E-01,4.112921E-01,3.171229E-01,2.283192E-01,1.578807E-01,1.056700E-01,6.712958E-02,4.191693E-02,2.549083E-02,1.500548E-02,8.579656E-03,4.441279E-03,2.072903E-03,8.817375E-04,3.333037E-04,1.129849E-04,3.235335E-05,6.888682E-06,6.831308E-07
22.95729,40.61348,0.00000,9.245085E-01,8.874289E-01,8.333119E-01,7.677389E-01,6.905914E-01,6.030156E-01,5.083175E-01,4.112926E-01,3.171436E-01,2.283119E-01,1.578717E-01,1.056770E-01,6.713400E-02,4.191234E-02,2.548737E-02,1.500254E-02,8.576679E-03,4.441590E-03,2.073038E-03,8.817866E-04,3.333141E-04,1.125764E-04,3.221186E-05,6.854044E-06,6.751660E-07
22.95723,40.61327,0.00000,9.245186E-01,8.874453E-01,8.333275E-01,7.677531E-01,6.906050E-01,6.030275E-01,5.083251E-01,4.112967E-01,3.171654E-01,2.283073E-01,1.578658E-01,1.056847E-01,6.713915E-02,4.190880E-02,2.548470E-02,1.500002E-02,8.574084E-03,4.441976E-03,2.073219E-03,8.818597E-04,3.333383E-04,1.122265E-04,3.209045E-05,6.824479E-06,6.683109E-07
22.95720,40.61304,0.00000,9.245293E-01,8.874624E-01,8.333448E-01,7.677698E-01,6.906209E-01,6.030414E-01,5.083352E-01,4.113029E-01,3.171890E-01,2.283049E-01,1.578613E-01,1.056941E-01,6.714522E-02,4.190576E-02,2.548223E-02,1.499758E-02,8.571490E-03,4.442455E-03,2.073451E-03,8.819574E-04,3.333746E-04,1.118819E-04,3.197169E-05,6.795497E-06,6.615437E-07
22.95728,40.61198,0.00000,9.245800E-01,8.875405E-01,8.334285E-01,7.678515E-01,6.907035E-01,6.031169E-01,5.083976E-01,4.113486E-01,3.173026E-01,2.283100E-01,1.578544E-01,1.057413E-01,6.717754E-02,4.189612E-02,2.547324E-02,1.498795E-02,8.560738E-03,4.444997E-03,2.074737E-03,8.825363E-04,3.336148E-04,1.104855E-04,3.148896E-05,6.677875E-06,6.338036E-07
22.95768,40.60673,0.00000,9.252263E-01,8.883324E-01,8.345283E-01,7.689430E-01,6.918497E-01,6.042510E-01,5.094599E-01,4.122802E-01,3.185327E-01,2.288202E-01,1.582222E-01,1.061949E-01,6.741875E-02,4.197961E-02,2.551088E-02,1.498465E-02,8.525020E-03,4.479954E-03,2.093041E-03,8.913729E-04,3.375461E-04,1.097494E-04,2.948591E-05,6.062395E-06,6.035721E-07
22.95780,40.60620,0.00000,9.252514E-01,8.883709E-01,8.345706E-01,7.689860E-01,6.918932E-01,6.042922E-01,5.094954E-01,4.123077E-01,3.185909E-01,2.288275E-01,1.582588E-01,1.061908E-01,6.743627E-02,4.197623E-02,2.550660E-02,1.497872E-02,8.517525E-03,4.481589E-03,2.093942E-03,8.918322E-04,3.377710E-04,1.098492E-04,2.952613E-05,5.993080E-06,6.087561E-07
22.95790,40.60583,0.00000,9.252688E-01,8.883977E-01,8.346007E-01,7.690155E-01,6.919242E-01,6.043219E-01,5.095213E-01,4.123287E-01,3.186321E-01,2.288334E-01,1.582847E-01,1.061889E-01,6.744881E-02,4.197421E-02,2.550375E-02,1.497462E-02,8.512304E-03,4.482767E-03,2.094598E-03,8.921670E-04,3.379366E-04,1.099228E-04,2.955574E-05,5.948517E-06,6.125467E-07
22.95811,40.60509,0.00000,9.253024E-01,8.884505E-01,8.346533E-01,7.690604E-01,6.919689E-01,6.043642E-01,5.095600E-01,4.123611E-01,3.187144E-01,2.288452E-01,1.583366E-01,1.061855E-01,6.747416E-02,4.197017E-02,2.549818E-02,1.496635E-02,8.501628E-03,4.485168E-03,2.095948E-03,8.928568E-04,3.382800E-04,1.100785E-04,2.961717E-05,5.968081E-06,6.203088E-07
22.95878,40.60274,0.00000,9.340808E-01,9.022598E-01,8.531707E-01,7.927164E-01,7.200108E-01,6.358833E-01,5.432082E-01,4.462194E-01,3.505888E-01,2.578830E-01,1.813058E-01,1.228441E-01,8.041403E-02,4.998506E-02,3.041698E-02,1.805708E-02,1.035822E-02,5.738007E-03,2.766340E-03,1.220254E-03,4.838685E-04,1.669698E-04,4.842466E-05,1.098469E-05,1.658111E-06
22.95880,40.60252,0.00000,9.340896E-01,9.022709E-01,8.531864E-01,7.927326E-01,7.200267E-01,6.358987E-01,5.432214E-01,4.462304E-01,3.505953E-01,2.579039E-01,1.813217E-01,1.228558E-01,8.042204E-02,4.998225E-02,3.041469E-02,1.805424E-02,1.035455E-02,5.733852E-03,2.766823E-03,1.220518E-03,4.839984E-04,1.670407E-04,4.845197E-05,1.099536E-05,1.660435E-06
22.95878,40.60230,0.00000,9.340985E-01,9.022819E-01,8.532016E-01,7.927479E-01,7.200427E-01,6.359134E-01,5.432326E-01,4.462383E-01,3.505988E-01,2.579241E-01,1.813368E-01,1.228667E-01,8.042938E-02,4.997865E-02,3.041175E-02,1.805094E-02,1.035057E-02,5.729406E-03,2.767265E-03,1.220759E-03,4.841158E-04,1.671044E-04,4.847649E-05,1.100492E-05,1.662437E-06
22.95847,40.60108,0.00000,9.357250E-01,9.023520E-01,8.532963E-01,7.928471E-01,7.201443E-01,6.360039E-01,5.433020E-01,4.462780E-01,3.506097E-01,2.580315E-01,1.814161E-01,1.229226E-01,8.044475E-02,4.995275E-02,3.039203E-02,1.803032E-02,1.032648E-02,5.702969E-03,2.769542E-03,1.221993E-03,4.847164E-04,1.674328E-04,4.859973E-05,1.105385E-05,1.673173E-06
22.95838,40.60071,0.00000,9.357386E-01,9.023704E-01,8.533216E-01,7.928712E-01,7.201684E-01,6.360259E-01,5.433177E-01,4.462872E-01,3.506116E-01,2.580637E-01,1.814402E-01,1.229397E-01,8.043963E-02,4.994514E-02,3.038605E-02,1.802406E-02,1.031912E-02,5.694886E-03,2.770249E-03,1.222376E-03,4.849067E-04,1.675367E-04,4.863835E-05,1.106911E-05,1.676984E-06
22.95827,40.60027,0.00000,9.286836E-01,8.893937E-01,8.350464E-01,7.694506E-01,6.923627E-01,6.047202E-01,5.098448E-01,4.125557E-01,3.188945E-01,2.289865E-01,1.585674E-01,1.061030E-01,6.766293E-02,4.191637E-02,2.544159E-02,1.489521E-02,8.415200E-03,4.499975E-03,2.104412E-03,8.972082E-04,3.404733E-04,1.111550E-04,3.001832E-05,6.092786E-06,6.643224E-07
22.95793,40.59990,0.00000,9.351264E-01,9.007331E-01,8.509800E-01,7.898671E-01,7.165667E-01,6.319311E-01,5.388919E-01,4.417686E-01,3.463039E-01,2.545701E-01,1.784932E-01,1.206548E-01,7.873813E-02,4.885906E-02,2.966634E-02,1.756069E-02,1.002802E-02,5.515025E-03,2.673492E-03,1.174552E-03,4.633782E-04,1.590014E-04,4.575624E-05,1.026392E-05,1.506285E-06
22.95772,40.59974,0.00000,9.351357E-01,9.007375E-01,8.509865E-01,7.898688E-01,7.165648E-01,6.319252E-01,5.388822E-01,4.417552E-01,3.462895E-01,2.545802E-01,1.784999E-01,1.206585E-01,7.873999E-02,4.885157E-02,2.966102E-02,1.755618E-02,1.002341E-02,5.510319E-03,2.673612E-03,1.174610E-03,4.634048E-04,1.590123E-04,4.576003E-05,1.026511E-05,1.506502E-06
22.95749,40.59961,0.00000,9.351436E-01,9.007427E-01,8.509928E-01,7.898728E-01,7.165670E-01,6.319237E-01,5.388762E-01,4.417450E-01,3.462746E-01,2.545877E-01,1.785038E-01,1.206605E-01,7.874039E-02,4.884396E-02,2.965588E-02,1.755185E-02,1.001919E-02,5.506086E-03,2.673648E-03,1.174618E-03,4.634061E-04,1.590100E-04,4.575876E-05,1.026418E-05,1.506201E-06
22.95730,40.59943,0.00000,9.351540E-01,9.007498E-01,8.510026E-01,7.898798E-01,7.165714E-01,6.319246E-01,5.388731E-01,4.417379E-01,3.462639E-01,2.546000E-01,1.785123E-01,1.206657E-01,7.874332E-02,4.883653E-02,2.965063E-02,1.754720E-02,1.001432E-02,5.501098E-03,2.673840E-03,1.174713E-03,4.634517E-04,1.590311E-04,4.576688E-05,1.026700E-05,1.506788E-06
22.95719,40.59923,0.00000,9.351651E-01,9.007596E-01,8.510156E-01,7.898915E-01,7.165825E-01,6.319336E-01,5.388784E-01,4.417381E-01,3.462595E-01,2.546168E-01,1.785239E-01,1.206734E-01,7.874390E-02,4.883098E-02,2.964638E-02,1.754305E-02,1.000973E-02,5.496250E-03,2.674161E-03,1.174885E-03,4.635379E-04,1.590746E-04,4.578356E-05,1.027336E-05,1.508236E-06
22.95714,40.59900,0.00000,9.351776E-01,9.007710E-01,8.510314E-01,7.899068E-01,7.165978E-01,6.319465E-01,5.388883E-01,4.417439E-01,3.462610E-01,2.546374E-01,1.785389E-01,1.206840E-01,7.874308E-02,4.882625E-02,2.964276E-02,1.753905E-02,1.000506E-02,5.491179E-03,2.674616E-03,1.175131E-03,4.636651E-04,1.591393E-04,4.580857E-05,1.028315E-05,1.510507E-06
22.95715,40.59892,0.00000,9.351819E-01,9.007752E-01,8.510372E-01,7.899127E-01,7.166038E-01,6.319525E-01,5.388932E-01,4.417476E-01,3.462631E-01,2.546450E-01,1.785448E-01,1.206884E-01,7.874604E-02,4.882528E-02,2.964186E-02,1.753792E-02,1.000365E-02,5.489610E-03,2.674801E-03,1.175235E-03,4.637189E-04,1.591670E-04,4.581936E-05,1.028745E-05,1.511516E-06
22.95718,40.59878,0.00000,9.351892E-01,9.007825E-01,8.510472E-01,7.899233E-01,7.166153E-01,6.319634E-01,5.389026E-01,4.417556E-01,3.462685E-01,2.546588E-01,1.785554E-01,1.206961E-01,7.875136E-02,4.882401E-02,2.964052E-02,1.753613E-02,1.000124E-02,5.486936E-03,2.675145E-03,1.175425E-03,4.638170E-04,1.592181E-04,4.583921E-05,1.029538E-05,1.513383E-06
22.95728,40.59857,0.00000,9.352002E-01,9.007937E-01,8.510637E-01,7.899410E-01,7.166339E-01,6.319823E-01,5.389199E-01,4.417703E-01,3.462799E-01,2.546802E-01,1.785725E-01,1.207089E-01,7.876040E-02,4.882319E-02,2.963944E-02,1.753394E-02,9.998084E-03,5.483282E-03,2.675718E-03,1.175746E-03,4.639837E-04,1.593055E-04,4.587325E-05,1.030908E-05,1.516634E-06
22.95746,40.59839,0.00000,9.352092E-01,9.008285E-01,8.511093E-01,7.900066E-01,7.167143E-01,6.320689E-01,5.390029E-01,4.418384E-01,3.463280E-01,2.547013E-01,1.785894E-01,1.207217E-01,7.876979E-02,4.882485E-02,2.963992E-02,1.753304E-02,9.996111E-03,5.480771E-03,2.676316E-03,1.176086E-03,4.641596E-04,1.593989E-04,4.590975E-05,1.032394E-05,1.520194E-06
22.95769,40.59824,0.00000,9.352164E-01,9.008374E-01,8.511225E-01,7.900227E-01,7.167325E-01,6.320895E-01,5.390248E-01,4.418606E-01,3.463485E-01,2.547204E-01,1.786052E-01,1.207343E-01,7.877908E-02,4.882827E-02,2.964155E-02,1.753305E-02,9.995072E-03,5.479199E-03,2.676902E-03,1.176422E-03,4.643344E-04,1.594925E-04,4.594643E-05,1.033899E-05,1.523825E-06
22.95825,40.59807,0.00000,9.352235E-01,9.008492E-01,8.511415E-01,7.900473E-01,7.167633E-01,6.321262E-01,5.390666E-01,4.419052E-01,3.463935E-01,2.547484E-01,1.786297E-01,1.207545E-01,7.879483E-02,4.883938E-02,2.964820E-02,1.753620E-02,9.996194E-03,5.479340E-03,2.677892E-03,1.177000E-03,4.646380E-04,1.596571E-04,4.601126E-05,1.036593E-05,1.530404E-06
22.95870,40.59778,0.00000,9.349844E-01,9.005767E-01,8.507434E-01,7.896031E-01,7.162409E-01,6.315406E-01,5.384409E-01,4.412722E-01,3.457967E-01,2.541755E-01,1.781791E-01,1.204160E-01,7.854484E-02,4.868988E-02,2.954736E-02,1.747040E-02,9.954032E-03,5.452742E-03,2.664741E-03,1.170605E-03,4.618109E-04,1.585780E-04,4.565738E-05,1.027610E-05,1.512010E-06
22.95975,40.59688,0.00000,9.350289E-01,9.007071E-01,8.508936E-01,7.898521E-01,7.165467E-01,6.318866E-01,5.387907E-01,4.415841E-01,3.460371E-01,2.542826E-01,1.782665E-01,1.204837E-01,7.859446E-02,4.870149E-02,2.955224E-02,1.746714E-02,9.944653E-03,5.443132E-03,2.667946E-03,1.172467E-03,4.627809E-04,1.590891E-04,4.585682E-05,1.035687E-05,1.533105E-06
22.96031,40.59589,0.00000,9.350800E-01,9.007577E-01,8.509680E-01,7.899293E-01,7.166307E-01,6.319715E-01,5.388719E-01,4.416578E-01,3.460968E-01,2.543876E-01,1.783491E-01,1.205457E-01,7.861283E-02,4.870009E-02,2.954807E-02,1.745722E-02,9.929598E-03,5.425455E-03,2.670867E-03,1.174144E-03,4.636619E-04,1.595436E-04,4.603291E-05,1.042710E-05,1.553729E-06
22.96061,40.59502,0.00000,9.351256E-01,9.008037E-01,8.510335E-01,7.899981E-01,7.167039E-01,6.320441E-01,5.389376E-01,4.417122E-01,3.461372E-01,2.544759E-01,1.784177E-01,1.205966E-01,7.864840E-02,4.869382E-02,2.954122E-02,1.744639E-02,9.914817E-03,5.408715E-03,2.673257E-03,1.175514E-03,4.643772E-04,1.599099E-04,4.617428E-05,1.048284E-05,1.570546E-06
22.96101,40.59393,0.00000,9.351825E-01,9.008850E-01,8.511468E-01,7.901280E-01,7.168462E-01,6.321832E-01,5.390595E-01,4.418071E-01,3.462028E-01,2.545871E-01,1.785040E-01,1.206608E-01,7.869265E-02,4.868642E-02,2.953292E-02,1.743294E-02,9.896365E-03,5.387863E-03,2.676321E-03,1.177287E-03,4.653004E-04,1.603812E-04,4.635518E-05,1.055387E-05,1.592215E-06
22.96114,40.59374,0.00000,9.351920E-01,9.008952E-01,8.511620E-01,7.901444E-01,7.168643E-01,6.322017E-01,5.390775E-01,4.418231E-01,3.462162E-01,2.546077E-01,1.785205E-01,1.206731E-01,7.869438E-02,4.868666E-02,2.953244E-02,1.743121E-02,9.893576E-03,5.384550E-03,2.676929E-03,1.177639E-03,4.654856E-04,1.604766E-04,4.639207E-05,1.056839E-05,1.596681E-06
22.96131,40.59357,0.00000,9.352005E-01,9.009050E-01,8.511758E-01,7.901601E-01,7.168824E-01,6.322208E-01,5.390968E-01,4.418418E-01,3.462326E-01,2.546275E-01,1.785365E-01,1.206853E-01,7.869780E-02,4.868814E-02,2.953277E-02,1.743018E-02,9.891449E-03,5.381872E-03,2.677534E-03,1.177995E-03,4.656724E-04,1.605738E-04,4.643029E-05,1.058327E-05,1.601289E-06
22.96228,40.59298,0.00000,9.352285E-01,9.009403E-01,8.512300E-01,7.902240E-01,7.169581E-01,6.323043E-01,5.391849E-01,4.419313E-01,3.463166E-01,2.547038E-01,1.786003E-01,1.207360E-01,7.872442E-02,4.870285E-02,2.954033E-02,1.743051E-02,9.886712E-03,5.374490E-03,2.680099E-03,1.179497E-03,4.664714E-04,1.609945E-04,4.660504E-05,1.064842E-05,1.621688E-06
22.96292,40.59272,0.00000,9.352400E-01,9.009570E-01,8.512560E-01,7.902566E-01,7.169975E-01,6.323506E-01,5.392361E-01,4.419855E-01,3.463695E-01,2.547423E-01,1.786332E-01,1.207625E-01,7.874426E-02,4.871473E-02,2.954713E-02,1.743284E-02,9.886013E-03,5.372205E-03,2.681481E-03,1.180314E-03,4.669089E-04,1.612270E-04,4.670175E-05,1.068475E-05,1.633164E-06
22.96319,40.59266,0.00000,9.352422E-01,9.009617E-01,8.512636E-01,7.902671E-01,7.170106E-01,6.323665E-01,5.392550E-01,4.420063E-01,3.463908E-01,2.547536E-01,1.786436E-01,1.207713E-01,7.875340E-02,4.872066E-02,2.955067E-02,1.743464E-02,9.886680E-03,5.372263E-03,2.681941E-03,1.180589E-03,4.670577E-04,1.613071E-04,4.673620E-05,1.069745E-05,1.637208E-06
22.96348,40.59265,0.00000,9.352417E-01,9.009640E-01,8.512679E-01,7.902741E-01,7.170209E-01,6.323804E-01,5.392720E-01,4.420265E-01,3.464123E-01,2.547611E-01,1.786508E-01,1.207778E-01,7.876451E-02,4.872785E-02,2.955523E-02,1.743745E-02,9.888425E-03,5.373454E-03,2.682301E-03,1.180808E-03,4.671777E-04,1.613729E-04,4.676484E-05,1.070816E-05,1.640684E-06
22.96738,40.59307,0.00000,9.329879E-01,8.974406E-01,8.461914E-01,7.841365E-01,7.097749E-01,6.242510E-01,5.305800E-01,4.332309E-01,3.380987E-01,2.465627E-01,1.721977E-01,1.159650E-01,7.524354E-02,4.653570E-02,2.822593E-02,1.659621E-02,9.381468E-03,5.083697E-03,2.493991E-03,1.088367E-03,4.260241E-04,1.453076E-04,4.141731E-05,9.250967E-06,1.354588E-06
22.96837,40.59318,0.00000,9.329819E-01,8.974407E-01,8.461961E-01,7.841510E-01,7.097995E-01,6.242887E-01,5.306315E-01,4.332952E-01,3.381704E-01,2.465742E-01,1.722123E-01,1.159796E-01,7.525644E-02,4.654597E-02,2.824345E-02,1.660767E-02,9.389480E-03,5.089626E-03,2.494784E-03,1.088868E-03,4.262995E-04,1.454612E-04,4.147925E-05,9.277005E-06,1.362178E-06
22.96886,40.59323,0.00000,9.329792E-01,8.974409E-01,8.461988E-01,7.841585E-01,7.098116E-01,6.243081E-01,5.306576E-01,4.333273E-01,3.382057E-01,2.465807E-01,1.722196E-01,1.159870E-01,7.526293E-02,4.655116E-02,2.825209E-02,1.661327E-02,9.393304E-03,5.092382E-03,2.495187E-03,1.089118E-03,4.264361E-04,1.455375E-04,4.150977E-05,9.289903E-06,1.365885E-06
22.96947,40.59330,0.00000,9.329755E-01,8.974409E-01,8.462009E-01,7.841673E-01,7.098268E-01,6.243308E-01,5.306885E-01,4.333669E-01,3.382501E-01,2.465869E-01,1.722283E-01,1.159959E-01,7.527073E-02,4.655746E-02,2.826299E-02,1.662040E-02,9.398174E-03,5.095893E-03,2.495664E-03,1.089414E-03,4.265995E-04,1.456292E-04,4.154598E-05,9.305253E-06,1.370270E-06
22.96995,40.59331,0.00000,9.329743E-01,8.974319E-01,8.461955E-01,7.841553E-01,7.098169E-01,6.243270E-01,5.306959E-01,4.333855E-01,3.382783E-01,2.465965E-01,1.722383E-01,1.160050E-01,7.527845E-02,4.656338E-02,2.827104E-02,1.662523E-02,9.401056E-03,5.097622E-03,2.496149E-03,1.089707E-03,4.267586E-04,1.457173E-04,4.158048E-05,9.319450E-06,1.374764E-06
22.92619,40.64536,0.00000,9.225846E-01,8.840549E-01,8.308005E-01,7.649905E-01,6.871217E-01,5.990564E-01,5.041751E-01,4.073316E-01,3.111447E-01,2.250199E-01,1.560447E-01,1.043712E-01,6.641822E-02,4.157189E-02,2.524287E-02,1.471002E-02,8.191072E-03,4.331364E-03,2.047713E-03,8.756219E-04,3.340469E-04,1.099004E-04,2.999739E-05,6.220464E-06,7.518670E-07
22.92879,40.64401,0.00000,9.228314E-01,8.842501E-01,8.308273E-01,7.650477E-01,6.872395E-01,5.992284E-01,5.043858E-01,4.075632E-01,3.120055E-01,2.255250E-01,1.562107E-01,1.044862E-01,6.648646E-02,4.161727E-02,2.527425E-02,1.473827E-02,8.220606E-03,4.359639E-03,2.048241E-03,8.752864E-04,3.335445E-04,1.095407E-04,2.981794E-05,6.157873E-06,7.260169E-07
22.92920,40.64379,0.00000,9.228402E-01,8.842938E-01,8.308880E-01,7.651304E-01,6.873320E-01,5.993226E-01,5.044704E-01,4.076313E-01,3.120328E-01,2.255501E-01,1.562362E-01,1.045040E-01,6.649660E-02,4.162372E-02,2.527901E-02,1.474290E-02,8.225514E-03,4.364403E-03,2.048338E-03,8.752436E-04,3.334714E-04,1.094866E-04,2.979116E-05,6.148455E-06,7.219820E-07
22.93002,40.64337,0.00000,9.228564E-01,8.843222E-01,8.309272E-01,7.651721E-01,6.873802E-01,5.993770E-01,5.045295E-01,4.076932E-01,3.120863E-01,2.255989E-01,1.562809E-01,1.045341E-01,6.651530E-02,4.163696E-02,2.528855E-02,1.475201E-02,8.235249E-03,4.373879E-03,2.048550E-03,8.751707E-04,3.333355E-04,1.093843E-04,2.974013E-05,6.130470E-06,7.142403E-07
22.93364,40.64148,0.00000,9.228239E-01,8.835484E-01,8.299469E-01,7.643743E-01,6.865048E-01,5.984348E-01,5.035360E-01,4.066784E-01,3.109312E-01,2.246154E-01,1.555900E-01,1.040000E-01,6.613520E-02,4.136723E-02,2.511770E-02,1.466015E-02,8.200507E-03,4.330438E-03,2.023503E-03,8.624554E-04,3.273638E-04,1.069203E-04,2.888342E-05,5.897499E-06,6.521131E-07
22.93450,40.64103,0.00000,9.228412E-01,8.835711E-01,8.299775E-01,7.643939E-01,6.865254E-01,5.984585E-01,5.035667E-01,4.067186E-01,3.109883E-01,2.246672E-01,1.556348E-01,1.040300E-01,6.615364E-02,4.138074E-02,2.512767E-02,1.467027E-02,8.211792E-03,4.331549E-03,2.023813E-03,8.624581E-04,3.272780E-04,1.068440E-04,2.884955E-05,5.884653E-06,6.455724E-07
22.93720,40.63962,0.00000,9.231450E-01,8.839869E-01,8.304382E-01,7.647693E-01,6.869559E-01,5.989148E-01,5.040091E-01,4.071097E-01,3.111805E-01,2.248362E-01,1.557925E-01,1.041388E-01,6.621628E-02,4.142368E-02,2.515931E-02,1.470236E-02,8.248165E-03,4.335201E-03,2.024916E-03,8.625615E-04,3.271114E-04,1.066775E-04,2.876472E-05,5.847773E-06,6.302121E-07
22.94217,40.63703,0.00000,9.203994E-01,8.806006E-01,8.265912E-01,7.611132E-01,6.832225E-01,5.952372E-01,5.005058E-01,4.038896E-01,3.081121E-01,2.223197E-01,1.539994E-01,1.028297E-01,6.530527E-02,4.078120E-02,2.474917E-02,1.447062E-02,8.143371E-03,4.232264E-03,1.970209E-03,8.357781E-04,3.151551E-04,1.020318E-04,2.723200E-05,5.444372E-06,5.450318E-07
22.94655,40.63474,0.00000,9.205378E-01,8.808034E-01,8.268601E-01,7.614494E-01,6.836131E-01,5.956657E-01,5.009521E-01,4.043270E-01,3.084042E-01,2.225846E-01,1.542519E-01,1.030009E-01,6.540608E-02,4.084915E-02,2.479929E-02,1.452366E-02,8.207059E-03,4.238949E-03,1.972911E-03,8.367285E-04,3.152944E-04,1.020105E-04,2.721265E-05,5.431194E-06,5.262187E-07
22.95068,40.63259,0.00000,9.213117E-01,8.818331E-01,8.281302E-01,7.628773E-01,6.852545E-01,5.974733E-01,5.028512E-01,4.062111E-01,3.102091E-01,2.240944E-01,1.553859E-01,1.038183E-01,6.595124E-02,4.122588E-02,2.504857E-02,1.469867E-02,8.341679E-03,4.294083E-03,2.001019E-03,8.498903E-04,3.208379E-04,1.040531E-04,2.784957E-05,5.589831E-06,5.577184E-07
22.95084,40.63251,0.00000,9.213161E-01,8.818392E-01,8.281391E-01,7.628872E-01,6.852663E-01,5.974864E-01,5.028649E-01,4.062257E-01,3.102191E-01,2.241039E-01,1.553954E-01,1.038246E-01,6.595516E-02,4.122837E-02,2.505042E-02,1.470050E-02,8.343882E-03,4.294357E-03,2.001148E-03,8.499413E-04,3.208555E-04,1.040600E-04,2.785094E-05,5.590466E-06,5.578374E-07
22.95348,40.63113,0.00000,9.220114E-01,8.837007E-01,8.283092E-01,7.630864E-01,6.854948E-01,5.977330E-01,5.031198E-01,4.064766E-01,3.116440E-01,2.249428E-01,1.555846E-01,1.039280E-01,6.601709E-02,4.127058E-02,2.507993E-02,1.473028E-02,8.373490E-03,4.299122E-03,2.003345E-03,8.508152E-04,3.211618E-04,1.041758E-04,2.872649E-05,5.840779E-06,5.601370E-07
22.95422,40.63085,0.00000,9.220215E-01,8.837171E-01,8.283417E-01,7.631250E-01,6.855422E-01,5.977876E-01,5.031801E-01,4.065405E-01,3.116844E-01,2.249804E-01,1.556274E-01,1.039588E-01,6.603657E-02,4.128340E-02,2.508858E-02,1.473813E-02,8.382371E-03,4.300362E-03,2.003972E-03,8.510912E-04,3.212818E-04,1.046630E-04,2.920583E-05,5.969211E-06,5.627972E-07
22.95546,40.63040,0.00000,9.220377E-01,8.837426E-01,8.283867E-01,7.631724E-01,6.856016E-01,5.978605E-01,5.032667E-01,4.066373E-01,3.117512E-01,2.250418E-01,1.556984E-01,1.040108E-01,6.606920E-02,4.130545E-02,2.510315E-02,1.475112E-02,8.396831E-03,4.302444E-03,2.005033E-03,8.515645E-04,3.214958E-04,1.069293E-04,2.997644E-05,6.174236E-06,5.674082E-07
22.95700,40.62958,0.00000,9.220690E-01,8.837946E-01,8.285633E-01,7.634296E-01,6.859251E-01,5.982479E-01,5.037001E-01,4.070815E-01,3.118603E-01,2.251394E-01,1.558826E-01,1.041060E-01,6.611975E-02,4.133730E-02,2.512213E-02,1.476781E-02,8.416120E-03,4.305355E-03,2.006403E-03,8.521368E-04,3.217233E-04,1.098331E-04,3.095890E-05,6.431538E-06,5.703660E-07
22.95781,40.62915,0.00000,9.220853E-01,8.838218E-01,8.286085E-01,7.634819E-01,6.859863E-01,5.983155E-01,5.037730E-01,4.071558E-01,3.119178E-01,2.251909E-01,1.559286E-01,1.041384E-01,6.613943E-02,4.135055E-02,2.513105E-02,1.477626E-02,8.425880E-03,4.306905E-03,2.007136E-03,8.524483E-04,3.218495E-04,1.112815E-04,3.144524E-05,6.558173E-06,5.731764E-07
22.95849,40.62879,0.00000,9.185998E-01,8.783448E-01,8.227403E-01,7.564808E-01,6.779400E-01,5.894801E-01,4.945250E-01,3.980330E-01,3.025535E-01,2.174916E-01,1.502787E-01,1.001660E-01,6.340883E-02,3.946801E-02,2.391012E-02,1.401955E-02,7.977651E-03,4.016251E-03,1.856474E-03,7.805937E-04,2.908386E-04,1.006566E-04,2.783939E-05,5.588901E-06,4.102471E-07
22.95891,40.62849,0.00000,9.186144E-01,8.783653E-01,8.227676E-01,7.565141E-01,6.779777E-01,5.895214E-01,4.945676E-01,3.980744E-01,3.025910E-01,2.175241E-01,1.503016E-01,1.001813E-01,6.341761E-02,3.947395E-02,2.391431E-02,1.402400E-02,7.983024E-03,4.017087E-03,1.856854E-03,7.807312E-04,2.908884E-04,1.013624E-04,2.806974E-05,5.646560E-06,4.249486E-07
22.95927,40.62815,0.00000,9.186268E-01,8.783895E-01,8.227894E-01,7.565384E-01,6.780043E-01,5.895486E-01,4.945966E-01,3.981050E-01,3.026311E-01,2.175584E-01,1.503204E-01,1.001936E-01,6.342373E-02,3.947839E-02,2.391769E-02,1.402789E-02,7.988044E-03,4.017886E-03,1.857194E-03,7.808409E-04,2.909514E-04,1.020107E-04,2.828208E-05,5.699423E-06,4.391540E-07
22.96065,40.62631,0.00000,9.186968E-01,8.785238E-01,8.229058E-01,7.566680E-01,6.781379E-01,5.896822E-01,4.947293E-01,3.982327E-01,3.028427E-01,2.177331E-01,1.503870E-01,1.002305E-01,6.343939E-02,3.948999E-02,2.392762E-02,1.404223E-02,8.008473E-03,4.021605E-03,1.858642E-03,7.812410E-04,2.965569E-04,1.046367E-04,2.915054E-05,5.915194E-06,5.011087E-07
22.96195,40.62458,0.00000,9.247786E-01,8.888495E-01,8.346633E-01,7.707936E-01,6.945018E-01,6.077541E-01,5.137270E-01,4.170412E-01,3.220370E-01,2.331710E-01,1.618166E-01,1.084377E-01,6.908588E-02,4.337357E-02,2.645507E-02,1.562265E-02,8.964373E-03,4.682097E-03,2.176281E-03,9.331100E-04,3.604366E-04,1.326766E-04,3.913837E-05,8.738188E-06,1.011106E-06
22.96218,40.62417,0.00000,9.248826E-01,8.889998E-01,8.348434E-01,7.710577E-01,6.947956E-01,6.080371E-01,5.139585E-01,4.172004E-01,3.220842E-01,2.332118E-01,1.618297E-01,1.084447E-01,6.908729E-02,4.337480E-02,2.645582E-02,1.562409E-02,8.966828E-03,4.683495E-03,2.176670E-03,9.332359E-04,3.612449E-04,1.330893E-04,3.929795E-05,8.783224E-06,1.021343E-06
22.96233,40.62374,0.00000,9.249064E-01,8.890334E-01,8.348891E-01,7.711073E-01,6.948478E-01,6.080872E-01,5.140008E-01,4.172322E-01,3.221321E-01,2.332233E-01,1.618354E-01,1.084461E-01,6.908579E-02,4.337382E-02,2.645519E-02,1.562459E-02,8.968495E-03,4.684491E-03,2.177005E-03,9.333289E-04,3.617954E-04,1.333864E-04,3.941768E-05,8.816678E-06,1.029667E-06
22.96309,40.61972,0.00000,9.250864E-01,8.892856E-01,8.352393E-01,7.714627E-01,6.952165E-01,6.084350E-01,5.142989E-01,4.174624E-01,3.225739E-01,2.332935E-01,1.618475E-01,1.084545E-01,6.920099E-02,4.334949E-02,2.643806E-02,1.561714E-02,8.969529E-03,4.691345E-03,2.180087E-03,9.342041E-04,3.618825E-04,1.337786E-04,3.966008E-05,8.872289E-06,1.060167E-06
22.96326,40.61884,0.00000,9.251223E-01,8.893359E-01,8.353100E-01,7.715302E-01,6.952847E-01,6.084976E-01,5.143519E-01,4.175039E-01,3.226700E-01,2.333057E-01,1.618500E-01,1.084959E-01,6.922963E-02,4.334422E-02,2.643387E-02,1.561408E-02,8.970410E-03,4.693126E-03,2.180897E-03,9.344872E-04,3.610683E-04,1.334483E-04,3.955571E-05,8.838009E-06,1.057800E-06
22.96313,40.61823,0.00000,9.251469E-01,8.893690E-01,8.353550E-01,7.715734E-01,6.953262E-01,6.085339E-01,5.143792E-01,4.175194E-01,3.227337E-01,2.332980E-01,1.618357E-01,1.085199E-01,6.924544E-02,4.333469E-02,2.642713E-02,1.560927E-02,8.970542E-03,4.693099E-03,2.181272E-03,9.345817E-04,3.597739E-04,1.328862E-04,3.936647E-05,8.780253E-06,1.049581E-06
22.96290,40.61772,0.00000,9.251671E-01,8.893964E-01,8.353913E-01,7.716060E-01,6.953572E-01,6.085578E-01,5.143942E-01,4.175241E-01,3.227849E-01,2.332827E-01,1.618446E-01,1.085377E-01,6.925670E-02,4.332400E-02,2.641972E-02,1.560393E-02,8.966227E-03,4.692473E-03,2.181504E-03,9.346133E-04,3.583169E-04,1.322451E-04,3.914798E-05,8.714394E-06,1.039212E-06
22.96254,40.61725,0.00000,9.251719E-01,8.894005E-01,8.354046E-01,7.715940E-01,6.953332E-01,6.085237E-01,5.143535E-01,4.174830E-01,3.228297E-01,2.332535E-01,1.618161E-01,1.085512E-01,6.926464E-02,4.331059E-02,2.641076E-02,1.559744E-02,8.960899E-03,4.691137E-03,2.181601E-03,9.345795E-04,3.567768E-04,1.314609E-04,3.887883E-05,8.633996E-06,1.025758E-06
22.96051,40.61579,0.00000,9.288284E-01,8.946629E-01,8.426081E-01,7.799425E-01,7.050712E-01,6.193281E-01,5.257596E-01,4.288471E-01,3.344360E-01,2.420537E-01,1.689484E-01,1.139248E-01,7.338478E-02,4.575679E-02,2.801158E-02,1.659624E-02,9.556049E-03,5.150401E-03,2.396288E-03,1.038476E-03,4.023792E-04,1.452780E-04,4.397751E-05,1.012396E-05,1.337908E-06
22.95828,40.61422,0.00000,9.244801E-01,8.873667E-01,8.332845E-01,7.677363E-01,6.906078E-01,6.030550E-01,5.083804E-01,4.113708E-01,3.170810E-01,2.283887E-01,1.579436E-01,1.056644E-01,6.712922E-02,4.194152E-02,2.550737E-02,1.501850E-02,8.591982E-03,4.441324E-03,2.073090E-03,8.818908E-04,3.334334E-04,1.147287E-04,3.296154E-05,7.039182E-06,7.171335E-07
22.95818,40.61415,0.00000,9.244778E-01,8.873726E-01,8.332720E-01,7.677102E-01,6.905724E-01,6.030127E-01,5.083342E-01,4.113290E-01,3.170869E-01,2.283730E-01,1.579331E-01,1.056654E-01,6.712943E-02,4.193862E-02,2.550540E-02,1.501696E-02,8.590527E-03,4.441341E-03,2.073077E-03,8.818774E-04,3.334201E-04,1.145214E-04,3.288907E-05,7.021465E-06,7.131056E-07
22.95812,40.61408,0.00000,9.244813E-01,8.873783E-01,8.332767E-01,7.677141E-01,6.905759E-01,6.030142E-01,5.083345E-01,4.113279E-01,3.170935E-01,2.283689E-01,1.579287E-01,1.056673E-01,6.713041E-02,4.193648E-02,2.550396E-02,1.501576E-02,8.589362E-03,4.441414E-03,2.073098E-03,8.818816E-04,3.334166E-04,1.143614E-04,3.283317E-05,7.007935E-06,7.100030E-07
22.95770,40.61379,0.00000,9.244942E-01,8.874028E-01,8.332930E-01,7.677258E-01,6.905822E-01,6.030137E-01,5.083247E-01,4.113094E-01,3.171168E-01,2.283397E-01,1.578999E-01,1.056717E-01,6.713193E-02,4.192441E-02,2.549572E-02,1.500923E-02,8.583128E-03,4.441469E-03,2.073047E-03,8.818254E-04,3.333615E-04,1.134831E-04,3.252696E-05,6.932394E-06,6.928847E-07
22.95752,40.61366,0.00000,9.245003E-01,8.874140E-01,8.333005E-01,7.677310E-01,6.905857E-01,6.030139E-01,5.083210E-01,4.113018E-01,3.171281E-01,2.283273E-01,1.578874E-01,1.056737E-01,6.713262E-02,4.191913E-02,2.549215E-02,1.500635E-02,8.580381E-03,4.441507E-03,2.073036E-03,8.818056E-04,3.333393E-04,1.130947E-04,3.239177E-05,6.898861E-06,6.853001E-07
22.95742,40.61349,0.00000,9.245082E-01,8.874273E-01,8.333127E-01,7.677413E-01,6.905953E-01,6.030210E-01,5.083243E-01,4.113013E-01,3.171446E-01,2.283206E-01,1.578797E-01,1.056790E-01,6.713580E-02,4.191522E-02,2.548925E-02,1.500384E-02,8.577872E-03,4.441745E-03,2.073139E-03,8.818402E-04,3.333451E-04,1.127505E-04,3.227247E-05,6.869606E-06,6.785831E-07
22.95734,40.61328,0.00000,9.245182E-01,8.874436E-01,8.333279E-01,7.677550E-01,6.906080E-01,6.030319E-01,5.083305E-01,4.113037E-01,3.171656E-01,2.283152E-01,1.578723E-01,1.056865E-01,6.714070E-02,4.191134E-02,2.548625E-02,1.500115E-02,8.575105E-03,4.442109E-03,2.073300E-03,8.819038E-04,3.333641E-04,1.123756E-04,3.214228E-05,6.837825E-06,6.712408E-07
22.95732,40.61305,0.00000,9.245290E-01,8.874607E-01,8.333457E-01,7.677721E-01,6.906248E-01,6.030463E-01,5.083421E-01,4.113109E-01,3.171901E-01,2.283135E-01,1.578690E-01,1.056961E-01,6.714698E-02,4.190846E-02,2.548386E-02,1.499880E-02,8.572611E-03,4.442600E-03,2.073542E-03,8.820062E-04,3.334031E-04,1.120429E-04,3.202754E-05,6.809921E-06,6.647064E-07
22.95731,40.61260,0.00000,9.245507E-01,8.874943E-01,8.333805E-01,7.678057E-01,6.906584E-01,6.030763E-01,5.083665E-01,4.113269E-01,3.172377E-01,2.283120E-01,1.578632E-01,1.057152E-01,6.715979E-02,4.190338E-02,2.547961E-02,1.499443E-02,8.567803E-03,4.443609E-03,2.074041E-03,8.822263E-04,3.334903E-04,1.114111E-04,3.180936E-05,6.756715E-06,6.522204E-07
22.95740,40.61199,0.00000,9.245797E-01,8.875392E-01,8.334295E-01,7.678536E-01,6.907072E-01,6.031216E-01,5.084043E-01,4.113569E-01,3.173038E-01,2.283182E-01,1.578620E-01,1.057432E-01,6.717919E-02,4.189880E-02,2.547495E-02,1.498920E-02,8.561849E-03,4.445138E-03,2.074826E-03,8.825853E-04,3.336432E-04,1.106428E-04,3.154341E-05,6.691941E-06,6.368835E-07
22.95778,40.60661,0.00000,9.252321E-01,8.883408E-01,8.345389E-01,7.689546E-01,6.918621E-01,6.042640E-01,5.094727E-01,4.122916E-01,3.185470E-01,2.288270E-01,1.582322E-01,1.061977E-01,6.742386E-02,4.198036E-02,2.551093E-02,1.498401E-02,8.523927E-03,4.480429E-03,2.093307E-03,8.915099E-04,3.376150E-04,1.097815E-04,2.949869E-05,6.052221E-06,6.053196E-07
22.95789,40.60621,0.00000,9.252509E-01,8.883696E-01,8.345711E-01,7.689871E-01,6.918956E-01,6.042957E-01,5.094999E-01,4.123135E-01,3.185916E-01,2.288336E-01,1.582602E-01,1.061954E-01,6.743754E-02,4.197822E-02,2.550794E-02,1.497969E-02,8.518390E-03,4.481689E-03,2.094007E-03,8.918670E-04,3.377902E-04,1.098597E-04,2.953017E-05,6.001060E-06,6.093920E-07
22.95800,40.60584,0.00000,9.252685E-01,8.883963E-01,8.346013E-01,7.690173E-01,6.919269E-01,6.043257E-01,5.095268E-01,4.123355E-01,3.186323E-01,2.288406E-01,1.582861E-01,1.061937E-01,6.745014E-02,4.197646E-02,2.550524E-02,1.497570E-02,8.513259E-03,4.482880E-03,2.094672E-03,8.922066E-04,3.379589E-04,1.099348E-04,2.956034E-05,5.953621E-06,6.132608E-07
22.95821,40.60511,0.00000,9.253018E-01,8.884484E-01,8.346530E-01,7.690615E-01,6.919713E-01,6.043674E-01,5.095651E-01,4.123676E-01,3.187139E-01,2.288521E-01,1.583374E-01,1.061905E-01,6.747515E-02,4.197263E-02,2.549976E-02,1.496756E-02,8.502742E-03,4.485257E-03,2.096006E-03,8.928887E-04,3.382984E-04,1.100882E-04,2.962111E-05,5.969307E-06,6.209370E-07
22.95889,40.60270,0.00000,9.340824E-01,9.022623E-01,8.531746E-01,7.927213E-01,7.200167E-01,6.358907E-01,5.432160E-01,4.462289E-01,3.505978E-01,2.578892E-01,1.813110E-01,1.228484E-01,8.041740E-02,4.998717E-02,3.041831E-02,1.805768E-02,1.035840E-02,5.737998E-03,2.766543E-03,1.220370E-03,4.839279E-04,1.670026E-04,4.843773E-05,1.098989E-05,1.659427E-06
22.95893,40.60249,0.00000,9.340909E-01,9.022732E-01,8.531899E-01,7.927374E-01,7.200332E-01,6.359064E-01,5.432300E-01,4.462403E-01,3.506055E-01,2.579096E-01,1.813268E-01,1.228600E-01,8.042541E-02,4.998512E-02,3.041642E-02,1.805517E-02,1.035507E-02,5.734171E-03,2.767026E-03,1.220636E-03,4.840590E-04,1.670742E-04,4.846546E-05,1.100075E-05,1.661827E-06
22.95889,40.60226,0.00000,9.341002E-01,9.022848E-01,8.532061E-01,7.927532E-01,7.200492E-01,6.359211E-01,5.432414E-01,4.462472E-01,3.506079E-01,2.579302E-01,1.813420E-01,1.228710E-01,8.043270E-02,4.998076E-02,3.041304E-02,1.805153E-02,1.035074E-02,5.729373E-03,2.767469E-03,1.220876E-03,4.841757E-04,1.671375E-04,4.848969E-05,1.101017E-05,1.663765E-06
22.95859,40.60107,0.00000,9.357252E-01,9.023532E-01,8.532984E-01,7.928500E-01,7.201489E-01,6.360101E-01,5.433091E-01,4.462861E-01,3.506185E-01,2.580348E-01,1.814194E-01,1.229255E-01,8.044908E-02,4.995576E-02,3.039385E-02,1.803145E-02,1.032725E-02,5.703598E-03,2.769695E-03,1.222081E-03,4.847632E-04,1.674591E-04,4.861036E-05,1.105807E-05,1.674253E-06
22.95850,40.60070,0.00000,9.357387E-01,9.023715E-01,8.533237E-01,7.928747E-01,7.201728E-01,6.360317E-01,5.433254E-01,4.462952E-01,3.506208E-01,2.585871E-01,1.814437E-01,1.229427E-01,8.044203E-02,4.994802E-02,3.038784E-02,1.802513E-02,1.031988E-02,5.695508E-03,2.770402E-03,1.222466E-03,4.849536E-04,1.675633E-04,4.864906E-05,1.107336E-05,1.678073E-06
22.95838,40.60025,0.00000,9.365268E-01,9.023901E-01,8.533508E-01,7.928970E-01,7.201934E-01,6.360484E-01,5.433356E-01,4.462990E-01,3.506176E-01,2.586274E-01,1.817163E-01,1.230743E-01,8.051547E-02,4.993829E-02,3.038035E-02,1.801732E-02,1.031077E-02,5.685539E-03,2.771261E-03,1.222931E-03,4.851861E-04,1.676892E-04,4.869570E-05,1.109184E-05,1.682645E-06
22.95832,40.59984,0.00000,9.351282E-01,9.007383E-01,8.509889E-01,7.898805E-01,7.165837E-01,6.319523E-01,5.389177E-01,4.417982E-01,3.463344E-01,2.545841E-01,1.785063E-01,1.206659E-01,7.874704E-02,4.886774E-02,2.967177E-02,1.756382E-02,1.002997E-02,5.516422E-03,2.674042E-03,1.174876E-03,4.635479E-04,1.590933E-04,4.579313E-05,1.027934E-05,1.510042E-06
22.95829,40.59957,0.00000,9.351429E-01,9.007494E-01,8.510055E-01,7.898938E-01,7.165959E-01,6.319621E-01,5.389247E-01,4.418016E-01,3.463351E-01,2.546087E-01,1.785248E-01,1.206792E-01,7.875590E-02,4.886306E-02,2.966787E-02,1.755946E-02,1.002471E-02,5.510673E-03,2.674600E-03,1.175183E-03,4.637039E-04,1.591733E-04,4.582425E-05,1.029179E-05,1.512979E-06
22.95825,40.59939,0.00000,9.351526E-01,9.007574E-01,8.510171E-01,7.899038E-01,7.166055E-01,6.319697E-01,5.389302E-01,4.418046E-01,3.463349E-01,2.546246E-01,1.785365E-01,1.206874E-01,7.876145E-02,4.885934E-02,2.966503E-02,1.755636E-02,1.002105E-02,5.506703E-03,2.674951E-03,1.175375E-03,4.638015E-04,1.592240E-04,4.584360E-05,1.029948E-05,1.514781E-06
22.95821,40.59916,0.00000,9.351652E-01,9.007690E-01,8.510330E-01,7.899193E-01,7.166212E-01,6.319836E-01,5.389409E-01,4.418110E-01,3.463369E-01,2.546455E-01,1.785520E-01,1.206982E-01,7.876862E-02,4.885487E-02,2.966149E-02,1.755247E-02,1.001645E-02,5.501698E-03,2.675416E-03,1.175630E-03,4.639302E-04,1.592912E-04,4.586937E-05,1.030969E-05,1.517173E-06
22.95819,40.59906,0.00000,9.351707E-01,9.007739E-01,8.510400E-01,7.899257E-01,7.166279E-01,6.319897E-01,5.389454E-01,4.418136E-01,3.463372E-01,2.546541E-01,1.785583E-01,1.207028E-01,7.877174E-02,4.885281E-02,2.965988E-02,1.755074E-02,1.001441E-02,5.499492E-03,2.675615E-03,1.175740E-03,4.639859E-04,1.593200E-04,4.588045E-05,1.031405E-05,1.518193E-06
22.95819,40.59887,0.00000,9.351808E-01,9.007835E-01,8.510535E-01,7.899396E-01,7.166417E-01,6.320025E-01,5.389562E-01,4.418212E-01,3.463416E-01,2.546718E-01,1.785719E-01,1.207126E-01,7.877569E-02,4.885004E-02,2.965744E-02,1.754787E-02,1.001085E-02,5.495562E-03,2.676037E-03,1.175971E-03,4.641047E-04,1.593819E-04,4.590443E-05,1.032358E-05,1.520435E-06
22.95822,40.59873,0.00000,9.351882E-01,9.008154E-01,8.510940E-01,7.899995E-01,7.167137E-01,6.320797E-01,5.390281E-01,4.418770E-01,3.463773E-01,2.546860E-01,1.785823E-01,1.207202E-01,7.877462E-02,4.884866E-02,2.965616E-02,1.754603E-02,1.000844E-02,5.492858E-03,2.676382E-03,1.176162E-03,4.642041E-04,1.594336E-04,4.592451E-05,1.033160E-05,1.522330E-06
22.95827,40.59856,0.00000,9.351972E-01,9.008243E-01,8.511067E-01,7.900125E-01,7.167284E-01,6.320932E-01,5.390403E-01,4.418873E-01,3.463846E-01,2.547027E-01,1.785955E-01,1.207301E-01,7.877815E-02,4.884731E-02,2.965476E-02,1.754399E-02,1.000563E-02,5.489662E-03,2.676816E-03,1.176406E-03,4.643295E-04,1.594990E-04,4.595000E-05,1.034179E-05,1.524743E-06
22.95838,40.59836,0.00000,9.349543E-01,9.005450E-01,8.506972E-01,7.895547E-01,7.161878E-01,6.314871E-01,5.383899E-01,4.412272E-01,3.457605E-01,2.541144E-01,1.781310E-01,1.203800E-01,7.853130E-02,4.869084E-02,2.954980E-02,1.747612E-02,9.962585E-03,5.462813E-03,2.663093E-03,1.169674E-03,4.613253E-04,1.583242E-04,4.555859E-05,1.023632E-05,1.502551E-06
22.95849,40.59815,0.00000,9.349652E-01,9.005565E-01,8.507138E-01,7.895725E-01,7.162070E-01,6.315060E-01,5.384078E-01,4.412430E-01,3.457735E-01,2.541363E-01,1.781483E-01,1.203928E-01,7.854053E-02,4.869031E-02,2.954884E-02,1.747398E-02,9.959466E-03,5.459144E-03,2.663682E-03,1.170006E-03,4.614974E-04,1.584146E-04,4.559377E-05,1.025049E-05,1.505916E-06
22.95859,40.59801,0.00000,9.349724E-01,9.005642E-01,8.507254E-01,7.895840E-01,7.162205E-01,6.315201E-01,5.384210E-01,4.412558E-01,3.457838E-01,2.541516E-01,1.781603E-01,1.204021E-01,7.854383E-02,4.869070E-02,2.954857E-02,1.747286E-02,9.957563E-03,5.456867E-03,2.664105E-03,1.170245E-03,4.616230E-04,1.584803E-04,4.561938E-05,1.026083E-05,1.508381E-06
22.95879,40.59784,0.00000,9.349808E-01,9.005741E-01,8.507397E-01,7.896011E-01,7.162395E-01,6.315404E-01,5.384429E-01,4.412761E-01,3.458024E-01,2.541717E-01,1.781767E-01,1.204149E-01,7.854860E-02,4.869301E-02,2.954956E-02,1.747227E-02,9.955845E-03,5.454560E-03,2.664705E-03,1.170589E-03,4.618042E-04,1.585756E-04,4.565669E-05,1.027600E-05,1.512028E-06
22.95986,40.59690,0.00000,9.350274E-01,9.007066E-01,8.508937E-01,7.898533E-01,7.165491E-01,6.318902E-01,5.387962E-01,4.415905E-01,3.460447E-01,2.542833E-01,1.782675E-01,1.204849E-01,7.859564E-02,4.870466E-02,2.955424E-02,1.746861E-02,9.945846E-03,5.443644E-03,2.668023E-03,1.172514E-03,4.628070E-04,1.591042E-04,4.586288E-05,1.035949E-05,1.533922E-06
22.96044,40.59592,0.00000,9.350779E-01,9.007570E-01,8.509673E-01,7.899302E-01,7.166330E-01,6.319754E-01,5.388780E-01,4.416656E-01,3.461058E-01,2.543878E-01,1.783499E-01,1.205470E-01,7.861786E-02,4.870375E-02,2.955051E-02,1.745902E-02,9.931119E-03,5.426858E-03,2.670940E-03,1.174194E-03,4.636891E-04,1.595597E-04,4.603933E-05,1.042993E-05,1.554673E-06
22.96075,40.59506,0.00000,9.351230E-01,9.008024E-01,8.510324E-01,7.899987E-01,7.167056E-01,6.320478E-01,5.389437E-01,4.417204E-01,3.461471E-01,2.544751E-01,1.784178E-01,1.205975E-01,7.864945E-02,4.869794E-02,2.954397E-02,1.744843E-02,9.916605E-03,5.410355E-03,2.673320E-03,1.175555E-03,4.644020E-04,1.599247E-04,4.618027E-05,1.048553E-05,1.571495E-06
22.96113,40.59399,0.00000,9.351788E-01,9.008825E-01,8.511444E-01,7.901263E-01,7.168459E-01,6.321846E-01,5.390631E-01,4.418133E-01,3.462102E-01,2.545841E-01,1.785024E-01,1.206603E-01,7.869346E-02,4.869046E-02,2.953563E-02,1.743513E-02,9.898381E-03,5.389775E-03,2.676314E-03,1.177288E-03,4.653037E-04,1.603850E-04,4.635693E-05,1.055488E-05,1.592652E-06
22.96126,40.59380,0.00000,9.351884E-01,9.008930E-01,8.511590E-01,7.901428E-01,7.168638E-01,6.322033E-01,5.390806E-01,4.418290E-01,3.462244E-01,2.546048E-01,1.785189E-01,1.206726E-01,7.869993E-02,4.869055E-02,2.953514E-02,1.743335E-02,9.895608E-03,5.386463E-03,2.676922E-03,1.177641E-03,4.654889E-04,1.604805E-04,4.639370E-05,1.056941E-05,1.597121E-06
22.96144,40.59364,0.00000,9.351963E-01,9.009021E-01,8.511726E-01,7.901583E-01,7.168817E-01,6.322221E-01,5.391005E-01,4.418484E-01,3.462404E-01,2.546240E-01,1.785343E-01,1.206845E-01,7.870395E-02,4.869248E-02,2.953579E-02,1.743265E-02,9.893721E-03,5.384042E-03,2.677512E-03,1.177989E-03,4.656724E-04,1.605763E-04,4.643082E-05,1.058412E-05,1.601688E-06
22.96236,40.59307,0.00000,9.352233E-01,9.009361E-01,8.512247E-01,7.902194E-01,7.169538E-01,6.323019E-01,5.391844E-01,4.419333E-01,3.463214E-01,2.546971E-01,1.785956E-01,1.207330E-01,7.872909E-02,4.870639E-02,2.954285E-02,1.743280E-02,9.889002E-03,5.376797E-03,2.679973E-03,1.179428E-03,4.664373E-04,1.609790E-04,4.659828E-05,1.064646E-05,1.621194E-06
22.96291,40.59285,0.00000,9.352331E-01,9.009505E-01,8.512468E-01,7.902474E-01,7.169880E-01,6.323415E-01,5.392289E-01,4.419799E-01,3.463662E-01,2.547295E-01,1.786238E-01,1.207557E-01,7.874620E-02,4.871674E-02,2.954875E-02,1.743484E-02,9.888497E-03,5.374898E-03,2.681150E-03,1.180123E-03,4.668102E-04,1.611773E-04,4.668099E-05,1.067746E-05,1.631000E-06
22.96330,40.59276,0.00000,9.352365E-01,9.009574E-01,8.512579E-01,7.902621E-01,7.170072E-01,6.323647E-01,5.392560E-01,4.420102E-01,3.463967E-01,2.547463E-01,1.786389E-01,1.207685E-01,7.875956E-02,4.872502E-02,2.955384E-02,1.743738E-02,9.889373E-03,5.374901E-03,2.681821E-03,1.180524E-03,4.670275E-04,1.612939E-04,4.673121E-05,1.069596E-05,1.636891E-06
22.96369,40.59274,0.00000,9.352361E-01,9.009605E-01,8.512640E-01,7.902724E-01,7.170211E-01,6.323831E-01,5.392794E-01,4.420371E-01,3.464267E-01,2.547573E-01,1.786491E-01,1.207775E-01,7.877408E-02,4.873465E-02,2.955996E-02,1.744107E-02,9.891625E-03,5.376355E-03,2.682320E-03,1.180828E-03,4.671935E-04,1.613847E-04,4.677075E-05,1.071068E-05,1.641653E-06
22.96737,40.59314,0.00000,9.329851E-01,8.974367E-01,8.461862E-01,7.841314E-01,7.097690E-01,6.242464E-01,5.305761E-01,4.332272E-01,3.380974E-01,2.465556E-01,1.721927E-01,1.159614E-01,7.524103E-02,4.653407E-02,2.822678E-02,1.659727E-02,9.382817E-03,5.085162E-03,2.493812E-03,1.088265E-03,4.259706E-04,1.452798E-04,4.140650E-05,9.247043E-06,1.353456E-06
22.96836,40.59325,0.00000,9.329793E-01,8.974370E-01,8.461905E-01,7.841457E-01,7.097935E-01,6.242843E-01,5.306277E-01,4.332915E-01,3.381682E-01,2.465677E-01,1.722071E-01,1.159759E-01,7.525391E-02,4.654439E-02,2.824426E-02,1.660876E-02,9.390823E-03,5.091096E-03,2.494604E-03,1.088766E-03,4.262459E-04,1.454331E-04,4.146835E-05,9.273079E-06,1.361039E-06
22.96885,40.59330,0.00000,9.329765E-01,8.974373E-01,8.461931E-01,7.841534E-01,7.098063E-01,6.243028E-01,5.306531E-01,4.333237E-01,3.382033E-01,2.465739E-01,1.722145E-01,1.159833E-01,7.526047E-02,4.654954E-02,2.825285E-02,1.661436E-02,9.394645E-03,5.093854E-03,2.495003E-03,1.089015E-03,4.263826E-04,1.455096E-04,4.149881E-05,9.285958E-06,1.364742E-06
22.96946,40.59337,0.00000,9.329728E-01,8.974372E-01,8.461960E-01,7.841620E-01,7.098212E-01,6.243258E-01,5.306842E-01,4.333634E-01,3.382476E-01,2.465803E-01,1.722232E-01,1.159921E-01,7.526826E-02,4.655585E-02,2.826375E-02,1.662145E-02,9.399525E-03,5.097367E-03,2.495483E-03,1.089313E-03,4.265457E-04,1.456010E-04,4.153501E-05,9.301284E-06,1.369123E-06
22.96993,40.59342,0.00000,9.329701E-01,8.974259E-01,8.461874E-01,7.841470E-01,7.098083E-01,6.243189E-01,5.306888E-01,4.333806E-01,3.382748E-01,2.465860E-01,1.722303E-01,1.159990E-01,7.527440E-02,4.656078E-02,2.827218E-02,1.662686E-02,9.403137E-03,5.099928E-03,2.495857E-03,1.089544E-03,4.266723E-04,1.456721E-04,4.156284E-05,9.313057E-06,1.372955E-06
